{"level":"info","message":"Connected to MongoDB","service":"visual-whiteboard-api","timestamp":"2026-05-07 18:16:31"}
{"level":"info","message":"Server running in development mode on port 5000","service":"visual-whiteboard-api","timestamp":"2026-05-07 18:16:31"}
{"level":"info","message":"::1 - - [07/May/2026:12:46:50 +0000] \"POST /api/v1/auth/register HTTP/1.1\" 400 172 \"http://localhost:5173/\" \"Mozilla/5.0 (Windows NT 10.0; Win64; x64) AppleWebKit/537.36 (KHTML, like Gecko) Chrome/147.0.0.0 Safari/537.36\"","service":"visual-whiteboard-api","timestamp":"2026-05-07 18:16:50"}
{"level":"info","message":"::1 - - [07/May/2026:12:47:22 +0000] \"POST /api/v1/auth/register HTTP/1.1\" 400 96 \"http://localhost:5173/\" \"Mozilla/5.0 (Windows NT 10.0; Win64; x64) AppleWebKit/537.36 (KHTML, like Gecko) Chrome/147.0.0.0 Safari/537.36\"","service":"visual-whiteboard-api","timestamp":"2026-05-07 18:17:22"}
{"level":"info","message":"::1 - - [07/May/2026:12:47:24 +0000] \"POST /api/v1/auth/register HTTP/1.1\" 400 96 \"http://localhost:5173/\" \"Mozilla/5.0 (Windows NT 10.0; Win64; x64) AppleWebKit/537.36 (KHTML, like Gecko) Chrome/147.0.0.0 Safari/537.36\"","service":"visual-whiteboard-api","timestamp":"2026-05-07 18:17:24"}
{"level":"info","message":"::1 - - [07/May/2026:12:47:25 +0000] \"POST /api/v1/auth/login HTTP/1.1\" 401 55 \"http://localhost:5173/\" \"Mozilla/5.0 (Windows NT 10.0; Win64; x64) AppleWebKit/537.36 (KHTML, like Gecko) Chrome/147.0.0.0 Safari/537.36\"","service":"visual-whiteboard-api","timestamp":"2026-05-07 18:17:25"}
{"level":"info","message":"::1 - - [07/May/2026:12:47:29 +0000] \"POST /api/v1/auth/register HTTP/1.1\" 400 96 \"http://localhost:5173/\" \"Mozilla/5.0 (Windows NT 10.0; Win64; x64) AppleWebKit/537.36 (KHTML, like Gecko) Chrome/147.0.0.0 Safari/537.36\"","service":"visual-whiteboard-api","timestamp":"2026-05-07 18:17:29"}
{"level":"info","message":"::1 - - [07/May/2026:12:47:31 +0000] \"POST /api/v1/auth/login HTTP/1.1\" 401 55 \"http://localhost:5173/\" \"Mozilla/5.0 (Windows NT 10.0; Win64; x64) AppleWebKit/537.36 (KHTML, like Gecko) Chrome/147.0.0.0 Safari/537.36\"","service":"visual-whiteboard-api","timestamp":"2026-05-07 18:17:31"}
{"level":"info","message":"::1 - - [07/May/2026:12:48:11 +0000] \"POST /api/v1/auth/register HTTP/1.1\" 400 172 \"http://localhost:5173/\" \"Mozilla/5.0 (Windows NT 10.0; Win64; x64) AppleWebKit/537.36 (KHTML, like Gecko) Chrome/147.0.0.0 Safari/537.36\"","service":"visual-whiteboard-api","timestamp":"2026-05-07 18:18:11"}
{"level":"error","message":"TypeError: next is not a function\n    at model.<anonymous> (D:\\Dhanush\\javaScriptNode\\rove\\backend\\src\\models\\User.js:52:3)\n    at async Kareem.execPre (D:\\Dhanush\\javaScriptNode\\rove\\backend\\node_modules\\kareem\\index.js:61:24)\n    at async model.$__save (D:\\Dhanush\\javaScriptNode\\rove\\backend\\node_modules\\mongoose\\lib\\model.js:397:5)\n    at async model.save (D:\\Dhanush\\javaScriptNode\\rove\\backend\\node_modules\\mongoose\\lib\\model.js:667:5)\n    at async model.create (D:\\Dhanush\\javaScriptNode\\rove\\backend\\node_modules\\mongoose\\lib\\model.js:2747:5)\n    at async register (D:\\Dhanush\\javaScriptNode\\rove\\backend\\src\\controllers\\auth.controller.js:48:18)","service":"visual-whiteboard-api","timestamp":"2026-05-07 18:18:52"}
{"level":"info","message":"::1 - - [07/May/2026:12:48:52 +0000] \"POST /api/v1/auth/register HTTP/1.1\" 500 770 \"-\" \"node\"","service":"visual-whiteboard-api","timestamp":"2026-05-07 18:18:52"}
{"level":"info","message":"Connected to MongoDB","service":"visual-whiteboard-api","timestamp":"2026-05-07 18:19:08"}
{"level":"info","message":"Server running in development mode on port 5000","service":"visual-whiteboard-api","timestamp":"2026-05-07 18:19:08"}
{"level":"info","message":"::1 - - [07/May/2026:12:49:57 +0000] \"POST /api/v1/auth/register HTTP/1.1\" 400 172 \"http://localhost:5173/\" \"Mozilla/5.0 (Windows NT 10.0; Win64; x64) AppleWebKit/537.36 (KHTML, like Gecko) Chrome/147.0.0.0 Safari/537.36\"","service":"visual-whiteboard-api","timestamp":"2026-05-07 18:19:57"}
{"level":"info","message":"::1 - - [07/May/2026:12:50:12 +0000] \"POST /api/v1/auth/register HTTP/1.1\" 400 172 \"http://localhost:5173/\" \"Mozilla/5.0 (Windows NT 10.0; Win64; x64) AppleWebKit/537.36 (KHTML, like Gecko) Chrome/147.0.0.0 Safari/537.36\"","service":"visual-whiteboard-api","timestamp":"2026-05-07 18:20:12"}
{"level":"info","message":"::1 - - [07/May/2026:12:50:20 +0000] \"POST /api/v1/auth/register HTTP/1.1\" 400 172 \"http://localhost:5173/\" \"Mozilla/5.0 (Windows NT 10.0; Win64; x64) AppleWebKit/537.36 (KHTML, like Gecko) Chrome/147.0.0.0 Safari/537.36\"","service":"visual-whiteboard-api","timestamp":"2026-05-07 18:20:20"}
{"level":"info","message":"::1 - - [07/May/2026:12:51:45 +0000] \"POST /api/v1/auth/register HTTP/1.1\" 201 408 \"-\" \"node\"","service":"visual-whiteboard-api","timestamp":"2026-05-07 18:21:45"}
{"level":"info","message":"::1 - - [07/May/2026:12:51:55 +0000] \"POST /api/v1/auth/register HTTP/1.1\" 400 228 \"-\" \"node\"","service":"visual-whiteboard-api","timestamp":"2026-05-07 18:21:55"}
{"level":"info","message":"::1 - - [07/May/2026:12:52:07 +0000] \"POST /api/v1/auth/register HTTP/1.1\" 400 49 \"-\" \"node\"","service":"visual-whiteboard-api","timestamp":"2026-05-07 18:22:07"}
{"level":"info","message":"::1 - - [07/May/2026:12:52:57 +0000] \"POST /api/v1/auth/register HTTP/1.1\" 201 393 \"http://localhost:5173/\" \"Mozilla/5.0 (Windows NT 10.0; Win64; x64) AppleWebKit/537.36 (KHTML, like Gecko) Chrome/147.0.0.0 Safari/537.36\"","service":"visual-whiteboard-api","timestamp":"2026-05-07 18:22:57"}
{"level":"info","message":"::1 - - [07/May/2026:12:53:17 +0000] \"POST /api/v1/whiteboards HTTP/1.1\" 201 244 \"http://localhost:5173/\" \"Mozilla/5.0 (Windows NT 10.0; Win64; x64) AppleWebKit/537.36 (KHTML, like Gecko) Chrome/147.0.0.0 Safari/537.36\"","service":"visual-whiteboard-api","timestamp":"2026-05-07 18:23:17"}
{"level":"info","message":"::1 - - [07/May/2026:12:53:17 +0000] \"GET /api/v1/whiteboards HTTP/1.1\" 200 258 \"http://localhost:5173/\" \"Mozilla/5.0 (Windows NT 10.0; Win64; x64) AppleWebKit/537.36 (KHTML, like Gecko) Chrome/147.0.0.0 Safari/537.36\"","service":"visual-whiteboard-api","timestamp":"2026-05-07 18:23:17"}
{"level":"info","message":"::1 - - [07/May/2026:12:53:28 +0000] \"GET /api/v1/whiteboards HTTP/1.1\" 304 - \"http://localhost:5173/\" \"Mozilla/5.0 (Windows NT 10.0; Win64; x64) AppleWebKit/537.36 (KHTML, like Gecko) Chrome/147.0.0.0 Safari/537.36\"","service":"visual-whiteboard-api","timestamp":"2026-05-07 18:23:28"}
{"level":"info","message":"::1 - - [07/May/2026:12:53:38 +0000] \"POST /api/v1/auth/login HTTP/1.1\" 200 393 \"http://localhost:5173/\" \"Mozilla/5.0 (Windows NT 10.0; Win64; x64) AppleWebKit/537.36 (KHTML, like Gecko) Chrome/147.0.0.0 Safari/537.36\"","service":"visual-whiteboard-api","timestamp":"2026-05-07 18:23:38"}
{"level":"info","message":"Graceful shutdown initiated...","service":"visual-whiteboard-api","timestamp":"2026-05-07 18:40:05"}
{"level":"info","message":"Connected to MongoDB","service":"visual-whiteboard-api","timestamp":"2026-05-14 18:29:23"}
{"level":"info","message":"Server running in development mode on port 5000","service":"visual-whiteboard-api","timestamp":"2026-05-14 18:29:23"}
{"level":"info","message":"::1 - - [14/May/2026:13:01:30 +0000] \"POST /api/v1/auth/login HTTP/1.1\" 401 55 \"http://localhost:5173/\" \"Mozilla/5.0 (Windows NT 10.0; Win64; x64) AppleWebKit/537.36 (KHTML, like Gecko) Chrome/148.0.0.0 Safari/537.36\"","service":"visual-whiteboard-api","timestamp":"2026-05-14 18:31:30"}
{"level":"info","message":"::1 - - [14/May/2026:13:01:38 +0000] \"POST /api/v1/auth/login HTTP/1.1\" 401 55 \"http://localhost:5173/\" \"Mozilla/5.0 (Windows NT 10.0; Win64; x64) AppleWebKit/537.36 (KHTML, like Gecko) Chrome/148.0.0.0 Safari/537.36\"","service":"visual-whiteboard-api","timestamp":"2026-05-14 18:31:38"}
{"level":"info","message":"::1 - - [14/May/2026:13:01:51 +0000] \"POST /api/v1/auth/login HTTP/1.1\" 401 55 \"http://localhost:5173/\" \"Mozilla/5.0 (Windows NT 10.0; Win64; x64) AppleWebKit/537.36 (KHTML, like Gecko) Chrome/148.0.0.0 Safari/537.36\"","service":"visual-whiteboard-api","timestamp":"2026-05-14 18:31:51"}
{"level":"info","message":"::1 - - [14/May/2026:13:04:45 +0000] \"POST /api/v1/auth/register HTTP/1.1\" 400 172 \"http://localhost:5173/\" \"Mozilla/5.0 (Windows NT 10.0; Win64; x64) AppleWebKit/537.36 (KHTML, like Gecko) Chrome/148.0.0.0 Safari/537.36\"","service":"visual-whiteboard-api","timestamp":"2026-05-14 18:34:45"}
{"level":"info","message":"::1 - - [14/May/2026:13:05:36 +0000] \"POST /api/v1/auth/register HTTP/1.1\" 201 392 \"http://localhost:5173/\" \"Mozilla/5.0 (Windows NT 10.0; Win64; x64) AppleWebKit/537.36 (KHTML, like Gecko) Chrome/148.0.0.0 Safari/537.36\"","service":"visual-whiteboard-api","timestamp":"2026-05-14 18:35:36"}
{"level":"info","message":"::1 - - [14/May/2026:13:05:40 +0000] \"POST /api/v1/whiteboards HTTP/1.1\" 201 244 \"http://localhost:5173/\" \"Mozilla/5.0 (Windows NT 10.0; Win64; x64) AppleWebKit/537.36 (KHTML, like Gecko) Chrome/148.0.0.0 Safari/537.36\"","service":"visual-whiteboard-api","timestamp":"2026-05-14 18:35:40"}
{"level":"info","message":"::1 - - [14/May/2026:13:05:40 +0000] \"GET /api/v1/whiteboards HTTP/1.1\" 200 258 \"http://localhost:5173/\" \"Mozilla/5.0 (Windows NT 10.0; Win64; x64) AppleWebKit/537.36 (KHTML, like Gecko) Chrome/148.0.0.0 Safari/537.36\"","service":"visual-whiteboard-api","timestamp":"2026-05-14 18:35:40"}
{"level":"info","message":"::1 - - [14/May/2026:13:05:44 +0000] \"GET /api/v1/whiteboards HTTP/1.1\" 304 - \"http://localhost:5173/\" \"Mozilla/5.0 (Windows NT 10.0; Win64; x64) AppleWebKit/537.36 (KHTML, like Gecko) Chrome/148.0.0.0 Safari/537.36\"","service":"visual-whiteboard-api","timestamp":"2026-05-14 18:35:44"}
{"level":"info","message":"::1 - - [14/May/2026:13:05:50 +0000] \"POST /api/v1/auth/login HTTP/1.1\" 200 392 \"http://localhost:5173/\" \"Mozilla/5.0 (Windows NT 10.0; Win64; x64) AppleWebKit/537.36 (KHTML, like Gecko) Chrome/148.0.0.0 Safari/537.36\"","service":"visual-whiteboard-api","timestamp":"2026-05-14 18:35:50"}
{"level":"info","message":"::1 - - [14/May/2026:13:05:54 +0000] \"GET /api/v1/whiteboards HTTP/1.1\" 304 - \"http://localhost:5173/\" \"Mozilla/5.0 (Windows NT 10.0; Win64; x64) AppleWebKit/537.36 (KHTML, like Gecko) Chrome/148.0.0.0 Safari/537.36\"","service":"visual-whiteboard-api","timestamp":"2026-05-14 18:35:54"}
{"level":"info","message":"Connected to MongoDB","service":"visual-whiteboard-api","timestamp":"2026-05-14 18:39:48"}
{"level":"info","message":"Server running in development mode on port 5000","service":"visual-whiteboard-api","timestamp":"2026-05-14 18:39:48"}
{"level":"info","message":"Connected to MongoDB","service":"visual-whiteboard-api","timestamp":"2026-05-14 18:39:50"}
{"level":"info","message":"Server running in development mode on port 5000","service":"visual-whiteboard-api","timestamp":"2026-05-14 18:39:50"}
{"level":"info","message":"Connected to MongoDB","service":"visual-whiteboard-api","timestamp":"2026-05-14 18:40:10"}
{"level":"info","message":"Server running in development mode on port 5000","service":"visual-whiteboard-api","timestamp":"2026-05-14 18:40:10"}
{"level":"info","message":"Connected to MongoDB","service":"visual-whiteboard-api","timestamp":"2026-05-14 18:40:12"}
{"level":"info","message":"Server running in development mode on port 5000","service":"visual-whiteboard-api","timestamp":"2026-05-14 18:40:12"}
{"level":"info","message":"Connected to MongoDB","service":"visual-whiteboard-api","timestamp":"2026-05-14 18:40:40"}
{"code":"ECONNREFUSED","level":"error","message":"Redis Client Error","service":"visual-whiteboard-api","stack":"AggregateError [ECONNREFUSED]: \n    at internalConnectMultiple (node:net:1142:49)\n    at afterConnectMultiple (node:net:1723:7)","timestamp":"2026-05-14 18:40:40"}
{"code":"ECONNREFUSED","level":"error","message":"Redis Client Error","service":"visual-whiteboard-api","stack":"AggregateError [ECONNREFUSED]: \n    at internalConnectMultiple (node:net:1142:49)\n    at afterConnectMultiple (node:net:1723:7)","timestamp":"2026-05-14 18:40:40"}
{"code":"ECONNREFUSED","level":"error","message":"Redis Client Error","service":"visual-whiteboard-api","stack":"AggregateError [ECONNREFUSED]: \n    at internalConnectMultiple (node:net:1142:49)\n    at afterConnectMultiple (node:net:1723:7)","timestamp":"2026-05-14 18:40:40"}
{"code":"ECONNREFUSED","level":"error","message":"Redis Client Error","service":"visual-whiteboard-api","stack":"AggregateError [ECONNREFUSED]: \n    at internalConnectMultiple (node:net:1142:49)\n    at afterConnectMultiple (node:net:1723:7)","timestamp":"2026-05-14 18:40:41"}
{"code":"ECONNREFUSED","level":"error","message":"Redis Client Error","service":"visual-whiteboard-api","stack":"AggregateError [ECONNREFUSED]: \n    at internalConnectMultiple (node:net:1142:49)\n    at afterConnectMultiple (node:net:1723:7)","timestamp":"2026-05-14 18:40:41"}
{"code":"ECONNREFUSED","level":"error","message":"Redis Client Error","service":"visual-whiteboard-api","stack":"AggregateError [ECONNREFUSED]: \n    at internalConnectMultiple (node:net:1142:49)\n    at afterConnectMultiple (node:net:1723:7)","timestamp":"2026-05-14 18:40:42"}
{"code":"ECONNREFUSED","level":"error","message":"Redis Client Error","service":"visual-whiteboard-api","stack":"AggregateError [ECONNREFUSED]: \n    at internalConnectMultiple (node:net:1142:49)\n    at afterConnectMultiple (node:net:1723:7)","timestamp":"2026-05-14 18:40:44"}
{"code":"ECONNREFUSED","level":"error","message":"Redis Client Error","service":"visual-whiteboard-api","stack":"AggregateError [ECONNREFUSED]: \n    at internalConnectMultiple (node:net:1142:49)\n    at afterConnectMultiple (node:net:1723:7)","timestamp":"2026-05-14 18:40:46"}
{"code":"ECONNREFUSED","level":"error","message":"Redis Client Error","service":"visual-whiteboard-api","stack":"AggregateError [ECONNREFUSED]: \n    at internalConnectMultiple (node:net:1142:49)\n    at afterConnectMultiple (node:net:1723:7)","timestamp":"2026-05-14 18:40:48"}
{"code":"ECONNREFUSED","level":"error","message":"Redis Client Error","service":"visual-whiteboard-api","stack":"AggregateError [ECONNREFUSED]: \n    at internalConnectMultiple (node:net:1142:49)\n    at afterConnectMultiple (node:net:1723:7)","timestamp":"2026-05-14 18:40:50"}
{"code":"ECONNREFUSED","level":"error","message":"Redis Client Error","service":"visual-whiteboard-api","stack":"AggregateError [ECONNREFUSED]: \n    at internalConnectMultiple (node:net:1142:49)\n    at afterConnectMultiple (node:net:1723:7)","timestamp":"2026-05-14 18:40:52"}
{"code":"ECONNREFUSED","level":"error","message":"Redis Client Error","service":"visual-whiteboard-api","stack":"AggregateError [ECONNREFUSED]: \n    at internalConnectMultiple (node:net:1142:49)\n    at afterConnectMultiple (node:net:1723:7)","timestamp":"2026-05-14 18:40:54"}
{"code":"ECONNREFUSED","level":"error","message":"Redis Client Error","service":"visual-whiteboard-api","stack":"AggregateError [ECONNREFUSED]: \n    at internalConnectMultiple (node:net:1142:49)\n    at afterConnectMultiple (node:net:1723:7)","timestamp":"2026-05-14 18:40:56"}
{"code":"ECONNREFUSED","level":"error","message":"Redis Client Error","service":"visual-whiteboard-api","stack":"AggregateError [ECONNREFUSED]: \n    at internalConnectMultiple (node:net:1142:49)\n    at afterConnectMultiple (node:net:1723:7)","timestamp":"2026-05-14 18:40:58"}
{"code":"ECONNREFUSED","level":"error","message":"Redis Client Error","service":"visual-whiteboard-api","stack":"AggregateError [ECONNREFUSED]: \n    at internalConnectMultiple (node:net:1142:49)\n    at afterConnectMultiple (node:net:1723:7)","timestamp":"2026-05-14 18:41:00"}
{"code":"ECONNREFUSED","level":"error","message":"Redis Client Error","service":"visual-whiteboard-api","stack":"AggregateError [ECONNREFUSED]: \n    at internalConnectMultiple (node:net:1142:49)\n    at afterConnectMultiple (node:net:1723:7)","timestamp":"2026-05-14 18:41:02"}
{"code":"ECONNREFUSED","level":"error","message":"Redis Client Error","service":"visual-whiteboard-api","stack":"AggregateError [ECONNREFUSED]: \n    at internalConnectMultiple (node:net:1142:49)\n    at afterConnectMultiple (node:net:1723:7)","timestamp":"2026-05-14 18:41:05"}
{"code":"ECONNREFUSED","level":"error","message":"Redis Client Error","service":"visual-whiteboard-api","stack":"AggregateError [ECONNREFUSED]: \n    at internalConnectMultiple (node:net:1142:49)\n    at afterConnectMultiple (node:net:1723:7)","timestamp":"2026-05-14 18:41:07"}
{"code":"ECONNREFUSED","level":"error","message":"Redis Client Error","service":"visual-whiteboard-api","stack":"AggregateError [ECONNREFUSED]: \n    at internalConnectMultiple (node:net:1142:49)\n    at afterConnectMultiple (node:net:1723:7)","timestamp":"2026-05-14 18:41:09"}
{"code":"ECONNREFUSED","level":"error","message":"Redis Client Error","service":"visual-whiteboard-api","stack":"AggregateError [ECONNREFUSED]: \n    at internalConnectMultiple (node:net:1142:49)\n    at afterConnectMultiple (node:net:1723:7)","timestamp":"2026-05-14 18:41:11"}
{"code":"ECONNREFUSED","level":"error","message":"Redis Client Error","service":"visual-whiteboard-api","stack":"AggregateError [ECONNREFUSED]: \n    at internalConnectMultiple (node:net:1142:49)\n    at afterConnectMultiple (node:net:1723:7)","timestamp":"2026-05-14 18:41:13"}
{"code":"ECONNREFUSED","level":"error","message":"Redis Client Error","service":"visual-whiteboard-api","stack":"AggregateError [ECONNREFUSED]: \n    at internalConnectMultiple (node:net:1142:49)\n    at afterConnectMultiple (node:net:1723:7)","timestamp":"2026-05-14 18:41:15"}
{"code":"ECONNREFUSED","level":"error","message":"Redis Client Error","service":"visual-whiteboard-api","stack":"AggregateError [ECONNREFUSED]: \n    at internalConnectMultiple (node:net:1142:49)\n    at afterConnectMultiple (node:net:1723:7)","timestamp":"2026-05-14 18:41:17"}
{"code":"ECONNREFUSED","level":"error","message":"Redis Client Error","service":"visual-whiteboard-api","stack":"AggregateError [ECONNREFUSED]: \n    at internalConnectMultiple (node:net:1142:49)\n    at afterConnectMultiple (node:net:1723:7)","timestamp":"2026-05-14 18:41:19"}
{"code":"ECONNREFUSED","level":"error","message":"Redis Client Error","service":"visual-whiteboard-api","stack":"AggregateError [ECONNREFUSED]: \n    at internalConnectMultiple (node:net:1142:49)\n    at afterConnectMultiple (node:net:1723:7)","timestamp":"2026-05-14 18:41:21"}
{"code":"ECONNREFUSED","level":"error","message":"Redis Client Error","service":"visual-whiteboard-api","stack":"AggregateError [ECONNREFUSED]: \n    at internalConnectMultiple (node:net:1142:49)\n    at afterConnectMultiple (node:net:1723:7)","timestamp":"2026-05-14 18:41:23"}
{"code":"ECONNREFUSED","level":"error","message":"Redis Client Error","service":"visual-whiteboard-api","stack":"AggregateError [ECONNREFUSED]: \n    at internalConnectMultiple (node:net:1142:49)\n    at afterConnectMultiple (node:net:1723:7)","timestamp":"2026-05-14 18:41:26"}
{"code":"ECONNREFUSED","level":"error","message":"Redis Client Error","service":"visual-whiteboard-api","stack":"AggregateError [ECONNREFUSED]: \n    at internalConnectMultiple (node:net:1142:49)\n    at afterConnectMultiple (node:net:1723:7)","timestamp":"2026-05-14 18:41:28"}
{"code":"ECONNREFUSED","level":"error","message":"Redis Client Error","service":"visual-whiteboard-api","stack":"AggregateError [ECONNREFUSED]: \n    at internalConnectMultiple (node:net:1142:49)\n    at afterConnectMultiple (node:net:1723:7)","timestamp":"2026-05-14 18:41:30"}
{"code":"ECONNREFUSED","level":"error","message":"Redis Client Error","service":"visual-whiteboard-api","stack":"AggregateError [ECONNREFUSED]: \n    at internalConnectMultiple (node:net:1142:49)\n    at afterConnectMultiple (node:net:1723:7)","timestamp":"2026-05-14 18:41:32"}
{"code":"ECONNREFUSED","level":"error","message":"Redis Client Error","service":"visual-whiteboard-api","stack":"AggregateError [ECONNREFUSED]: \n    at internalConnectMultiple (node:net:1142:49)\n    at afterConnectMultiple (node:net:1723:7)","timestamp":"2026-05-14 18:41:34"}
{"code":"ECONNREFUSED","level":"error","message":"Redis Client Error","service":"visual-whiteboard-api","stack":"AggregateError [ECONNREFUSED]: \n    at internalConnectMultiple (node:net:1142:49)\n    at afterConnectMultiple (node:net:1723:7)","timestamp":"2026-05-14 18:41:36"}
{"code":"ECONNREFUSED","level":"error","message":"Redis Client Error","service":"visual-whiteboard-api","stack":"AggregateError [ECONNREFUSED]: \n    at internalConnectMultiple (node:net:1142:49)\n    at afterConnectMultiple (node:net:1723:7)","timestamp":"2026-05-14 18:41:38"}
{"code":"ECONNREFUSED","level":"error","message":"Redis Client Error","service":"visual-whiteboard-api","stack":"AggregateError [ECONNREFUSED]: \n    at internalConnectMultiple (node:net:1142:49)\n    at afterConnectMultiple (node:net:1723:7)","timestamp":"2026-05-14 18:41:41"}
{"code":"ECONNREFUSED","level":"error","message":"Redis Client Error","service":"visual-whiteboard-api","stack":"AggregateError [ECONNREFUSED]: \n    at internalConnectMultiple (node:net:1142:49)\n    at afterConnectMultiple (node:net:1723:7)","timestamp":"2026-05-14 18:41:43"}
{"code":"ECONNREFUSED","level":"error","message":"Redis Client Error","service":"visual-whiteboard-api","stack":"AggregateError [ECONNREFUSED]: \n    at internalConnectMultiple (node:net:1142:49)\n    at afterConnectMultiple (node:net:1723:7)","timestamp":"2026-05-14 18:41:45"}
{"code":"ECONNREFUSED","level":"error","message":"Redis Client Error","service":"visual-whiteboard-api","stack":"AggregateError [ECONNREFUSED]: \n    at internalConnectMultiple (node:net:1142:49)\n    at afterConnectMultiple (node:net:1723:7)","timestamp":"2026-05-14 18:41:47"}
{"code":"ECONNREFUSED","level":"error","message":"Redis Client Error","service":"visual-whiteboard-api","stack":"AggregateError [ECONNREFUSED]: \n    at internalConnectMultiple (node:net:1142:49)\n    at afterConnectMultiple (node:net:1723:7)","timestamp":"2026-05-14 18:41:49"}
{"code":"ECONNREFUSED","level":"error","message":"Redis Client Error","service":"visual-whiteboard-api","stack":"AggregateError [ECONNREFUSED]: \n    at internalConnectMultiple (node:net:1142:49)\n    at afterConnectMultiple (node:net:1723:7)","timestamp":"2026-05-14 18:41:51"}
{"code":"ECONNREFUSED","level":"error","message":"Redis Client Error","service":"visual-whiteboard-api","stack":"AggregateError [ECONNREFUSED]: \n    at internalConnectMultiple (node:net:1142:49)\n    at afterConnectMultiple (node:net:1723:7)","timestamp":"2026-05-14 18:41:53"}
{"code":"ECONNREFUSED","level":"error","message":"Redis Client Error","service":"visual-whiteboard-api","stack":"AggregateError [ECONNREFUSED]: \n    at internalConnectMultiple (node:net:1142:49)\n    at afterConnectMultiple (node:net:1723:7)","timestamp":"2026-05-14 18:41:55"}
{"code":"ECONNREFUSED","level":"error","message":"Redis Client Error","service":"visual-whiteboard-api","stack":"AggregateError [ECONNREFUSED]: \n    at internalConnectMultiple (node:net:1142:49)\n    at afterConnectMultiple (node:net:1723:7)","timestamp":"2026-05-14 18:41:58"}
{"code":"ECONNREFUSED","level":"error","message":"Redis Client Error","service":"visual-whiteboard-api","stack":"AggregateError [ECONNREFUSED]: \n    at internalConnectMultiple (node:net:1142:49)\n    at afterConnectMultiple (node:net:1723:7)","timestamp":"2026-05-14 18:42:00"}
{"code":"ECONNREFUSED","level":"error","message":"Redis Client Error","service":"visual-whiteboard-api","stack":"AggregateError [ECONNREFUSED]: \n    at internalConnectMultiple (node:net:1142:49)\n    at afterConnectMultiple (node:net:1723:7)","timestamp":"2026-05-14 18:42:02"}
{"code":"ECONNREFUSED","level":"error","message":"Redis Client Error","service":"visual-whiteboard-api","stack":"AggregateError [ECONNREFUSED]: \n    at internalConnectMultiple (node:net:1142:49)\n    at afterConnectMultiple (node:net:1723:7)","timestamp":"2026-05-14 18:42:04"}
{"code":"ECONNREFUSED","level":"error","message":"Redis Client Error","service":"visual-whiteboard-api","stack":"AggregateError [ECONNREFUSED]: \n    at internalConnectMultiple (node:net:1142:49)\n    at afterConnectMultiple (node:net:1723:7)","timestamp":"2026-05-14 18:42:06"}
{"code":"ECONNREFUSED","level":"error","message":"Redis Client Error","service":"visual-whiteboard-api","stack":"AggregateError [ECONNREFUSED]: \n    at internalConnectMultiple (node:net:1142:49)\n    at afterConnectMultiple (node:net:1723:7)","timestamp":"2026-05-14 18:42:08"}
{"code":"ECONNREFUSED","level":"error","message":"Redis Client Error","service":"visual-whiteboard-api","stack":"AggregateError [ECONNREFUSED]: \n    at internalConnectMultiple (node:net:1142:49)\n    at afterConnectMultiple (node:net:1723:7)","timestamp":"2026-05-14 18:42:11"}
{"code":"ECONNREFUSED","level":"error","message":"Redis Client Error","service":"visual-whiteboard-api","stack":"AggregateError [ECONNREFUSED]: \n    at internalConnectMultiple (node:net:1142:49)\n    at afterConnectMultiple (node:net:1723:7)","timestamp":"2026-05-14 18:42:13"}
{"code":"ECONNREFUSED","level":"error","message":"Redis Client Error","service":"visual-whiteboard-api","stack":"AggregateError [ECONNREFUSED]: \n    at internalConnectMultiple (node:net:1142:49)\n    at afterConnectMultiple (node:net:1723:7)","timestamp":"2026-05-14 18:42:15"}
{"code":"ECONNREFUSED","level":"error","message":"Redis Client Error","service":"visual-whiteboard-api","stack":"AggregateError [ECONNREFUSED]: \n    at internalConnectMultiple (node:net:1142:49)\n    at afterConnectMultiple (node:net:1723:7)","timestamp":"2026-05-14 18:42:17"}
{"code":"ECONNREFUSED","level":"error","message":"Redis Client Error","service":"visual-whiteboard-api","stack":"AggregateError [ECONNREFUSED]: \n    at internalConnectMultiple (node:net:1142:49)\n    at afterConnectMultiple (node:net:1723:7)","timestamp":"2026-05-14 18:42:19"}
{"code":"ECONNREFUSED","level":"error","message":"Redis Client Error","service":"visual-whiteboard-api","stack":"AggregateError [ECONNREFUSED]: \n    at internalConnectMultiple (node:net:1142:49)\n    at afterConnectMultiple (node:net:1723:7)","timestamp":"2026-05-14 18:42:21"}
{"code":"ECONNREFUSED","level":"error","message":"Redis Client Error","service":"visual-whiteboard-api","stack":"AggregateError [ECONNREFUSED]: \n    at internalConnectMultiple (node:net:1142:49)\n    at afterConnectMultiple (node:net:1723:7)","timestamp":"2026-05-14 18:42:23"}
{"code":"ECONNREFUSED","level":"error","message":"Redis Client Error","service":"visual-whiteboard-api","stack":"AggregateError [ECONNREFUSED]: \n    at internalConnectMultiple (node:net:1142:49)\n    at afterConnectMultiple (node:net:1723:7)","timestamp":"2026-05-14 18:42:25"}
{"code":"ECONNREFUSED","level":"error","message":"Redis Client Error","service":"visual-whiteboard-api","stack":"AggregateError [ECONNREFUSED]: \n    at internalConnectMultiple (node:net:1142:49)\n    at afterConnectMultiple (node:net:1723:7)","timestamp":"2026-05-14 18:42:27"}
{"code":"ECONNREFUSED","level":"error","message":"Redis Client Error","service":"visual-whiteboard-api","stack":"AggregateError [ECONNREFUSED]: \n    at internalConnectMultiple (node:net:1142:49)\n    at afterConnectMultiple (node:net:1723:7)","timestamp":"2026-05-14 18:42:29"}
{"code":"ECONNREFUSED","level":"error","message":"Redis Client Error","service":"visual-whiteboard-api","stack":"AggregateError [ECONNREFUSED]: \n    at internalConnectMultiple (node:net:1142:49)\n    at afterConnectMultiple (node:net:1723:7)","timestamp":"2026-05-14 18:42:31"}
{"code":"ECONNREFUSED","level":"error","message":"Redis Client Error","service":"visual-whiteboard-api","stack":"AggregateError [ECONNREFUSED]: \n    at internalConnectMultiple (node:net:1142:49)\n    at afterConnectMultiple (node:net:1723:7)","timestamp":"2026-05-14 18:42:34"}
{"code":"ECONNREFUSED","level":"error","message":"Redis Client Error","service":"visual-whiteboard-api","stack":"AggregateError [ECONNREFUSED]: \n    at internalConnectMultiple (node:net:1142:49)\n    at afterConnectMultiple (node:net:1723:7)","timestamp":"2026-05-14 18:42:36"}
{"code":"ECONNREFUSED","level":"error","message":"Redis Client Error","service":"visual-whiteboard-api","stack":"AggregateError [ECONNREFUSED]: \n    at internalConnectMultiple (node:net:1142:49)\n    at afterConnectMultiple (node:net:1723:7)","timestamp":"2026-05-14 18:42:38"}
{"code":"ECONNREFUSED","level":"error","message":"Redis Client Error","service":"visual-whiteboard-api","stack":"AggregateError [ECONNREFUSED]: \n    at internalConnectMultiple (node:net:1142:49)\n    at afterConnectMultiple (node:net:1723:7)","timestamp":"2026-05-14 18:42:40"}
{"code":"ECONNREFUSED","level":"error","message":"Redis Client Error","service":"visual-whiteboard-api","stack":"AggregateError [ECONNREFUSED]: \n    at internalConnectMultiple (node:net:1142:49)\n    at afterConnectMultiple (node:net:1723:7)","timestamp":"2026-05-14 18:42:42"}
{"code":"ECONNREFUSED","level":"error","message":"Redis Client Error","service":"visual-whiteboard-api","stack":"AggregateError [ECONNREFUSED]: \n    at internalConnectMultiple (node:net:1142:49)\n    at afterConnectMultiple (node:net:1723:7)","timestamp":"2026-05-14 18:42:44"}
{"code":"ECONNREFUSED","level":"error","message":"Redis Client Error","service":"visual-whiteboard-api","stack":"AggregateError [ECONNREFUSED]: \n    at internalConnectMultiple (node:net:1142:49)\n    at afterConnectMultiple (node:net:1723:7)","timestamp":"2026-05-14 18:42:46"}
{"code":"ECONNREFUSED","level":"error","message":"Redis Client Error","service":"visual-whiteboard-api","stack":"AggregateError [ECONNREFUSED]: \n    at internalConnectMultiple (node:net:1142:49)\n    at afterConnectMultiple (node:net:1723:7)","timestamp":"2026-05-14 18:42:48"}
{"code":"ECONNREFUSED","level":"error","message":"Redis Client Error","service":"visual-whiteboard-api","stack":"AggregateError [ECONNREFUSED]: \n    at internalConnectMultiple (node:net:1142:49)\n    at afterConnectMultiple (node:net:1723:7)","timestamp":"2026-05-14 18:42:50"}
{"code":"ECONNREFUSED","level":"error","message":"Redis Client Error","service":"visual-whiteboard-api","stack":"AggregateError [ECONNREFUSED]: \n    at internalConnectMultiple (node:net:1142:49)\n    at afterConnectMultiple (node:net:1723:7)","timestamp":"2026-05-14 18:42:52"}
{"code":"ECONNREFUSED","level":"error","message":"Redis Client Error","service":"visual-whiteboard-api","stack":"AggregateError [ECONNREFUSED]: \n    at internalConnectMultiple (node:net:1142:49)\n    at afterConnectMultiple (node:net:1723:7)","timestamp":"2026-05-14 18:42:54"}
{"code":"ECONNREFUSED","level":"error","message":"Redis Client Error","service":"visual-whiteboard-api","stack":"AggregateError [ECONNREFUSED]: \n    at internalConnectMultiple (node:net:1142:49)\n    at afterConnectMultiple (node:net:1723:7)","timestamp":"2026-05-14 18:42:57"}
{"code":"ECONNREFUSED","level":"error","message":"Redis Client Error","service":"visual-whiteboard-api","stack":"AggregateError [ECONNREFUSED]: \n    at internalConnectMultiple (node:net:1142:49)\n    at afterConnectMultiple (node:net:1723:7)","timestamp":"2026-05-14 18:42:59"}
{"code":"ECONNREFUSED","level":"error","message":"Redis Client Error","service":"visual-whiteboard-api","stack":"AggregateError [ECONNREFUSED]: \n    at internalConnectMultiple (node:net:1142:49)\n    at afterConnectMultiple (node:net:1723:7)","timestamp":"2026-05-14 18:43:01"}
{"code":"ECONNREFUSED","level":"error","message":"Redis Client Error","service":"visual-whiteboard-api","stack":"AggregateError [ECONNREFUSED]: \n    at internalConnectMultiple (node:net:1142:49)\n    at afterConnectMultiple (node:net:1723:7)","timestamp":"2026-05-14 18:43:03"}
{"code":"ECONNREFUSED","level":"error","message":"Redis Client Error","service":"visual-whiteboard-api","stack":"AggregateError [ECONNREFUSED]: \n    at internalConnectMultiple (node:net:1142:49)\n    at afterConnectMultiple (node:net:1723:7)","timestamp":"2026-05-14 18:43:05"}
{"code":"ECONNREFUSED","level":"error","message":"Redis Client Error","service":"visual-whiteboard-api","stack":"AggregateError [ECONNREFUSED]: \n    at internalConnectMultiple (node:net:1142:49)\n    at afterConnectMultiple (node:net:1723:7)","timestamp":"2026-05-14 18:43:07"}
{"code":"ECONNREFUSED","level":"error","message":"Redis Client Error","service":"visual-whiteboard-api","stack":"AggregateError [ECONNREFUSED]: \n    at internalConnectMultiple (node:net:1142:49)\n    at afterConnectMultiple (node:net:1723:7)","timestamp":"2026-05-14 18:43:09"}
{"code":"ECONNREFUSED","level":"error","message":"Redis Client Error","service":"visual-whiteboard-api","stack":"AggregateError [ECONNREFUSED]: \n    at internalConnectMultiple (node:net:1142:49)\n    at afterConnectMultiple (node:net:1723:7)","timestamp":"2026-05-14 18:43:11"}
{"code":"ECONNREFUSED","level":"error","message":"Redis Client Error","service":"visual-whiteboard-api","stack":"AggregateError [ECONNREFUSED]: \n    at internalConnectMultiple (node:net:1142:49)\n    at afterConnectMultiple (node:net:1723:7)","timestamp":"2026-05-14 18:43:14"}
{"code":"ECONNREFUSED","level":"error","message":"Redis Client Error","service":"visual-whiteboard-api","stack":"AggregateError [ECONNREFUSED]: \n    at internalConnectMultiple (node:net:1142:49)\n    at afterConnectMultiple (node:net:1723:7)","timestamp":"2026-05-14 18:43:16"}
{"code":"ECONNREFUSED","level":"error","message":"Redis Client Error","service":"visual-whiteboard-api","stack":"AggregateError [ECONNREFUSED]: \n    at internalConnectMultiple (node:net:1142:49)\n    at afterConnectMultiple (node:net:1723:7)","timestamp":"2026-05-14 18:43:18"}
{"code":"ECONNREFUSED","level":"error","message":"Redis Client Error","service":"visual-whiteboard-api","stack":"AggregateError [ECONNREFUSED]: \n    at internalConnectMultiple (node:net:1142:49)\n    at afterConnectMultiple (node:net:1723:7)","timestamp":"2026-05-14 18:43:20"}
{"code":"ECONNREFUSED","level":"error","message":"Redis Client Error","service":"visual-whiteboard-api","stack":"AggregateError [ECONNREFUSED]: \n    at internalConnectMultiple (node:net:1142:49)\n    at afterConnectMultiple (node:net:1723:7)","timestamp":"2026-05-14 18:43:22"}
{"level":"info","message":"🚀 Connected to Redis","service":"visual-whiteboard-api","timestamp":"2026-05-14 18:43:24"}
{"level":"info","message":"Server running in development mode on port 5000","service":"visual-whiteboard-api","timestamp":"2026-05-14 18:43:24"}
{"level":"info","message":"🚀 Socket.io Redis Adapter configured","service":"visual-whiteboard-api","timestamp":"2026-05-14 18:43:24"}
{"level":"error","message":"Redis Client Error Socket closed unexpectedly","service":"visual-whiteboard-api","stack":"Error: Socket closed unexpectedly\n    at Socket.<anonymous> (D:\\Dhanush\\javaScriptNode\\rove\\backend\\node_modules\\@redis\\client\\dist\\lib\\client\\socket.js:250:33)\n    at Object.onceWrapper (node:events:623:26)\n    at Socket.emit (node:events:508:28)\n    at TCP.<anonymous> (node:net:346:12)","timestamp":"2026-05-14 18:43:33"}
{"level":"info","message":"🚀 Connected to Redis","service":"visual-whiteboard-api","timestamp":"2026-05-14 18:43:33"}
{"level":"error","message":"Redis Client Error Socket closed unexpectedly","service":"visual-whiteboard-api","stack":"Error: Socket closed unexpectedly\n    at Socket.<anonymous> (D:\\Dhanush\\javaScriptNode\\rove\\backend\\node_modules\\@redis\\client\\dist\\lib\\client\\socket.js:250:33)\n    at Object.onceWrapper (node:events:623:26)\n    at Socket.emit (node:events:508:28)\n    at TCP.<anonymous> (node:net:346:12)","timestamp":"2026-05-14 18:43:33"}
{"level":"info","message":"🚀 Connected to Redis","service":"visual-whiteboard-api","timestamp":"2026-05-14 18:43:33"}
{"level":"error","message":"Redis Client Error Socket closed unexpectedly","service":"visual-whiteboard-api","stack":"Error: Socket closed unexpectedly\n    at Socket.<anonymous> (D:\\Dhanush\\javaScriptNode\\rove\\backend\\node_modules\\@redis\\client\\dist\\lib\\client\\socket.js:250:33)\n    at Object.onceWrapper (node:events:623:26)\n    at Socket.emit (node:events:508:28)\n    at TCP.<anonymous> (node:net:346:12)","timestamp":"2026-05-14 18:43:33"}
{"level":"info","message":"🚀 Connected to Redis","service":"visual-whiteboard-api","timestamp":"2026-05-14 18:43:33"}
{"level":"error","message":"Redis Client Error Socket closed unexpectedly","service":"visual-whiteboard-api","stack":"Error: Socket closed unexpectedly\n    at Socket.<anonymous> (D:\\Dhanush\\javaScriptNode\\rove\\backend\\node_modules\\@redis\\client\\dist\\lib\\client\\socket.js:250:33)\n    at Object.onceWrapper (node:events:623:26)\n    at Socket.emit (node:events:508:28)\n    at TCP.<anonymous> (node:net:346:12)","timestamp":"2026-05-14 18:43:33"}
{"level":"info","message":"🚀 Connected to Redis","service":"visual-whiteboard-api","timestamp":"2026-05-14 18:43:33"}
{"level":"error","message":"Redis Client Error Socket closed unexpectedly","service":"visual-whiteboard-api","stack":"Error: Socket closed unexpectedly\n    at Socket.<anonymous> (D:\\Dhanush\\javaScriptNode\\rove\\backend\\node_modules\\@redis\\client\\dist\\lib\\client\\socket.js:250:33)\n    at Object.onceWrapper (node:events:623:26)\n    at Socket.emit (node:events:508:28)\n    at TCP.<anonymous> (node:net:346:12)","timestamp":"2026-05-14 18:43:33"}
{"level":"info","message":"🚀 Connected to Redis","service":"visual-whiteboard-api","timestamp":"2026-05-14 18:43:34"}
{"level":"error","message":"Redis Client Error Socket closed unexpectedly","service":"visual-whiteboard-api","stack":"Error: Socket closed unexpectedly\n    at Socket.<anonymous> (D:\\Dhanush\\javaScriptNode\\rove\\backend\\node_modules\\@redis\\client\\dist\\lib\\client\\socket.js:250:33)\n    at Object.onceWrapper (node:events:623:26)\n    at Socket.emit (node:events:508:28)\n    at TCP.<anonymous> (node:net:346:12)","timestamp":"2026-05-14 18:43:34"}
{"level":"info","message":"🚀 Connected to Redis","service":"visual-whiteboard-api","timestamp":"2026-05-14 18:43:35"}
{"code":"ECONNRESET","errno":-4077,"level":"error","message":"Redis Client Error read ECONNRESET","service":"visual-whiteboard-api","stack":"Error: read ECONNRESET\n    at TCP.onStreamRead (node:internal/stream_base_commons:216:20)","syscall":"read","timestamp":"2026-05-14 18:43:37"}
{"code":"ECONNREFUSED","level":"error","message":"Redis Client Error","service":"visual-whiteboard-api","stack":"AggregateError [ECONNREFUSED]: \n    at internalConnectMultiple (node:net:1142:49)\n    at afterConnectMultiple (node:net:1723:7)","timestamp":"2026-05-14 18:43:39"}
{"code":"ECONNREFUSED","level":"error","message":"Redis Client Error","service":"visual-whiteboard-api","stack":"AggregateError [ECONNREFUSED]: \n    at internalConnectMultiple (node:net:1142:49)\n    at afterConnectMultiple (node:net:1723:7)","timestamp":"2026-05-14 18:43:41"}
{"code":"ECONNREFUSED","level":"error","message":"Redis Client Error","service":"visual-whiteboard-api","stack":"AggregateError [ECONNREFUSED]: \n    at internalConnectMultiple (node:net:1142:49)\n    at afterConnectMultiple (node:net:1723:7)","timestamp":"2026-05-14 18:43:43"}
{"code":"ECONNREFUSED","level":"error","message":"Redis Client Error","service":"visual-whiteboard-api","stack":"AggregateError [ECONNREFUSED]: \n    at internalConnectMultiple (node:net:1142:49)\n    at afterConnectMultiple (node:net:1723:7)","timestamp":"2026-05-14 18:43:45"}
{"code":"ECONNREFUSED","level":"error","message":"Redis Client Error","service":"visual-whiteboard-api","stack":"AggregateError [ECONNREFUSED]: \n    at internalConnectMultiple (node:net:1142:49)\n    at afterConnectMultiple (node:net:1723:7)","timestamp":"2026-05-14 18:43:47"}
{"code":"ECONNREFUSED","level":"error","message":"Redis Client Error","service":"visual-whiteboard-api","stack":"AggregateError [ECONNREFUSED]: \n    at internalConnectMultiple (node:net:1142:49)\n    at afterConnectMultiple (node:net:1723:7)","timestamp":"2026-05-14 18:43:49"}
{"code":"ECONNREFUSED","level":"error","message":"Redis Client Error","service":"visual-whiteboard-api","stack":"AggregateError [ECONNREFUSED]: \n    at internalConnectMultiple (node:net:1142:49)\n    at afterConnectMultiple (node:net:1723:7)","timestamp":"2026-05-14 18:43:51"}
{"code":"ECONNREFUSED","level":"error","message":"Redis Client Error","service":"visual-whiteboard-api","stack":"AggregateError [ECONNREFUSED]: \n    at internalConnectMultiple (node:net:1142:49)\n    at afterConnectMultiple (node:net:1723:7)","timestamp":"2026-05-14 18:43:53"}
{"code":"ECONNREFUSED","level":"error","message":"Redis Client Error","service":"visual-whiteboard-api","stack":"AggregateError [ECONNREFUSED]: \n    at internalConnectMultiple (node:net:1142:49)\n    at afterConnectMultiple (node:net:1723:7)","timestamp":"2026-05-14 18:43:56"}
{"code":"ECONNREFUSED","level":"error","message":"Redis Client Error","service":"visual-whiteboard-api","stack":"AggregateError [ECONNREFUSED]: \n    at internalConnectMultiple (node:net:1142:49)\n    at afterConnectMultiple (node:net:1723:7)","timestamp":"2026-05-14 18:43:58"}
{"code":"ECONNREFUSED","level":"error","message":"Redis Client Error","service":"visual-whiteboard-api","stack":"AggregateError [ECONNREFUSED]: \n    at internalConnectMultiple (node:net:1142:49)\n    at afterConnectMultiple (node:net:1723:7)","timestamp":"2026-05-14 18:44:00"}
{"code":"ECONNREFUSED","level":"error","message":"Redis Client Error","service":"visual-whiteboard-api","stack":"AggregateError [ECONNREFUSED]: \n    at internalConnectMultiple (node:net:1142:49)\n    at afterConnectMultiple (node:net:1723:7)","timestamp":"2026-05-14 18:44:02"}
{"code":"ECONNREFUSED","level":"error","message":"Redis Client Error","service":"visual-whiteboard-api","stack":"AggregateError [ECONNREFUSED]: \n    at internalConnectMultiple (node:net:1142:49)\n    at afterConnectMultiple (node:net:1723:7)","timestamp":"2026-05-14 18:44:04"}
{"code":"ECONNREFUSED","level":"error","message":"Redis Client Error","service":"visual-whiteboard-api","stack":"AggregateError [ECONNREFUSED]: \n    at internalConnectMultiple (node:net:1142:49)\n    at afterConnectMultiple (node:net:1723:7)","timestamp":"2026-05-14 18:44:06"}
{"code":"ECONNREFUSED","level":"error","message":"Redis Client Error","service":"visual-whiteboard-api","stack":"AggregateError [ECONNREFUSED]: \n    at internalConnectMultiple (node:net:1142:49)\n    at afterConnectMultiple (node:net:1723:7)","timestamp":"2026-05-14 18:44:08"}
{"code":"ECONNREFUSED","level":"error","message":"Redis Client Error","service":"visual-whiteboard-api","stack":"AggregateError [ECONNREFUSED]: \n    at internalConnectMultiple (node:net:1142:49)\n    at afterConnectMultiple (node:net:1723:7)","timestamp":"2026-05-14 18:44:10"}
{"code":"ECONNREFUSED","level":"error","message":"Redis Client Error","service":"visual-whiteboard-api","stack":"AggregateError [ECONNREFUSED]: \n    at internalConnectMultiple (node:net:1142:49)\n    at afterConnectMultiple (node:net:1723:7)","timestamp":"2026-05-14 18:44:12"}
{"code":"ECONNREFUSED","level":"error","message":"Redis Client Error","service":"visual-whiteboard-api","stack":"AggregateError [ECONNREFUSED]: \n    at internalConnectMultiple (node:net:1142:49)\n    at afterConnectMultiple (node:net:1723:7)","timestamp":"2026-05-14 18:44:15"}
{"code":"ECONNREFUSED","level":"error","message":"Redis Client Error","service":"visual-whiteboard-api","stack":"AggregateError [ECONNREFUSED]: \n    at internalConnectMultiple (node:net:1142:49)\n    at afterConnectMultiple (node:net:1723:7)","timestamp":"2026-05-14 18:44:17"}
{"code":"ECONNREFUSED","level":"error","message":"Redis Client Error","service":"visual-whiteboard-api","stack":"AggregateError [ECONNREFUSED]: \n    at internalConnectMultiple (node:net:1142:49)\n    at afterConnectMultiple (node:net:1723:7)","timestamp":"2026-05-14 18:44:19"}
{"code":"ECONNREFUSED","level":"error","message":"Redis Client Error","service":"visual-whiteboard-api","stack":"AggregateError [ECONNREFUSED]: \n    at internalConnectMultiple (node:net:1142:49)\n    at afterConnectMultiple (node:net:1723:7)","timestamp":"2026-05-14 18:44:21"}
{"code":"ECONNREFUSED","level":"error","message":"Redis Client Error","service":"visual-whiteboard-api","stack":"AggregateError [ECONNREFUSED]: \n    at internalConnectMultiple (node:net:1142:49)\n    at afterConnectMultiple (node:net:1723:7)","timestamp":"2026-05-14 18:44:23"}
{"code":"ECONNREFUSED","level":"error","message":"Redis Client Error","service":"visual-whiteboard-api","stack":"AggregateError [ECONNREFUSED]: \n    at internalConnectMultiple (node:net:1142:49)\n    at afterConnectMultiple (node:net:1723:7)","timestamp":"2026-05-14 18:44:25"}
{"code":"ECONNREFUSED","level":"error","message":"Redis Client Error","service":"visual-whiteboard-api","stack":"AggregateError [ECONNREFUSED]: \n    at internalConnectMultiple (node:net:1142:49)\n    at afterConnectMultiple (node:net:1723:7)","timestamp":"2026-05-14 18:44:28"}
{"code":"ECONNREFUSED","level":"error","message":"Redis Client Error","service":"visual-whiteboard-api","stack":"AggregateError [ECONNREFUSED]: \n    at internalConnectMultiple (node:net:1142:49)\n    at afterConnectMultiple (node:net:1723:7)","timestamp":"2026-05-14 18:44:30"}
{"code":"ECONNREFUSED","level":"error","message":"Redis Client Error","service":"visual-whiteboard-api","stack":"AggregateError [ECONNREFUSED]: \n    at internalConnectMultiple (node:net:1142:49)\n    at afterConnectMultiple (node:net:1723:7)","timestamp":"2026-05-14 18:44:32"}
{"code":"ECONNREFUSED","level":"error","message":"Redis Client Error","service":"visual-whiteboard-api","stack":"AggregateError [ECONNREFUSED]: \n    at internalConnectMultiple (node:net:1142:49)\n    at afterConnectMultiple (node:net:1723:7)","timestamp":"2026-05-14 18:44:34"}
{"code":"ECONNREFUSED","level":"error","message":"Redis Client Error","service":"visual-whiteboard-api","stack":"AggregateError [ECONNREFUSED]: \n    at internalConnectMultiple (node:net:1142:49)\n    at afterConnectMultiple (node:net:1723:7)","timestamp":"2026-05-14 18:44:36"}
{"code":"ECONNREFUSED","level":"error","message":"Redis Client Error","service":"visual-whiteboard-api","stack":"AggregateError [ECONNREFUSED]: \n    at internalConnectMultiple (node:net:1142:49)\n    at afterConnectMultiple (node:net:1723:7)","timestamp":"2026-05-14 18:44:38"}
{"code":"ECONNREFUSED","level":"error","message":"Redis Client Error","service":"visual-whiteboard-api","stack":"AggregateError [ECONNREFUSED]: \n    at internalConnectMultiple (node:net:1142:49)\n    at afterConnectMultiple (node:net:1723:7)","timestamp":"2026-05-14 18:44:40"}
{"code":"ECONNREFUSED","level":"error","message":"Redis Client Error","service":"visual-whiteboard-api","stack":"AggregateError [ECONNREFUSED]: \n    at internalConnectMultiple (node:net:1142:49)\n    at afterConnectMultiple (node:net:1723:7)","timestamp":"2026-05-14 18:44:42"}
{"code":"ECONNREFUSED","level":"error","message":"Redis Client Error","service":"visual-whiteboard-api","stack":"AggregateError [ECONNREFUSED]: \n    at internalConnectMultiple (node:net:1142:49)\n    at afterConnectMultiple (node:net:1723:7)","timestamp":"2026-05-14 18:44:44"}
{"code":"ECONNREFUSED","level":"error","message":"Redis Client Error","service":"visual-whiteboard-api","stack":"AggregateError [ECONNREFUSED]: \n    at internalConnectMultiple (node:net:1142:49)\n    at afterConnectMultiple (node:net:1723:7)","timestamp":"2026-05-14 18:44:46"}
{"code":"ECONNREFUSED","level":"error","message":"Redis Client Error","service":"visual-whiteboard-api","stack":"AggregateError [ECONNREFUSED]: \n    at internalConnectMultiple (node:net:1142:49)\n    at afterConnectMultiple (node:net:1723:7)","timestamp":"2026-05-14 18:44:49"}
{"code":"ECONNREFUSED","level":"error","message":"Redis Client Error","service":"visual-whiteboard-api","stack":"AggregateError [ECONNREFUSED]: \n    at internalConnectMultiple (node:net:1142:49)\n    at afterConnectMultiple (node:net:1723:7)","timestamp":"2026-05-14 18:44:51"}
{"code":"ECONNREFUSED","level":"error","message":"Redis Client Error","service":"visual-whiteboard-api","stack":"AggregateError [ECONNREFUSED]: \n    at internalConnectMultiple (node:net:1142:49)\n    at afterConnectMultiple (node:net:1723:7)","timestamp":"2026-05-14 18:44:53"}
{"code":"ECONNREFUSED","level":"error","message":"Redis Client Error","service":"visual-whiteboard-api","stack":"AggregateError [ECONNREFUSED]: \n    at internalConnectMultiple (node:net:1142:49)\n    at afterConnectMultiple (node:net:1723:7)","timestamp":"2026-05-14 18:44:55"}
{"code":"ECONNREFUSED","level":"error","message":"Redis Client Error","service":"visual-whiteboard-api","stack":"AggregateError [ECONNREFUSED]: \n    at internalConnectMultiple (node:net:1142:49)\n    at afterConnectMultiple (node:net:1723:7)","timestamp":"2026-05-14 18:44:57"}
{"code":"ECONNREFUSED","level":"error","message":"Redis Client Error","service":"visual-whiteboard-api","stack":"AggregateError [ECONNREFUSED]: \n    at internalConnectMultiple (node:net:1142:49)\n    at afterConnectMultiple (node:net:1723:7)","timestamp":"2026-05-14 18:44:59"}
{"code":"ECONNREFUSED","level":"error","message":"Redis Client Error","service":"visual-whiteboard-api","stack":"AggregateError [ECONNREFUSED]: \n    at internalConnectMultiple (node:net:1142:49)\n    at afterConnectMultiple (node:net:1723:7)","timestamp":"2026-05-14 18:45:01"}
{"code":"ECONNREFUSED","level":"error","message":"Redis Client Error","service":"visual-whiteboard-api","stack":"AggregateError [ECONNREFUSED]: \n    at internalConnectMultiple (node:net:1142:49)\n    at afterConnectMultiple (node:net:1723:7)","timestamp":"2026-05-14 18:45:03"}
{"code":"ECONNREFUSED","level":"error","message":"Redis Client Error","service":"visual-whiteboard-api","stack":"AggregateError [ECONNREFUSED]: \n    at internalConnectMultiple (node:net:1142:49)\n    at afterConnectMultiple (node:net:1723:7)","timestamp":"2026-05-14 18:45:06"}
{"code":"ECONNREFUSED","level":"error","message":"Redis Client Error","service":"visual-whiteboard-api","stack":"AggregateError [ECONNREFUSED]: \n    at internalConnectMultiple (node:net:1142:49)\n    at afterConnectMultiple (node:net:1723:7)","timestamp":"2026-05-14 18:45:08"}
{"code":"ECONNREFUSED","level":"error","message":"Redis Client Error","service":"visual-whiteboard-api","stack":"AggregateError [ECONNREFUSED]: \n    at internalConnectMultiple (node:net:1142:49)\n    at afterConnectMultiple (node:net:1723:7)","timestamp":"2026-05-14 18:45:10"}
{"code":"ECONNREFUSED","level":"error","message":"Redis Client Error","service":"visual-whiteboard-api","stack":"AggregateError [ECONNREFUSED]: \n    at internalConnectMultiple (node:net:1142:49)\n    at afterConnectMultiple (node:net:1723:7)","timestamp":"2026-05-14 18:45:12"}
{"code":"ECONNREFUSED","level":"error","message":"Redis Client Error","service":"visual-whiteboard-api","stack":"AggregateError [ECONNREFUSED]: \n    at internalConnectMultiple (node:net:1142:49)\n    at afterConnectMultiple (node:net:1723:7)","timestamp":"2026-05-14 18:45:14"}
{"code":"ECONNREFUSED","level":"error","message":"Redis Client Error","service":"visual-whiteboard-api","stack":"AggregateError [ECONNREFUSED]: \n    at internalConnectMultiple (node:net:1142:49)\n    at afterConnectMultiple (node:net:1723:7)","timestamp":"2026-05-14 18:45:16"}
{"code":"ECONNREFUSED","level":"error","message":"Redis Client Error","service":"visual-whiteboard-api","stack":"AggregateError [ECONNREFUSED]: \n    at internalConnectMultiple (node:net:1142:49)\n    at afterConnectMultiple (node:net:1723:7)","timestamp":"2026-05-14 18:45:18"}
{"code":"ECONNREFUSED","level":"error","message":"Redis Client Error","service":"visual-whiteboard-api","stack":"AggregateError [ECONNREFUSED]: \n    at internalConnectMultiple (node:net:1142:49)\n    at afterConnectMultiple (node:net:1723:7)","timestamp":"2026-05-14 18:45:20"}
{"code":"ECONNREFUSED","level":"error","message":"Redis Client Error","service":"visual-whiteboard-api","stack":"AggregateError [ECONNREFUSED]: \n    at internalConnectMultiple (node:net:1142:49)\n    at afterConnectMultiple (node:net:1723:7)","timestamp":"2026-05-14 18:45:23"}
{"code":"ECONNREFUSED","level":"error","message":"Redis Client Error","service":"visual-whiteboard-api","stack":"AggregateError [ECONNREFUSED]: \n    at internalConnectMultiple (node:net:1142:49)\n    at afterConnectMultiple (node:net:1723:7)","timestamp":"2026-05-14 18:45:25"}
{"code":"ECONNREFUSED","level":"error","message":"Redis Client Error","service":"visual-whiteboard-api","stack":"AggregateError [ECONNREFUSED]: \n    at internalConnectMultiple (node:net:1142:49)\n    at afterConnectMultiple (node:net:1723:7)","timestamp":"2026-05-14 18:45:27"}
{"code":"ECONNREFUSED","level":"error","message":"Redis Client Error","service":"visual-whiteboard-api","stack":"AggregateError [ECONNREFUSED]: \n    at internalConnectMultiple (node:net:1142:49)\n    at afterConnectMultiple (node:net:1723:7)","timestamp":"2026-05-14 18:45:29"}
{"code":"ECONNREFUSED","level":"error","message":"Redis Client Error","service":"visual-whiteboard-api","stack":"AggregateError [ECONNREFUSED]: \n    at internalConnectMultiple (node:net:1142:49)\n    at afterConnectMultiple (node:net:1723:7)","timestamp":"2026-05-14 18:45:31"}
{"code":"ECONNREFUSED","level":"error","message":"Redis Client Error","service":"visual-whiteboard-api","stack":"AggregateError [ECONNREFUSED]: \n    at internalConnectMultiple (node:net:1142:49)\n    at afterConnectMultiple (node:net:1723:7)","timestamp":"2026-05-14 18:45:33"}
{"code":"ECONNREFUSED","level":"error","message":"Redis Client Error","service":"visual-whiteboard-api","stack":"AggregateError [ECONNREFUSED]: \n    at internalConnectMultiple (node:net:1142:49)\n    at afterConnectMultiple (node:net:1723:7)","timestamp":"2026-05-14 18:45:35"}
{"code":"ECONNREFUSED","level":"error","message":"Redis Client Error","service":"visual-whiteboard-api","stack":"AggregateError [ECONNREFUSED]: \n    at internalConnectMultiple (node:net:1142:49)\n    at afterConnectMultiple (node:net:1723:7)","timestamp":"2026-05-14 18:45:37"}
{"code":"ECONNREFUSED","level":"error","message":"Redis Client Error","service":"visual-whiteboard-api","stack":"AggregateError [ECONNREFUSED]: \n    at internalConnectMultiple (node:net:1142:49)\n    at afterConnectMultiple (node:net:1723:7)","timestamp":"2026-05-14 18:45:39"}
{"code":"ECONNREFUSED","level":"error","message":"Redis Client Error","service":"visual-whiteboard-api","stack":"AggregateError [ECONNREFUSED]: \n    at internalConnectMultiple (node:net:1142:49)\n    at afterConnectMultiple (node:net:1723:7)","timestamp":"2026-05-14 18:45:41"}
{"code":"ECONNREFUSED","level":"error","message":"Redis Client Error","service":"visual-whiteboard-api","stack":"AggregateError [ECONNREFUSED]: \n    at internalConnectMultiple (node:net:1142:49)\n    at afterConnectMultiple (node:net:1723:7)","timestamp":"2026-05-14 18:45:44"}
{"code":"ECONNREFUSED","level":"error","message":"Redis Client Error","service":"visual-whiteboard-api","stack":"AggregateError [ECONNREFUSED]: \n    at internalConnectMultiple (node:net:1142:49)\n    at afterConnectMultiple (node:net:1723:7)","timestamp":"2026-05-14 18:45:46"}
{"code":"ECONNREFUSED","level":"error","message":"Redis Client Error","service":"visual-whiteboard-api","stack":"AggregateError [ECONNREFUSED]: \n    at internalConnectMultiple (node:net:1142:49)\n    at afterConnectMultiple (node:net:1723:7)","timestamp":"2026-05-14 18:45:48"}
{"code":"ECONNREFUSED","level":"error","message":"Redis Client Error","service":"visual-whiteboard-api","stack":"AggregateError [ECONNREFUSED]: \n    at internalConnectMultiple (node:net:1142:49)\n    at afterConnectMultiple (node:net:1723:7)","timestamp":"2026-05-14 18:45:50"}
{"code":"ECONNREFUSED","level":"error","message":"Redis Client Error","service":"visual-whiteboard-api","stack":"AggregateError [ECONNREFUSED]: \n    at internalConnectMultiple (node:net:1142:49)\n    at afterConnectMultiple (node:net:1723:7)","timestamp":"2026-05-14 18:45:52"}
{"code":"ECONNREFUSED","level":"error","message":"Redis Client Error","service":"visual-whiteboard-api","stack":"AggregateError [ECONNREFUSED]: \n    at internalConnectMultiple (node:net:1142:49)\n    at afterConnectMultiple (node:net:1723:7)","timestamp":"2026-05-14 18:45:54"}
{"code":"ECONNREFUSED","level":"error","message":"Redis Client Error","service":"visual-whiteboard-api","stack":"AggregateError [ECONNREFUSED]: \n    at internalConnectMultiple (node:net:1142:49)\n    at afterConnectMultiple (node:net:1723:7)","timestamp":"2026-05-14 18:45:56"}
{"code":"ECONNREFUSED","level":"error","message":"Redis Client Error","service":"visual-whiteboard-api","stack":"AggregateError [ECONNREFUSED]: \n    at internalConnectMultiple (node:net:1142:49)\n    at afterConnectMultiple (node:net:1723:7)","timestamp":"2026-05-14 18:45:59"}
{"code":"ECONNREFUSED","level":"error","message":"Redis Client Error","service":"visual-whiteboard-api","stack":"AggregateError [ECONNREFUSED]: \n    at internalConnectMultiple (node:net:1142:49)\n    at afterConnectMultiple (node:net:1723:7)","timestamp":"2026-05-14 18:46:01"}
{"code":"ECONNREFUSED","level":"error","message":"Redis Client Error","service":"visual-whiteboard-api","stack":"AggregateError [ECONNREFUSED]: \n    at internalConnectMultiple (node:net:1142:49)\n    at afterConnectMultiple (node:net:1723:7)","timestamp":"2026-05-14 18:46:03"}
{"code":"ECONNREFUSED","level":"error","message":"Redis Client Error","service":"visual-whiteboard-api","stack":"AggregateError [ECONNREFUSED]: \n    at internalConnectMultiple (node:net:1142:49)\n    at afterConnectMultiple (node:net:1723:7)","timestamp":"2026-05-14 18:46:05"}
{"code":"ECONNREFUSED","level":"error","message":"Redis Client Error","service":"visual-whiteboard-api","stack":"AggregateError [ECONNREFUSED]: \n    at internalConnectMultiple (node:net:1142:49)\n    at afterConnectMultiple (node:net:1723:7)","timestamp":"2026-05-14 18:46:07"}
{"code":"ECONNREFUSED","level":"error","message":"Redis Client Error","service":"visual-whiteboard-api","stack":"AggregateError [ECONNREFUSED]: \n    at internalConnectMultiple (node:net:1142:49)\n    at afterConnectMultiple (node:net:1723:7)","timestamp":"2026-05-14 18:46:09"}
{"code":"ECONNREFUSED","level":"error","message":"Redis Client Error","service":"visual-whiteboard-api","stack":"AggregateError [ECONNREFUSED]: \n    at internalConnectMultiple (node:net:1142:49)\n    at afterConnectMultiple (node:net:1723:7)","timestamp":"2026-05-14 18:46:11"}
{"code":"ECONNREFUSED","level":"error","message":"Redis Client Error","service":"visual-whiteboard-api","stack":"AggregateError [ECONNREFUSED]: \n    at internalConnectMultiple (node:net:1142:49)\n    at afterConnectMultiple (node:net:1723:7)","timestamp":"2026-05-14 18:46:14"}
{"code":"ECONNREFUSED","level":"error","message":"Redis Client Error","service":"visual-whiteboard-api","stack":"AggregateError [ECONNREFUSED]: \n    at internalConnectMultiple (node:net:1142:49)\n    at afterConnectMultiple (node:net:1723:7)","timestamp":"2026-05-14 18:46:16"}
{"code":"ECONNREFUSED","level":"error","message":"Redis Client Error","service":"visual-whiteboard-api","stack":"AggregateError [ECONNREFUSED]: \n    at internalConnectMultiple (node:net:1142:49)\n    at afterConnectMultiple (node:net:1723:7)","timestamp":"2026-05-14 18:46:18"}
{"code":"ECONNREFUSED","level":"error","message":"Redis Client Error","service":"visual-whiteboard-api","stack":"AggregateError [ECONNREFUSED]: \n    at internalConnectMultiple (node:net:1142:49)\n    at afterConnectMultiple (node:net:1723:7)","timestamp":"2026-05-14 18:46:20"}
{"code":"ECONNREFUSED","level":"error","message":"Redis Client Error","service":"visual-whiteboard-api","stack":"AggregateError [ECONNREFUSED]: \n    at internalConnectMultiple (node:net:1142:49)\n    at afterConnectMultiple (node:net:1723:7)","timestamp":"2026-05-14 18:46:22"}
{"code":"ECONNREFUSED","level":"error","message":"Redis Client Error","service":"visual-whiteboard-api","stack":"AggregateError [ECONNREFUSED]: \n    at internalConnectMultiple (node:net:1142:49)\n    at afterConnectMultiple (node:net:1723:7)","timestamp":"2026-05-14 18:46:24"}
{"code":"ECONNREFUSED","level":"error","message":"Redis Client Error","service":"visual-whiteboard-api","stack":"AggregateError [ECONNREFUSED]: \n    at internalConnectMultiple (node:net:1142:49)\n    at afterConnectMultiple (node:net:1723:7)","timestamp":"2026-05-14 18:46:26"}
{"code":"ECONNREFUSED","level":"error","message":"Redis Client Error","service":"visual-whiteboard-api","stack":"AggregateError [ECONNREFUSED]: \n    at internalConnectMultiple (node:net:1142:49)\n    at afterConnectMultiple (node:net:1723:7)","timestamp":"2026-05-14 18:46:28"}
{"code":"ECONNREFUSED","level":"error","message":"Redis Client Error","service":"visual-whiteboard-api","stack":"AggregateError [ECONNREFUSED]: \n    at internalConnectMultiple (node:net:1142:49)\n    at afterConnectMultiple (node:net:1723:7)","timestamp":"2026-05-14 18:46:30"}
{"code":"ECONNREFUSED","level":"error","message":"Redis Client Error","service":"visual-whiteboard-api","stack":"AggregateError [ECONNREFUSED]: \n    at internalConnectMultiple (node:net:1142:49)\n    at afterConnectMultiple (node:net:1723:7)","timestamp":"2026-05-14 18:46:32"}
{"code":"ECONNREFUSED","level":"error","message":"Redis Client Error","service":"visual-whiteboard-api","stack":"AggregateError [ECONNREFUSED]: \n    at internalConnectMultiple (node:net:1142:49)\n    at afterConnectMultiple (node:net:1723:7)","timestamp":"2026-05-14 18:46:34"}
{"code":"ECONNREFUSED","level":"error","message":"Redis Client Error","service":"visual-whiteboard-api","stack":"AggregateError [ECONNREFUSED]: \n    at internalConnectMultiple (node:net:1142:49)\n    at afterConnectMultiple (node:net:1723:7)","timestamp":"2026-05-14 18:46:37"}
{"code":"ECONNREFUSED","level":"error","message":"Redis Client Error","service":"visual-whiteboard-api","stack":"AggregateError [ECONNREFUSED]: \n    at internalConnectMultiple (node:net:1142:49)\n    at afterConnectMultiple (node:net:1723:7)","timestamp":"2026-05-14 18:46:39"}
{"code":"ECONNREFUSED","level":"error","message":"Redis Client Error","service":"visual-whiteboard-api","stack":"AggregateError [ECONNREFUSED]: \n    at internalConnectMultiple (node:net:1142:49)\n    at afterConnectMultiple (node:net:1723:7)","timestamp":"2026-05-14 18:46:41"}
{"code":"ECONNREFUSED","level":"error","message":"Redis Client Error","service":"visual-whiteboard-api","stack":"AggregateError [ECONNREFUSED]: \n    at internalConnectMultiple (node:net:1142:49)\n    at afterConnectMultiple (node:net:1723:7)","timestamp":"2026-05-14 18:46:43"}
{"code":"ECONNREFUSED","level":"error","message":"Redis Client Error","service":"visual-whiteboard-api","stack":"AggregateError [ECONNREFUSED]: \n    at internalConnectMultiple (node:net:1142:49)\n    at afterConnectMultiple (node:net:1723:7)","timestamp":"2026-05-14 18:46:45"}
{"code":"ECONNREFUSED","level":"error","message":"Redis Client Error","service":"visual-whiteboard-api","stack":"AggregateError [ECONNREFUSED]: \n    at internalConnectMultiple (node:net:1142:49)\n    at afterConnectMultiple (node:net:1723:7)","timestamp":"2026-05-14 18:46:47"}
{"code":"ECONNREFUSED","level":"error","message":"Redis Client Error","service":"visual-whiteboard-api","stack":"AggregateError [ECONNREFUSED]: \n    at internalConnectMultiple (node:net:1142:49)\n    at afterConnectMultiple (node:net:1723:7)","timestamp":"2026-05-14 18:46:49"}
{"code":"ECONNREFUSED","level":"error","message":"Redis Client Error","service":"visual-whiteboard-api","stack":"AggregateError [ECONNREFUSED]: \n    at internalConnectMultiple (node:net:1142:49)\n    at afterConnectMultiple (node:net:1723:7)","timestamp":"2026-05-14 18:46:51"}
{"code":"ECONNREFUSED","level":"error","message":"Redis Client Error","service":"visual-whiteboard-api","stack":"AggregateError [ECONNREFUSED]: \n    at internalConnectMultiple (node:net:1142:49)\n    at afterConnectMultiple (node:net:1723:7)","timestamp":"2026-05-14 18:46:53"}
{"code":"ECONNREFUSED","level":"error","message":"Redis Client Error","service":"visual-whiteboard-api","stack":"AggregateError [ECONNREFUSED]: \n    at internalConnectMultiple (node:net:1142:49)\n    at afterConnectMultiple (node:net:1723:7)","timestamp":"2026-05-14 18:46:55"}
{"level":"info","message":"🚀 Connected to Redis","service":"visual-whiteboard-api","timestamp":"2026-05-14 18:46:58"}
{"level":"info","message":"::1 - - [14/May/2026:13:20:38 +0000] \"POST /api/v1/auth/login HTTP/1.1\" 200 392 \"http://localhost:5173/\" \"Mozilla/5.0 (Windows NT 10.0; Win64; x64) AppleWebKit/537.36 (KHTML, like Gecko) Chrome/148.0.0.0 Safari/537.36\"","service":"visual-whiteboard-api","timestamp":"2026-05-14 18:50:38"}
{"level":"info","message":"⚡ Socket connected: 5OfBJwQkUxsV_j8nAAAB (User: a@a.com)","service":"visual-whiteboard-api","timestamp":"2026-05-14 18:50:45"}
{"level":"info","message":"::1 - - [14/May/2026:13:20:53 +0000] \"POST /api/v1/whiteboards HTTP/1.1\" 201 244 \"http://localhost:5173/\" \"Mozilla/5.0 (Windows NT 10.0; Win64; x64) AppleWebKit/537.36 (KHTML, like Gecko) Chrome/148.0.0.0 Safari/537.36\"","service":"visual-whiteboard-api","timestamp":"2026-05-14 18:50:53"}
{"level":"info","message":"::1 - - [14/May/2026:13:20:53 +0000] \"GET /api/v1/whiteboards HTTP/1.1\" 200 475 \"http://localhost:5173/\" \"Mozilla/5.0 (Windows NT 10.0; Win64; x64) AppleWebKit/537.36 (KHTML, like Gecko) Chrome/148.0.0.0 Safari/537.36\"","service":"visual-whiteboard-api","timestamp":"2026-05-14 18:50:53"}
{"level":"info","message":"User a@a.com joined room whiteboard:6a05cc351bb76127c8040194","service":"visual-whiteboard-api","timestamp":"2026-05-14 18:50:59"}
{"level":"info","message":"User a@a.com joined room whiteboard:6a05c8a4d94f91fab1284c49","service":"visual-whiteboard-api","timestamp":"2026-05-14 18:51:01"}
{"level":"info","message":"User a@a.com joined room whiteboard:6a05cc351bb76127c8040194","service":"visual-whiteboard-api","timestamp":"2026-05-14 18:51:04"}
{"level":"info","message":"User a@a.com left room whiteboard:6a05cc351bb76127c8040194","service":"visual-whiteboard-api","timestamp":"2026-05-14 18:51:17"}
{"level":"info","message":"Connected to MongoDB","service":"visual-whiteboard-api","timestamp":"2026-05-14 18:56:53"}
{"level":"info","message":"🚀 Connected to Redis","service":"visual-whiteboard-api","timestamp":"2026-05-14 18:56:53"}
{"level":"info","message":"Server running in development mode on port 5000","service":"visual-whiteboard-api","timestamp":"2026-05-14 18:56:53"}
{"level":"info","message":"🚀 Socket.io Redis Adapter configured","service":"visual-whiteboard-api","timestamp":"2026-05-14 18:56:53"}
{"level":"info","message":"Connected to MongoDB","service":"visual-whiteboard-api","timestamp":"2026-05-14 18:57:10"}
{"level":"info","message":"🚀 Connected to Redis","service":"visual-whiteboard-api","timestamp":"2026-05-14 18:57:10"}
{"level":"info","message":"Server running in development mode on port 5000","service":"visual-whiteboard-api","timestamp":"2026-05-14 18:57:10"}
{"level":"info","message":"🚀 Socket.io Redis Adapter configured","service":"visual-whiteboard-api","timestamp":"2026-05-14 18:57:10"}
{"level":"info","message":"Connected to MongoDB","service":"visual-whiteboard-api","timestamp":"2026-05-14 18:57:29"}
{"level":"info","message":"🚀 Connected to Redis","service":"visual-whiteboard-api","timestamp":"2026-05-14 18:57:29"}
{"level":"info","message":"Server running in development mode on port 5000","service":"visual-whiteboard-api","timestamp":"2026-05-14 18:57:29"}
{"level":"info","message":"🚀 Socket.io Redis Adapter configured","service":"visual-whiteboard-api","timestamp":"2026-05-14 18:57:29"}
{"level":"info","message":"Connected to MongoDB","service":"visual-whiteboard-api","timestamp":"2026-05-14 18:57:51"}
{"level":"info","message":"🚀 Connected to Redis","service":"visual-whiteboard-api","timestamp":"2026-05-14 18:57:51"}
{"level":"info","message":"Server running in development mode on port 5000","service":"visual-whiteboard-api","timestamp":"2026-05-14 18:57:51"}
{"level":"info","message":"🚀 Socket.io Redis Adapter configured","service":"visual-whiteboard-api","timestamp":"2026-05-14 18:57:51"}
{"level":"info","message":"Graceful shutdown initiated...","service":"visual-whiteboard-api","timestamp":"2026-05-14 19:04:05"}
{"level":"info","message":"Connected to MongoDB","service":"visual-whiteboard-api","timestamp":"2026-05-14 19:04:09"}
{"level":"info","message":"🚀 Connected to Redis","service":"visual-whiteboard-api","timestamp":"2026-05-14 19:04:09"}
{"level":"info","message":"Server running in development mode on port 5000","service":"visual-whiteboard-api","timestamp":"2026-05-14 19:04:10"}
{"level":"info","message":"🚀 Socket.io Redis Adapter configured","service":"visual-whiteboard-api","timestamp":"2026-05-14 19:04:10"}
{"level":"info","message":"::1 - - [14/May/2026:13:34:25 +0000] \"POST /api/v1/auth/login HTTP/1.1\" 200 392 \"http://localhost:5173/\" \"Mozilla/5.0 (Windows NT 10.0; Win64; x64) AppleWebKit/537.36 (KHTML, like Gecko) Chrome/148.0.0.0 Safari/537.36\"","service":"visual-whiteboard-api","timestamp":"2026-05-14 19:04:25"}
{"level":"info","message":"::1 - - [14/May/2026:13:34:25 +0000] \"GET /api/v1/whiteboards HTTP/1.1\" 304 - \"http://localhost:5173/\" \"Mozilla/5.0 (Windows NT 10.0; Win64; x64) AppleWebKit/537.36 (KHTML, like Gecko) Chrome/148.0.0.0 Safari/537.36\"","service":"visual-whiteboard-api","timestamp":"2026-05-14 19:04:25"}
{"level":"info","message":"::1 - - [14/May/2026:13:34:25 +0000] \"GET /api/v1/whiteboards HTTP/1.1\" 304 - \"http://localhost:5173/\" \"Mozilla/5.0 (Windows NT 10.0; Win64; x64) AppleWebKit/537.36 (KHTML, like Gecko) Chrome/148.0.0.0 Safari/537.36\"","service":"visual-whiteboard-api","timestamp":"2026-05-14 19:04:25"}
{"level":"info","message":"::1 - - [14/May/2026:13:34:28 +0000] \"GET /api/v1/whiteboards/6a05cc351bb76127c8040194 HTTP/1.1\" 200 302 \"http://localhost:5173/\" \"Mozilla/5.0 (Windows NT 10.0; Win64; x64) AppleWebKit/537.36 (KHTML, like Gecko) Chrome/148.0.0.0 Safari/537.36\"","service":"visual-whiteboard-api","timestamp":"2026-05-14 19:04:28"}
{"level":"info","message":"::1 - - [14/May/2026:13:34:28 +0000] \"GET /api/v1/whiteboards HTTP/1.1\" 304 - \"http://localhost:5173/\" \"Mozilla/5.0 (Windows NT 10.0; Win64; x64) AppleWebKit/537.36 (KHTML, like Gecko) Chrome/148.0.0.0 Safari/537.36\"","service":"visual-whiteboard-api","timestamp":"2026-05-14 19:04:28"}
{"level":"info","message":"::1 - - [14/May/2026:13:34:28 +0000] \"GET /api/v1/whiteboards HTTP/1.1\" 304 - \"http://localhost:5173/\" \"Mozilla/5.0 (Windows NT 10.0; Win64; x64) AppleWebKit/537.36 (KHTML, like Gecko) Chrome/148.0.0.0 Safari/537.36\"","service":"visual-whiteboard-api","timestamp":"2026-05-14 19:04:28"}
{"level":"info","message":"::1 - - [14/May/2026:13:34:29 +0000] \"GET /api/v1/whiteboards/6a05cc351bb76127c8040194 HTTP/1.1\" 304 - \"http://localhost:5173/\" \"Mozilla/5.0 (Windows NT 10.0; Win64; x64) AppleWebKit/537.36 (KHTML, like Gecko) Chrome/148.0.0.0 Safari/537.36\"","service":"visual-whiteboard-api","timestamp":"2026-05-14 19:04:29"}
{"level":"info","message":"::1 - - [14/May/2026:13:34:29 +0000] \"GET /api/v1/whiteboards HTTP/1.1\" 304 - \"http://localhost:5173/\" \"Mozilla/5.0 (Windows NT 10.0; Win64; x64) AppleWebKit/537.36 (KHTML, like Gecko) Chrome/148.0.0.0 Safari/537.36\"","service":"visual-whiteboard-api","timestamp":"2026-05-14 19:04:29"}
{"level":"info","message":"::1 - - [14/May/2026:13:34:29 +0000] \"GET /api/v1/whiteboards HTTP/1.1\" 304 - \"http://localhost:5173/\" \"Mozilla/5.0 (Windows NT 10.0; Win64; x64) AppleWebKit/537.36 (KHTML, like Gecko) Chrome/148.0.0.0 Safari/537.36\"","service":"visual-whiteboard-api","timestamp":"2026-05-14 19:04:29"}
{"level":"info","message":"::1 - - [14/May/2026:13:34:31 +0000] \"POST /api/v1/whiteboards HTTP/1.1\" 201 252 \"http://localhost:5173/\" \"Mozilla/5.0 (Windows NT 10.0; Win64; x64) AppleWebKit/537.36 (KHTML, like Gecko) Chrome/148.0.0.0 Safari/537.36\"","service":"visual-whiteboard-api","timestamp":"2026-05-14 19:04:31"}
{"level":"info","message":"::1 - - [14/May/2026:13:34:31 +0000] \"GET /api/v1/whiteboards/6a05cf678682f6fbf2a25893 HTTP/1.1\" 200 310 \"http://localhost:5173/\" \"Mozilla/5.0 (Windows NT 10.0; Win64; x64) AppleWebKit/537.36 (KHTML, like Gecko) Chrome/148.0.0.0 Safari/537.36\"","service":"visual-whiteboard-api","timestamp":"2026-05-14 19:04:31"}
{"level":"info","message":"::1 - - [14/May/2026:13:34:31 +0000] \"GET /api/v1/whiteboards HTTP/1.1\" 200 700 \"http://localhost:5173/\" \"Mozilla/5.0 (Windows NT 10.0; Win64; x64) AppleWebKit/537.36 (KHTML, like Gecko) Chrome/148.0.0.0 Safari/537.36\"","service":"visual-whiteboard-api","timestamp":"2026-05-14 19:04:31"}
{"level":"info","message":"::1 - - [14/May/2026:13:34:31 +0000] \"GET /api/v1/whiteboards HTTP/1.1\" 304 - \"http://localhost:5173/\" \"Mozilla/5.0 (Windows NT 10.0; Win64; x64) AppleWebKit/537.36 (KHTML, like Gecko) Chrome/148.0.0.0 Safari/537.36\"","service":"visual-whiteboard-api","timestamp":"2026-05-14 19:04:31"}
{"level":"info","message":"::1 - - [14/May/2026:13:34:35 +0000] \"GET /api/v1/whiteboards/6a05cf678682f6fbf2a25893 HTTP/1.1\" 304 - \"http://localhost:5173/\" \"Mozilla/5.0 (Windows NT 10.0; Win64; x64) AppleWebKit/537.36 (KHTML, like Gecko) Chrome/148.0.0.0 Safari/537.36\"","service":"visual-whiteboard-api","timestamp":"2026-05-14 19:04:35"}
{"level":"info","message":"::1 - - [14/May/2026:13:34:35 +0000] \"GET /api/v1/whiteboards HTTP/1.1\" 304 - \"http://localhost:5173/\" \"Mozilla/5.0 (Windows NT 10.0; Win64; x64) AppleWebKit/537.36 (KHTML, like Gecko) Chrome/148.0.0.0 Safari/537.36\"","service":"visual-whiteboard-api","timestamp":"2026-05-14 19:04:35"}
{"level":"info","message":"::1 - - [14/May/2026:13:34:35 +0000] \"GET /api/v1/whiteboards HTTP/1.1\" 304 - \"http://localhost:5173/\" \"Mozilla/5.0 (Windows NT 10.0; Win64; x64) AppleWebKit/537.36 (KHTML, like Gecko) Chrome/148.0.0.0 Safari/537.36\"","service":"visual-whiteboard-api","timestamp":"2026-05-14 19:04:35"}
{"level":"info","message":"::1 - - [14/May/2026:13:34:36 +0000] \"GET /api/v1/whiteboards/6a05c8a4d94f91fab1284c49 HTTP/1.1\" 200 302 \"http://localhost:5173/\" \"Mozilla/5.0 (Windows NT 10.0; Win64; x64) AppleWebKit/537.36 (KHTML, like Gecko) Chrome/148.0.0.0 Safari/537.36\"","service":"visual-whiteboard-api","timestamp":"2026-05-14 19:04:36"}
{"level":"info","message":"::1 - - [14/May/2026:13:34:37 +0000] \"GET /api/v1/whiteboards HTTP/1.1\" 304 - \"http://localhost:5173/\" \"Mozilla/5.0 (Windows NT 10.0; Win64; x64) AppleWebKit/537.36 (KHTML, like Gecko) Chrome/148.0.0.0 Safari/537.36\"","service":"visual-whiteboard-api","timestamp":"2026-05-14 19:04:37"}
{"level":"info","message":"::1 - - [14/May/2026:13:34:37 +0000] \"GET /api/v1/whiteboards HTTP/1.1\" 304 - \"http://localhost:5173/\" \"Mozilla/5.0 (Windows NT 10.0; Win64; x64) AppleWebKit/537.36 (KHTML, like Gecko) Chrome/148.0.0.0 Safari/537.36\"","service":"visual-whiteboard-api","timestamp":"2026-05-14 19:04:37"}
{"level":"info","message":"::1 - - [14/May/2026:13:34:38 +0000] \"GET /api/v1/whiteboards/6a05cc351bb76127c8040194 HTTP/1.1\" 304 - \"http://localhost:5173/\" \"Mozilla/5.0 (Windows NT 10.0; Win64; x64) AppleWebKit/537.36 (KHTML, like Gecko) Chrome/148.0.0.0 Safari/537.36\"","service":"visual-whiteboard-api","timestamp":"2026-05-14 19:04:38"}
{"level":"info","message":"::1 - - [14/May/2026:13:34:38 +0000] \"GET /api/v1/whiteboards HTTP/1.1\" 304 - \"http://localhost:5173/\" \"Mozilla/5.0 (Windows NT 10.0; Win64; x64) AppleWebKit/537.36 (KHTML, like Gecko) Chrome/148.0.0.0 Safari/537.36\"","service":"visual-whiteboard-api","timestamp":"2026-05-14 19:04:38"}
{"level":"info","message":"::1 - - [14/May/2026:13:34:38 +0000] \"GET /api/v1/whiteboards HTTP/1.1\" 304 - \"http://localhost:5173/\" \"Mozilla/5.0 (Windows NT 10.0; Win64; x64) AppleWebKit/537.36 (KHTML, like Gecko) Chrome/148.0.0.0 Safari/537.36\"","service":"visual-whiteboard-api","timestamp":"2026-05-14 19:04:38"}
{"level":"info","message":"::1 - - [14/May/2026:13:34:41 +0000] \"POST /api/v1/whiteboards HTTP/1.1\" 201 252 \"http://localhost:5173/\" \"Mozilla/5.0 (Windows NT 10.0; Win64; x64) AppleWebKit/537.36 (KHTML, like Gecko) Chrome/148.0.0.0 Safari/537.36\"","service":"visual-whiteboard-api","timestamp":"2026-05-14 19:04:41"}
{"level":"info","message":"::1 - - [14/May/2026:13:34:41 +0000] \"GET /api/v1/whiteboards/6a05cf718682f6fbf2a25894 HTTP/1.1\" 200 310 \"http://localhost:5173/\" \"Mozilla/5.0 (Windows NT 10.0; Win64; x64) AppleWebKit/537.36 (KHTML, like Gecko) Chrome/148.0.0.0 Safari/537.36\"","service":"visual-whiteboard-api","timestamp":"2026-05-14 19:04:41"}
{"level":"info","message":"::1 - - [14/May/2026:13:34:41 +0000] \"GET /api/v1/whiteboards HTTP/1.1\" 200 925 \"http://localhost:5173/\" \"Mozilla/5.0 (Windows NT 10.0; Win64; x64) AppleWebKit/537.36 (KHTML, like Gecko) Chrome/148.0.0.0 Safari/537.36\"","service":"visual-whiteboard-api","timestamp":"2026-05-14 19:04:41"}
{"level":"info","message":"::1 - - [14/May/2026:13:34:41 +0000] \"GET /api/v1/whiteboards HTTP/1.1\" 304 - \"http://localhost:5173/\" \"Mozilla/5.0 (Windows NT 10.0; Win64; x64) AppleWebKit/537.36 (KHTML, like Gecko) Chrome/148.0.0.0 Safari/537.36\"","service":"visual-whiteboard-api","timestamp":"2026-05-14 19:04:41"}
{"level":"info","message":"::1 - - [14/May/2026:13:34:42 +0000] \"GET /api/v1/whiteboards/6a05c8a4d94f91fab1284c49 HTTP/1.1\" 304 - \"http://localhost:5173/\" \"Mozilla/5.0 (Windows NT 10.0; Win64; x64) AppleWebKit/537.36 (KHTML, like Gecko) Chrome/148.0.0.0 Safari/537.36\"","service":"visual-whiteboard-api","timestamp":"2026-05-14 19:04:42"}
{"level":"info","message":"::1 - - [14/May/2026:13:34:42 +0000] \"GET /api/v1/whiteboards HTTP/1.1\" 304 - \"http://localhost:5173/\" \"Mozilla/5.0 (Windows NT 10.0; Win64; x64) AppleWebKit/537.36 (KHTML, like Gecko) Chrome/148.0.0.0 Safari/537.36\"","service":"visual-whiteboard-api","timestamp":"2026-05-14 19:04:42"}
{"level":"info","message":"::1 - - [14/May/2026:13:34:42 +0000] \"GET /api/v1/whiteboards HTTP/1.1\" 304 - \"http://localhost:5173/\" \"Mozilla/5.0 (Windows NT 10.0; Win64; x64) AppleWebKit/537.36 (KHTML, like Gecko) Chrome/148.0.0.0 Safari/537.36\"","service":"visual-whiteboard-api","timestamp":"2026-05-14 19:04:42"}
{"level":"info","message":"::1 - - [14/May/2026:13:34:43 +0000] \"GET /api/v1/whiteboards/6a05c8a4d94f91fab1284c49 HTTP/1.1\" 304 - \"http://localhost:5173/\" \"Mozilla/5.0 (Windows NT 10.0; Win64; x64) AppleWebKit/537.36 (KHTML, like Gecko) Chrome/148.0.0.0 Safari/537.36\"","service":"visual-whiteboard-api","timestamp":"2026-05-14 19:04:43"}
{"level":"info","message":"::1 - - [14/May/2026:13:34:43 +0000] \"GET /api/v1/whiteboards HTTP/1.1\" 304 - \"http://localhost:5173/\" \"Mozilla/5.0 (Windows NT 10.0; Win64; x64) AppleWebKit/537.36 (KHTML, like Gecko) Chrome/148.0.0.0 Safari/537.36\"","service":"visual-whiteboard-api","timestamp":"2026-05-14 19:04:43"}
{"level":"info","message":"::1 - - [14/May/2026:13:34:43 +0000] \"GET /api/v1/whiteboards HTTP/1.1\" 304 - \"http://localhost:5173/\" \"Mozilla/5.0 (Windows NT 10.0; Win64; x64) AppleWebKit/537.36 (KHTML, like Gecko) Chrome/148.0.0.0 Safari/537.36\"","service":"visual-whiteboard-api","timestamp":"2026-05-14 19:04:43"}
{"level":"info","message":"::1 - - [14/May/2026:13:36:03 +0000] \"POST /api/v1/auth/login HTTP/1.1\" 401 55 \"http://localhost:5173/\" \"Mozilla/5.0 (Windows NT 10.0; Win64; x64) AppleWebKit/537.36 (KHTML, like Gecko) Chrome/148.0.0.0 Safari/537.36\"","service":"visual-whiteboard-api","timestamp":"2026-05-14 19:06:03"}
{"level":"info","message":"::1 - - [14/May/2026:13:36:22 +0000] \"POST /api/v1/auth/register HTTP/1.1\" 400 49 \"http://localhost:5173/\" \"Mozilla/5.0 (Windows NT 10.0; Win64; x64) AppleWebKit/537.36 (KHTML, like Gecko) Chrome/148.0.0.0 Safari/537.36\"","service":"visual-whiteboard-api","timestamp":"2026-05-14 19:06:22"}
{"level":"info","message":"::1 - - [14/May/2026:13:36:36 +0000] \"POST /api/v1/auth/register HTTP/1.1\" 201 399 \"http://localhost:5173/\" \"Mozilla/5.0 (Windows NT 10.0; Win64; x64) AppleWebKit/537.36 (KHTML, like Gecko) Chrome/148.0.0.0 Safari/537.36\"","service":"visual-whiteboard-api","timestamp":"2026-05-14 19:06:36"}
{"level":"info","message":"::1 - - [14/May/2026:13:36:36 +0000] \"GET /api/v1/whiteboards HTTP/1.1\" 200 42 \"http://localhost:5173/\" \"Mozilla/5.0 (Windows NT 10.0; Win64; x64) AppleWebKit/537.36 (KHTML, like Gecko) Chrome/148.0.0.0 Safari/537.36\"","service":"visual-whiteboard-api","timestamp":"2026-05-14 19:06:36"}
{"level":"info","message":"::1 - - [14/May/2026:13:36:36 +0000] \"GET /api/v1/whiteboards HTTP/1.1\" 304 - \"http://localhost:5173/\" \"Mozilla/5.0 (Windows NT 10.0; Win64; x64) AppleWebKit/537.36 (KHTML, like Gecko) Chrome/148.0.0.0 Safari/537.36\"","service":"visual-whiteboard-api","timestamp":"2026-05-14 19:06:36"}
{"level":"info","message":"::1 - - [14/May/2026:13:36:53 +0000] \"POST /api/v1/whiteboards HTTP/1.1\" 201 252 \"http://localhost:5173/\" \"Mozilla/5.0 (Windows NT 10.0; Win64; x64) AppleWebKit/537.36 (KHTML, like Gecko) Chrome/148.0.0.0 Safari/537.36\"","service":"visual-whiteboard-api","timestamp":"2026-05-14 19:06:53"}
{"level":"info","message":"::1 - - [14/May/2026:13:36:53 +0000] \"GET /api/v1/whiteboards/6a05cff58682f6fbf2a25897 HTTP/1.1\" 200 317 \"http://localhost:5173/\" \"Mozilla/5.0 (Windows NT 10.0; Win64; x64) AppleWebKit/537.36 (KHTML, like Gecko) Chrome/148.0.0.0 Safari/537.36\"","service":"visual-whiteboard-api","timestamp":"2026-05-14 19:06:53"}
{"level":"info","message":"::1 - - [14/May/2026:13:36:53 +0000] \"GET /api/v1/whiteboards HTTP/1.1\" 200 266 \"http://localhost:5173/\" \"Mozilla/5.0 (Windows NT 10.0; Win64; x64) AppleWebKit/537.36 (KHTML, like Gecko) Chrome/148.0.0.0 Safari/537.36\"","service":"visual-whiteboard-api","timestamp":"2026-05-14 19:06:53"}
{"level":"info","message":"::1 - - [14/May/2026:13:36:53 +0000] \"GET /api/v1/whiteboards HTTP/1.1\" 304 - \"http://localhost:5173/\" \"Mozilla/5.0 (Windows NT 10.0; Win64; x64) AppleWebKit/537.36 (KHTML, like Gecko) Chrome/148.0.0.0 Safari/537.36\"","service":"visual-whiteboard-api","timestamp":"2026-05-14 19:06:53"}
{"level":"info","message":"::1 - - [14/May/2026:13:36:59 +0000] \"POST /api/v1/whiteboards HTTP/1.1\" 201 252 \"http://localhost:5173/\" \"Mozilla/5.0 (Windows NT 10.0; Win64; x64) AppleWebKit/537.36 (KHTML, like Gecko) Chrome/148.0.0.0 Safari/537.36\"","service":"visual-whiteboard-api","timestamp":"2026-05-14 19:06:59"}
{"level":"info","message":"::1 - - [14/May/2026:13:36:59 +0000] \"GET /api/v1/whiteboards/6a05cffb8682f6fbf2a25898 HTTP/1.1\" 200 317 \"http://localhost:5173/\" \"Mozilla/5.0 (Windows NT 10.0; Win64; x64) AppleWebKit/537.36 (KHTML, like Gecko) Chrome/148.0.0.0 Safari/537.36\"","service":"visual-whiteboard-api","timestamp":"2026-05-14 19:06:59"}
{"level":"info","message":"::1 - - [14/May/2026:13:36:59 +0000] \"GET /api/v1/whiteboards HTTP/1.1\" 200 491 \"http://localhost:5173/\" \"Mozilla/5.0 (Windows NT 10.0; Win64; x64) AppleWebKit/537.36 (KHTML, like Gecko) Chrome/148.0.0.0 Safari/537.36\"","service":"visual-whiteboard-api","timestamp":"2026-05-14 19:06:59"}
{"level":"info","message":"::1 - - [14/May/2026:13:36:59 +0000] \"GET /api/v1/whiteboards HTTP/1.1\" 304 - \"http://localhost:5173/\" \"Mozilla/5.0 (Windows NT 10.0; Win64; x64) AppleWebKit/537.36 (KHTML, like Gecko) Chrome/148.0.0.0 Safari/537.36\"","service":"visual-whiteboard-api","timestamp":"2026-05-14 19:06:59"}
{"level":"info","message":"::1 - - [14/May/2026:13:37:06 +0000] \"GET /api/v1/whiteboards/6a05cffb8682f6fbf2a25898 HTTP/1.1\" 304 - \"http://localhost:5173/\" \"Mozilla/5.0 (Windows NT 10.0; Win64; x64) AppleWebKit/537.36 (KHTML, like Gecko) Chrome/148.0.0.0 Safari/537.36\"","service":"visual-whiteboard-api","timestamp":"2026-05-14 19:07:06"}
{"level":"info","message":"::1 - - [14/May/2026:13:37:06 +0000] \"GET /api/v1/whiteboards HTTP/1.1\" 304 - \"http://localhost:5173/\" \"Mozilla/5.0 (Windows NT 10.0; Win64; x64) AppleWebKit/537.36 (KHTML, like Gecko) Chrome/148.0.0.0 Safari/537.36\"","service":"visual-whiteboard-api","timestamp":"2026-05-14 19:07:06"}
{"level":"info","message":"::1 - - [14/May/2026:13:37:06 +0000] \"GET /api/v1/whiteboards HTTP/1.1\" 304 - \"http://localhost:5173/\" \"Mozilla/5.0 (Windows NT 10.0; Win64; x64) AppleWebKit/537.36 (KHTML, like Gecko) Chrome/148.0.0.0 Safari/537.36\"","service":"visual-whiteboard-api","timestamp":"2026-05-14 19:07:06"}
{"level":"info","message":"::1 - - [14/May/2026:13:37:22 +0000] \"GET /api/v1/whiteboards HTTP/1.1\" 304 - \"http://localhost:5173/\" \"Mozilla/5.0 (Windows NT 10.0; Win64; x64) AppleWebKit/537.36 (KHTML, like Gecko) Chrome/148.0.0.0 Safari/537.36\"","service":"visual-whiteboard-api","timestamp":"2026-05-14 19:07:22"}
{"level":"info","message":"::1 - - [14/May/2026:13:37:22 +0000] \"GET /api/v1/whiteboards HTTP/1.1\" 304 - \"http://localhost:5173/\" \"Mozilla/5.0 (Windows NT 10.0; Win64; x64) AppleWebKit/537.36 (KHTML, like Gecko) Chrome/148.0.0.0 Safari/537.36\"","service":"visual-whiteboard-api","timestamp":"2026-05-14 19:07:22"}
{"level":"info","message":"::1 - - [14/May/2026:13:37:56 +0000] \"GET /api/v1/whiteboards/6a05cff58682f6fbf2a25897 HTTP/1.1\" 304 - \"http://localhost:5173/\" \"Mozilla/5.0 (Windows NT 10.0; Win64; x64) AppleWebKit/537.36 (KHTML, like Gecko) Chrome/148.0.0.0 Safari/537.36\"","service":"visual-whiteboard-api","timestamp":"2026-05-14 19:07:56"}
{"level":"info","message":"::1 - - [14/May/2026:13:37:56 +0000] \"GET /api/v1/whiteboards HTTP/1.1\" 304 - \"http://localhost:5173/\" \"Mozilla/5.0 (Windows NT 10.0; Win64; x64) AppleWebKit/537.36 (KHTML, like Gecko) Chrome/148.0.0.0 Safari/537.36\"","service":"visual-whiteboard-api","timestamp":"2026-05-14 19:07:56"}
{"level":"info","message":"::1 - - [14/May/2026:13:37:56 +0000] \"GET /api/v1/whiteboards HTTP/1.1\" 304 - \"http://localhost:5173/\" \"Mozilla/5.0 (Windows NT 10.0; Win64; x64) AppleWebKit/537.36 (KHTML, like Gecko) Chrome/148.0.0.0 Safari/537.36\"","service":"visual-whiteboard-api","timestamp":"2026-05-14 19:07:56"}
{"level":"info","message":"::1 - - [14/May/2026:13:40:08 +0000] \"GET /api/v1/whiteboards HTTP/1.1\" 304 - \"http://localhost:5173/\" \"Mozilla/5.0 (Windows NT 10.0; Win64; x64) AppleWebKit/537.36 (KHTML, like Gecko) Chrome/148.0.0.0 Safari/537.36\"","service":"visual-whiteboard-api","timestamp":"2026-05-14 19:10:08"}
{"level":"info","message":"::1 - - [14/May/2026:13:40:08 +0000] \"GET /api/v1/whiteboards HTTP/1.1\" 304 - \"http://localhost:5173/\" \"Mozilla/5.0 (Windows NT 10.0; Win64; x64) AppleWebKit/537.36 (KHTML, like Gecko) Chrome/148.0.0.0 Safari/537.36\"","service":"visual-whiteboard-api","timestamp":"2026-05-14 19:10:08"}
{"level":"info","message":"::1 - - [14/May/2026:13:40:10 +0000] \"GET /api/v1/whiteboards/6a05cffb8682f6fbf2a25898 HTTP/1.1\" 304 - \"http://localhost:5173/\" \"Mozilla/5.0 (Windows NT 10.0; Win64; x64) AppleWebKit/537.36 (KHTML, like Gecko) Chrome/148.0.0.0 Safari/537.36\"","service":"visual-whiteboard-api","timestamp":"2026-05-14 19:10:10"}
{"level":"info","message":"⚡ Socket connected: T9hYRRHziLK-kh7QAAAZ (User: b@b.com)","service":"visual-whiteboard-api","timestamp":"2026-05-14 19:10:10"}
{"level":"info","message":"User b@b.com joined room whiteboard:6a05cffb8682f6fbf2a25898","service":"visual-whiteboard-api","timestamp":"2026-05-14 19:10:10"}
{"level":"info","message":"::1 - - [14/May/2026:13:40:20 +0000] \"PUT /api/v1/whiteboards/6a05cffb8682f6fbf2a25898/canvas HTTP/1.1\" 200 58 \"http://localhost:5173/\" \"Mozilla/5.0 (Windows NT 10.0; Win64; x64) AppleWebKit/537.36 (KHTML, like Gecko) Chrome/148.0.0.0 Safari/537.36\"","service":"visual-whiteboard-api","timestamp":"2026-05-14 19:10:20"}
{"level":"error","message":"PayloadTooLargeError: request entity too large\n    at readStream (D:\\Dhanush\\javaScriptNode\\rove\\backend\\node_modules\\raw-body\\index.js:163:17)\n    at getRawBody (D:\\Dhanush\\javaScriptNode\\rove\\backend\\node_modules\\raw-body\\index.js:116:12)\n    at read (D:\\Dhanush\\javaScriptNode\\rove\\backend\\node_modules\\body-parser\\lib\\read.js:113:3)\n    at jsonParser (D:\\Dhanush\\javaScriptNode\\rove\\backend\\node_modules\\body-parser\\lib\\types\\json.js:88:5)\n    at Layer.handleRequest (D:\\Dhanush\\javaScriptNode\\rove\\backend\\node_modules\\router\\lib\\layer.js:152:17)\n    at trimPrefix (D:\\Dhanush\\javaScriptNode\\rove\\backend\\node_modules\\router\\index.js:342:13)\n    at D:\\Dhanush\\javaScriptNode\\rove\\backend\\node_modules\\router\\index.js:297:9\n    at processParams (D:\\Dhanush\\javaScriptNode\\rove\\backend\\node_modules\\router\\index.js:582:12)\n    at next (D:\\Dhanush\\javaScriptNode\\rove\\backend\\node_modules\\router\\index.js:291:5)\n    at D:\\Dhanush\\javaScriptNode\\rove\\backend\\node_modules\\express-rate-limit\\dist\\index.cjs:999:7","service":"visual-whiteboard-api","timestamp":"2026-05-14 19:10:24"}
{"level":"error","message":"PayloadTooLargeError: request entity too large\n    at readStream (D:\\Dhanush\\javaScriptNode\\rove\\backend\\node_modules\\raw-body\\index.js:163:17)\n    at getRawBody (D:\\Dhanush\\javaScriptNode\\rove\\backend\\node_modules\\raw-body\\index.js:116:12)\n    at read (D:\\Dhanush\\javaScriptNode\\rove\\backend\\node_modules\\body-parser\\lib\\read.js:113:3)\n    at jsonParser (D:\\Dhanush\\javaScriptNode\\rove\\backend\\node_modules\\body-parser\\lib\\types\\json.js:88:5)\n    at Layer.handleRequest (D:\\Dhanush\\javaScriptNode\\rove\\backend\\node_modules\\router\\lib\\layer.js:152:17)\n    at trimPrefix (D:\\Dhanush\\javaScriptNode\\rove\\backend\\node_modules\\router\\index.js:342:13)\n    at D:\\Dhanush\\javaScriptNode\\rove\\backend\\node_modules\\router\\index.js:297:9\n    at processParams (D:\\Dhanush\\javaScriptNode\\rove\\backend\\node_modules\\router\\index.js:582:12)\n    at next (D:\\Dhanush\\javaScriptNode\\rove\\backend\\node_modules\\router\\index.js:291:5)\n    at D:\\Dhanush\\javaScriptNode\\rove\\backend\\node_modules\\express-rate-limit\\dist\\index.cjs:999:7","service":"visual-whiteboard-api","timestamp":"2026-05-14 19:10:28"}
{"level":"error","message":"PayloadTooLargeError: request entity too large\n    at readStream (D:\\Dhanush\\javaScriptNode\\rove\\backend\\node_modules\\raw-body\\index.js:163:17)\n    at getRawBody (D:\\Dhanush\\javaScriptNode\\rove\\backend\\node_modules\\raw-body\\index.js:116:12)\n    at read (D:\\Dhanush\\javaScriptNode\\rove\\backend\\node_modules\\body-parser\\lib\\read.js:113:3)\n    at jsonParser (D:\\Dhanush\\javaScriptNode\\rove\\backend\\node_modules\\body-parser\\lib\\types\\json.js:88:5)\n    at Layer.handleRequest (D:\\Dhanush\\javaScriptNode\\rove\\backend\\node_modules\\router\\lib\\layer.js:152:17)\n    at trimPrefix (D:\\Dhanush\\javaScriptNode\\rove\\backend\\node_modules\\router\\index.js:342:13)\n    at D:\\Dhanush\\javaScriptNode\\rove\\backend\\node_modules\\router\\index.js:297:9\n    at processParams (D:\\Dhanush\\javaScriptNode\\rove\\backend\\node_modules\\router\\index.js:582:12)\n    at next (D:\\Dhanush\\javaScriptNode\\rove\\backend\\node_modules\\router\\index.js:291:5)\n    at D:\\Dhanush\\javaScriptNode\\rove\\backend\\node_modules\\express-rate-limit\\dist\\index.cjs:999:7","service":"visual-whiteboard-api","timestamp":"2026-05-14 19:10:36"}
{"level":"error","message":"PayloadTooLargeError: request entity too large\n    at readStream (D:\\Dhanush\\javaScriptNode\\rove\\backend\\node_modules\\raw-body\\index.js:163:17)\n    at getRawBody (D:\\Dhanush\\javaScriptNode\\rove\\backend\\node_modules\\raw-body\\index.js:116:12)\n    at read (D:\\Dhanush\\javaScriptNode\\rove\\backend\\node_modules\\body-parser\\lib\\read.js:113:3)\n    at jsonParser (D:\\Dhanush\\javaScriptNode\\rove\\backend\\node_modules\\body-parser\\lib\\types\\json.js:88:5)\n    at Layer.handleRequest (D:\\Dhanush\\javaScriptNode\\rove\\backend\\node_modules\\router\\lib\\layer.js:152:17)\n    at trimPrefix (D:\\Dhanush\\javaScriptNode\\rove\\backend\\node_modules\\router\\index.js:342:13)\n    at D:\\Dhanush\\javaScriptNode\\rove\\backend\\node_modules\\router\\index.js:297:9\n    at processParams (D:\\Dhanush\\javaScriptNode\\rove\\backend\\node_modules\\router\\index.js:582:12)\n    at next (D:\\Dhanush\\javaScriptNode\\rove\\backend\\node_modules\\router\\index.js:291:5)\n    at D:\\Dhanush\\javaScriptNode\\rove\\backend\\node_modules\\express-rate-limit\\dist\\index.cjs:999:7","service":"visual-whiteboard-api","timestamp":"2026-05-14 19:10:46"}
{"level":"error","message":"PayloadTooLargeError: request entity too large\n    at readStream (D:\\Dhanush\\javaScriptNode\\rove\\backend\\node_modules\\raw-body\\index.js:163:17)\n    at getRawBody (D:\\Dhanush\\javaScriptNode\\rove\\backend\\node_modules\\raw-body\\index.js:116:12)\n    at read (D:\\Dhanush\\javaScriptNode\\rove\\backend\\node_modules\\body-parser\\lib\\read.js:113:3)\n    at jsonParser (D:\\Dhanush\\javaScriptNode\\rove\\backend\\node_modules\\body-parser\\lib\\types\\json.js:88:5)\n    at Layer.handleRequest (D:\\Dhanush\\javaScriptNode\\rove\\backend\\node_modules\\router\\lib\\layer.js:152:17)\n    at trimPrefix (D:\\Dhanush\\javaScriptNode\\rove\\backend\\node_modules\\router\\index.js:342:13)\n    at D:\\Dhanush\\javaScriptNode\\rove\\backend\\node_modules\\router\\index.js:297:9\n    at processParams (D:\\Dhanush\\javaScriptNode\\rove\\backend\\node_modules\\router\\index.js:582:12)\n    at next (D:\\Dhanush\\javaScriptNode\\rove\\backend\\node_modules\\router\\index.js:291:5)\n    at D:\\Dhanush\\javaScriptNode\\rove\\backend\\node_modules\\express-rate-limit\\dist\\index.cjs:999:7","service":"visual-whiteboard-api","timestamp":"2026-05-14 19:10:55"}
{"level":"error","message":"PayloadTooLargeError: request entity too large\n    at readStream (D:\\Dhanush\\javaScriptNode\\rove\\backend\\node_modules\\raw-body\\index.js:163:17)\n    at getRawBody (D:\\Dhanush\\javaScriptNode\\rove\\backend\\node_modules\\raw-body\\index.js:116:12)\n    at read (D:\\Dhanush\\javaScriptNode\\rove\\backend\\node_modules\\body-parser\\lib\\read.js:113:3)\n    at jsonParser (D:\\Dhanush\\javaScriptNode\\rove\\backend\\node_modules\\body-parser\\lib\\types\\json.js:88:5)\n    at Layer.handleRequest (D:\\Dhanush\\javaScriptNode\\rove\\backend\\node_modules\\router\\lib\\layer.js:152:17)\n    at trimPrefix (D:\\Dhanush\\javaScriptNode\\rove\\backend\\node_modules\\router\\index.js:342:13)\n    at D:\\Dhanush\\javaScriptNode\\rove\\backend\\node_modules\\router\\index.js:297:9\n    at processParams (D:\\Dhanush\\javaScriptNode\\rove\\backend\\node_modules\\router\\index.js:582:12)\n    at next (D:\\Dhanush\\javaScriptNode\\rove\\backend\\node_modules\\router\\index.js:291:5)\n    at D:\\Dhanush\\javaScriptNode\\rove\\backend\\node_modules\\express-rate-limit\\dist\\index.cjs:999:7","service":"visual-whiteboard-api","timestamp":"2026-05-14 19:10:58"}
{"level":"error","message":"PayloadTooLargeError: request entity too large\n    at readStream (D:\\Dhanush\\javaScriptNode\\rove\\backend\\node_modules\\raw-body\\index.js:163:17)\n    at getRawBody (D:\\Dhanush\\javaScriptNode\\rove\\backend\\node_modules\\raw-body\\index.js:116:12)\n    at read (D:\\Dhanush\\javaScriptNode\\rove\\backend\\node_modules\\body-parser\\lib\\read.js:113:3)\n    at jsonParser (D:\\Dhanush\\javaScriptNode\\rove\\backend\\node_modules\\body-parser\\lib\\types\\json.js:88:5)\n    at Layer.handleRequest (D:\\Dhanush\\javaScriptNode\\rove\\backend\\node_modules\\router\\lib\\layer.js:152:17)\n    at trimPrefix (D:\\Dhanush\\javaScriptNode\\rove\\backend\\node_modules\\router\\index.js:342:13)\n    at D:\\Dhanush\\javaScriptNode\\rove\\backend\\node_modules\\router\\index.js:297:9\n    at processParams (D:\\Dhanush\\javaScriptNode\\rove\\backend\\node_modules\\router\\index.js:582:12)\n    at next (D:\\Dhanush\\javaScriptNode\\rove\\backend\\node_modules\\router\\index.js:291:5)\n    at D:\\Dhanush\\javaScriptNode\\rove\\backend\\node_modules\\express-rate-limit\\dist\\index.cjs:999:7","service":"visual-whiteboard-api","timestamp":"2026-05-14 19:11:05"}
{"level":"error","message":"PayloadTooLargeError: request entity too large\n    at readStream (D:\\Dhanush\\javaScriptNode\\rove\\backend\\node_modules\\raw-body\\index.js:163:17)\n    at getRawBody (D:\\Dhanush\\javaScriptNode\\rove\\backend\\node_modules\\raw-body\\index.js:116:12)\n    at read (D:\\Dhanush\\javaScriptNode\\rove\\backend\\node_modules\\body-parser\\lib\\read.js:113:3)\n    at jsonParser (D:\\Dhanush\\javaScriptNode\\rove\\backend\\node_modules\\body-parser\\lib\\types\\json.js:88:5)\n    at Layer.handleRequest (D:\\Dhanush\\javaScriptNode\\rove\\backend\\node_modules\\router\\lib\\layer.js:152:17)\n    at trimPrefix (D:\\Dhanush\\javaScriptNode\\rove\\backend\\node_modules\\router\\index.js:342:13)\n    at D:\\Dhanush\\javaScriptNode\\rove\\backend\\node_modules\\router\\index.js:297:9\n    at processParams (D:\\Dhanush\\javaScriptNode\\rove\\backend\\node_modules\\router\\index.js:582:12)\n    at next (D:\\Dhanush\\javaScriptNode\\rove\\backend\\node_modules\\router\\index.js:291:5)\n    at D:\\Dhanush\\javaScriptNode\\rove\\backend\\node_modules\\express-rate-limit\\dist\\index.cjs:999:7","service":"visual-whiteboard-api","timestamp":"2026-05-14 19:11:11"}
{"level":"error","message":"PayloadTooLargeError: request entity too large\n    at readStream (D:\\Dhanush\\javaScriptNode\\rove\\backend\\node_modules\\raw-body\\index.js:163:17)\n    at getRawBody (D:\\Dhanush\\javaScriptNode\\rove\\backend\\node_modules\\raw-body\\index.js:116:12)\n    at read (D:\\Dhanush\\javaScriptNode\\rove\\backend\\node_modules\\body-parser\\lib\\read.js:113:3)\n    at jsonParser (D:\\Dhanush\\javaScriptNode\\rove\\backend\\node_modules\\body-parser\\lib\\types\\json.js:88:5)\n    at Layer.handleRequest (D:\\Dhanush\\javaScriptNode\\rove\\backend\\node_modules\\router\\lib\\layer.js:152:17)\n    at trimPrefix (D:\\Dhanush\\javaScriptNode\\rove\\backend\\node_modules\\router\\index.js:342:13)\n    at D:\\Dhanush\\javaScriptNode\\rove\\backend\\node_modules\\router\\index.js:297:9\n    at processParams (D:\\Dhanush\\javaScriptNode\\rove\\backend\\node_modules\\router\\index.js:582:12)\n    at next (D:\\Dhanush\\javaScriptNode\\rove\\backend\\node_modules\\router\\index.js:291:5)\n    at D:\\Dhanush\\javaScriptNode\\rove\\backend\\node_modules\\express-rate-limit\\dist\\index.cjs:999:7","service":"visual-whiteboard-api","timestamp":"2026-05-14 19:11:32"}
{"level":"info","message":"::1 - - [14/May/2026:13:41:35 +0000] \"POST /api/v1/whiteboards/6a05cffb8682f6fbf2a25898/analyze HTTP/1.1\" 200 51 \"http://localhost:5173/\" \"Mozilla/5.0 (Windows NT 10.0; Win64; x64) AppleWebKit/537.36 (KHTML, like Gecko) Chrome/148.0.0.0 Safari/537.36\"","service":"visual-whiteboard-api","timestamp":"2026-05-14 19:11:35"}
{"level":"info","message":"::1 - - [14/May/2026:13:41:40 +0000] \"POST /api/v1/whiteboards/6a05cffb8682f6fbf2a25898/analyze HTTP/1.1\" 200 51 \"http://localhost:5173/\" \"Mozilla/5.0 (Windows NT 10.0; Win64; x64) AppleWebKit/537.36 (KHTML, like Gecko) Chrome/148.0.0.0 Safari/537.36\"","service":"visual-whiteboard-api","timestamp":"2026-05-14 19:11:40"}
{"level":"error","message":"PayloadTooLargeError: request entity too large\n    at readStream (D:\\Dhanush\\javaScriptNode\\rove\\backend\\node_modules\\raw-body\\index.js:163:17)\n    at getRawBody (D:\\Dhanush\\javaScriptNode\\rove\\backend\\node_modules\\raw-body\\index.js:116:12)\n    at read (D:\\Dhanush\\javaScriptNode\\rove\\backend\\node_modules\\body-parser\\lib\\read.js:113:3)\n    at jsonParser (D:\\Dhanush\\javaScriptNode\\rove\\backend\\node_modules\\body-parser\\lib\\types\\json.js:88:5)\n    at Layer.handleRequest (D:\\Dhanush\\javaScriptNode\\rove\\backend\\node_modules\\router\\lib\\layer.js:152:17)\n    at trimPrefix (D:\\Dhanush\\javaScriptNode\\rove\\backend\\node_modules\\router\\index.js:342:13)\n    at D:\\Dhanush\\javaScriptNode\\rove\\backend\\node_modules\\router\\index.js:297:9\n    at processParams (D:\\Dhanush\\javaScriptNode\\rove\\backend\\node_modules\\router\\index.js:582:12)\n    at next (D:\\Dhanush\\javaScriptNode\\rove\\backend\\node_modules\\router\\index.js:291:5)\n    at D:\\Dhanush\\javaScriptNode\\rove\\backend\\node_modules\\express-rate-limit\\dist\\index.cjs:999:7","service":"visual-whiteboard-api","timestamp":"2026-05-14 19:11:42"}
{"level":"error","message":"PayloadTooLargeError: request entity too large\n    at readStream (D:\\Dhanush\\javaScriptNode\\rove\\backend\\node_modules\\raw-body\\index.js:163:17)\n    at getRawBody (D:\\Dhanush\\javaScriptNode\\rove\\backend\\node_modules\\raw-body\\index.js:116:12)\n    at read (D:\\Dhanush\\javaScriptNode\\rove\\backend\\node_modules\\body-parser\\lib\\read.js:113:3)\n    at jsonParser (D:\\Dhanush\\javaScriptNode\\rove\\backend\\node_modules\\body-parser\\lib\\types\\json.js:88:5)\n    at Layer.handleRequest (D:\\Dhanush\\javaScriptNode\\rove\\backend\\node_modules\\router\\lib\\layer.js:152:17)\n    at trimPrefix (D:\\Dhanush\\javaScriptNode\\rove\\backend\\node_modules\\router\\index.js:342:13)\n    at D:\\Dhanush\\javaScriptNode\\rove\\backend\\node_modules\\router\\index.js:297:9\n    at processParams (D:\\Dhanush\\javaScriptNode\\rove\\backend\\node_modules\\router\\index.js:582:12)\n    at next (D:\\Dhanush\\javaScriptNode\\rove\\backend\\node_modules\\router\\index.js:291:5)\n    at D:\\Dhanush\\javaScriptNode\\rove\\backend\\node_modules\\express-rate-limit\\dist\\index.cjs:999:7","service":"visual-whiteboard-api","timestamp":"2026-05-14 19:11:52"}
{"level":"error","message":"PayloadTooLargeError: request entity too large\n    at readStream (D:\\Dhanush\\javaScriptNode\\rove\\backend\\node_modules\\raw-body\\index.js:163:17)\n    at getRawBody (D:\\Dhanush\\javaScriptNode\\rove\\backend\\node_modules\\raw-body\\index.js:116:12)\n    at read (D:\\Dhanush\\javaScriptNode\\rove\\backend\\node_modules\\body-parser\\lib\\read.js:113:3)\n    at jsonParser (D:\\Dhanush\\javaScriptNode\\rove\\backend\\node_modules\\body-parser\\lib\\types\\json.js:88:5)\n    at Layer.handleRequest (D:\\Dhanush\\javaScriptNode\\rove\\backend\\node_modules\\router\\lib\\layer.js:152:17)\n    at trimPrefix (D:\\Dhanush\\javaScriptNode\\rove\\backend\\node_modules\\router\\index.js:342:13)\n    at D:\\Dhanush\\javaScriptNode\\rove\\backend\\node_modules\\router\\index.js:297:9\n    at processParams (D:\\Dhanush\\javaScriptNode\\rove\\backend\\node_modules\\router\\index.js:582:12)\n    at next (D:\\Dhanush\\javaScriptNode\\rove\\backend\\node_modules\\router\\index.js:291:5)\n    at D:\\Dhanush\\javaScriptNode\\rove\\backend\\node_modules\\express-rate-limit\\dist\\index.cjs:999:7","service":"visual-whiteboard-api","timestamp":"2026-05-14 19:12:00"}
{"level":"error","message":"PayloadTooLargeError: request entity too large\n    at readStream (D:\\Dhanush\\javaScriptNode\\rove\\backend\\node_modules\\raw-body\\index.js:163:17)\n    at getRawBody (D:\\Dhanush\\javaScriptNode\\rove\\backend\\node_modules\\raw-body\\index.js:116:12)\n    at read (D:\\Dhanush\\javaScriptNode\\rove\\backend\\node_modules\\body-parser\\lib\\read.js:113:3)\n    at jsonParser (D:\\Dhanush\\javaScriptNode\\rove\\backend\\node_modules\\body-parser\\lib\\types\\json.js:88:5)\n    at Layer.handleRequest (D:\\Dhanush\\javaScriptNode\\rove\\backend\\node_modules\\router\\lib\\layer.js:152:17)\n    at trimPrefix (D:\\Dhanush\\javaScriptNode\\rove\\backend\\node_modules\\router\\index.js:342:13)\n    at D:\\Dhanush\\javaScriptNode\\rove\\backend\\node_modules\\router\\index.js:297:9\n    at processParams (D:\\Dhanush\\javaScriptNode\\rove\\backend\\node_modules\\router\\index.js:582:12)\n    at next (D:\\Dhanush\\javaScriptNode\\rove\\backend\\node_modules\\router\\index.js:291:5)\n    at D:\\Dhanush\\javaScriptNode\\rove\\backend\\node_modules\\express-rate-limit\\dist\\index.cjs:999:7","service":"visual-whiteboard-api","timestamp":"2026-05-14 19:12:07"}
{"level":"info","message":"User b@b.com left room whiteboard:6a05cffb8682f6fbf2a25898","service":"visual-whiteboard-api","timestamp":"2026-05-14 19:12:12"}
{"level":"info","message":"::1 - - [14/May/2026:13:42:12 +0000] \"GET /api/v1/whiteboards HTTP/1.1\" 200 528 \"http://localhost:5173/\" \"Mozilla/5.0 (Windows NT 10.0; Win64; x64) AppleWebKit/537.36 (KHTML, like Gecko) Chrome/148.0.0.0 Safari/537.36\"","service":"visual-whiteboard-api","timestamp":"2026-05-14 19:12:12"}
{"level":"info","message":"::1 - - [14/May/2026:13:42:12 +0000] \"GET /api/v1/whiteboards HTTP/1.1\" 304 - \"http://localhost:5173/\" \"Mozilla/5.0 (Windows NT 10.0; Win64; x64) AppleWebKit/537.36 (KHTML, like Gecko) Chrome/148.0.0.0 Safari/537.36\"","service":"visual-whiteboard-api","timestamp":"2026-05-14 19:12:12"}
{"level":"info","message":"::1 - - [14/May/2026:13:42:15 +0000] \"GET /api/v1/whiteboards/6a05cff58682f6fbf2a25897 HTTP/1.1\" 304 - \"http://localhost:5173/\" \"Mozilla/5.0 (Windows NT 10.0; Win64; x64) AppleWebKit/537.36 (KHTML, like Gecko) Chrome/148.0.0.0 Safari/537.36\"","service":"visual-whiteboard-api","timestamp":"2026-05-14 19:12:15"}
{"level":"info","message":"⚡ Socket connected: 8m0MQlnqA0WDo83RAAAc (User: b@b.com)","service":"visual-whiteboard-api","timestamp":"2026-05-14 19:12:15"}
{"level":"info","message":"User b@b.com joined room whiteboard:6a05cff58682f6fbf2a25897","service":"visual-whiteboard-api","timestamp":"2026-05-14 19:12:15"}
{"level":"info","message":"User b@b.com left room whiteboard:6a05cff58682f6fbf2a25897","service":"visual-whiteboard-api","timestamp":"2026-05-14 19:12:16"}
{"level":"info","message":"::1 - - [14/May/2026:13:42:16 +0000] \"GET /api/v1/whiteboards HTTP/1.1\" 304 - \"http://localhost:5173/\" \"Mozilla/5.0 (Windows NT 10.0; Win64; x64) AppleWebKit/537.36 (KHTML, like Gecko) Chrome/148.0.0.0 Safari/537.36\"","service":"visual-whiteboard-api","timestamp":"2026-05-14 19:12:16"}
{"level":"info","message":"::1 - - [14/May/2026:13:42:16 +0000] \"GET /api/v1/whiteboards HTTP/1.1\" 304 - \"http://localhost:5173/\" \"Mozilla/5.0 (Windows NT 10.0; Win64; x64) AppleWebKit/537.36 (KHTML, like Gecko) Chrome/148.0.0.0 Safari/537.36\"","service":"visual-whiteboard-api","timestamp":"2026-05-14 19:12:16"}
{"level":"info","message":"::1 - - [14/May/2026:13:42:17 +0000] \"GET /api/v1/whiteboards/6a05cffb8682f6fbf2a25898 HTTP/1.1\" 200 5060 \"http://localhost:5173/\" \"Mozilla/5.0 (Windows NT 10.0; Win64; x64) AppleWebKit/537.36 (KHTML, like Gecko) Chrome/148.0.0.0 Safari/537.36\"","service":"visual-whiteboard-api","timestamp":"2026-05-14 19:12:17"}
{"level":"info","message":"⚡ Socket connected: VlhgGU12DvbNMLozAAAf (User: b@b.com)","service":"visual-whiteboard-api","timestamp":"2026-05-14 19:12:17"}
{"level":"info","message":"User b@b.com joined room whiteboard:6a05cffb8682f6fbf2a25898","service":"visual-whiteboard-api","timestamp":"2026-05-14 19:12:17"}
{"level":"info","message":"User b@b.com left room whiteboard:6a05cffb8682f6fbf2a25898","service":"visual-whiteboard-api","timestamp":"2026-05-14 19:12:38"}
{"level":"info","message":"::1 - - [14/May/2026:13:42:38 +0000] \"GET /api/v1/whiteboards HTTP/1.1\" 304 - \"http://localhost:5173/\" \"Mozilla/5.0 (Windows NT 10.0; Win64; x64) AppleWebKit/537.36 (KHTML, like Gecko) Chrome/148.0.0.0 Safari/537.36\"","service":"visual-whiteboard-api","timestamp":"2026-05-14 19:12:38"}
{"level":"info","message":"::1 - - [14/May/2026:13:42:38 +0000] \"GET /api/v1/whiteboards HTTP/1.1\" 304 - \"http://localhost:5173/\" \"Mozilla/5.0 (Windows NT 10.0; Win64; x64) AppleWebKit/537.36 (KHTML, like Gecko) Chrome/148.0.0.0 Safari/537.36\"","service":"visual-whiteboard-api","timestamp":"2026-05-14 19:12:38"}
{"level":"error","message":"PayloadTooLargeError: request entity too large\n    at readStream (D:\\Dhanush\\javaScriptNode\\rove\\backend\\node_modules\\raw-body\\index.js:163:17)\n    at getRawBody (D:\\Dhanush\\javaScriptNode\\rove\\backend\\node_modules\\raw-body\\index.js:116:12)\n    at read (D:\\Dhanush\\javaScriptNode\\rove\\backend\\node_modules\\body-parser\\lib\\read.js:113:3)\n    at jsonParser (D:\\Dhanush\\javaScriptNode\\rove\\backend\\node_modules\\body-parser\\lib\\types\\json.js:88:5)\n    at Layer.handleRequest (D:\\Dhanush\\javaScriptNode\\rove\\backend\\node_modules\\router\\lib\\layer.js:152:17)\n    at trimPrefix (D:\\Dhanush\\javaScriptNode\\rove\\backend\\node_modules\\router\\index.js:342:13)\n    at D:\\Dhanush\\javaScriptNode\\rove\\backend\\node_modules\\router\\index.js:297:9\n    at processParams (D:\\Dhanush\\javaScriptNode\\rove\\backend\\node_modules\\router\\index.js:582:12)\n    at next (D:\\Dhanush\\javaScriptNode\\rove\\backend\\node_modules\\router\\index.js:291:5)\n    at D:\\Dhanush\\javaScriptNode\\rove\\backend\\node_modules\\express-rate-limit\\dist\\index.cjs:999:7","service":"visual-whiteboard-api","timestamp":"2026-05-14 19:12:39"}
{"level":"info","message":"::1 - - [14/May/2026:13:42:39 +0000] \"GET /api/v1/whiteboards/6a05cffb8682f6fbf2a25898 HTTP/1.1\" 304 - \"http://localhost:5173/\" \"Mozilla/5.0 (Windows NT 10.0; Win64; x64) AppleWebKit/537.36 (KHTML, like Gecko) Chrome/148.0.0.0 Safari/537.36\"","service":"visual-whiteboard-api","timestamp":"2026-05-14 19:12:39"}
{"level":"info","message":"⚡ Socket connected: cMGHDizUMu0ysE6ZAAAi (User: b@b.com)","service":"visual-whiteboard-api","timestamp":"2026-05-14 19:12:39"}
{"level":"info","message":"User b@b.com joined room whiteboard:6a05cffb8682f6fbf2a25898","service":"visual-whiteboard-api","timestamp":"2026-05-14 19:12:39"}
{"level":"info","message":"User b@b.com left room whiteboard:6a05cffb8682f6fbf2a25898","service":"visual-whiteboard-api","timestamp":"2026-05-14 19:12:41"}
{"level":"info","message":"::1 - - [14/May/2026:13:42:41 +0000] \"GET /api/v1/whiteboards HTTP/1.1\" 304 - \"http://localhost:5173/\" \"Mozilla/5.0 (Windows NT 10.0; Win64; x64) AppleWebKit/537.36 (KHTML, like Gecko) Chrome/148.0.0.0 Safari/537.36\"","service":"visual-whiteboard-api","timestamp":"2026-05-14 19:12:41"}
{"level":"info","message":"::1 - - [14/May/2026:13:42:41 +0000] \"GET /api/v1/whiteboards HTTP/1.1\" 304 - \"http://localhost:5173/\" \"Mozilla/5.0 (Windows NT 10.0; Win64; x64) AppleWebKit/537.36 (KHTML, like Gecko) Chrome/148.0.0.0 Safari/537.36\"","service":"visual-whiteboard-api","timestamp":"2026-05-14 19:12:41"}
{"level":"info","message":"::1 - - [14/May/2026:13:43:06 +0000] \"POST /api/v1/auth/login HTTP/1.1\" 200 392 \"http://localhost:5173/\" \"Mozilla/5.0 (Windows NT 10.0; Win64; x64) AppleWebKit/537.36 (KHTML, like Gecko) Chrome/148.0.0.0 Safari/537.36\"","service":"visual-whiteboard-api","timestamp":"2026-05-14 19:13:06"}
{"level":"info","message":"::1 - - [14/May/2026:13:43:06 +0000] \"GET /api/v1/whiteboards HTTP/1.1\" 200 925 \"http://localhost:5173/\" \"Mozilla/5.0 (Windows NT 10.0; Win64; x64) AppleWebKit/537.36 (KHTML, like Gecko) Chrome/148.0.0.0 Safari/537.36\"","service":"visual-whiteboard-api","timestamp":"2026-05-14 19:13:06"}
{"level":"info","message":"::1 - - [14/May/2026:13:43:06 +0000] \"GET /api/v1/whiteboards HTTP/1.1\" 304 - \"http://localhost:5173/\" \"Mozilla/5.0 (Windows NT 10.0; Win64; x64) AppleWebKit/537.36 (KHTML, like Gecko) Chrome/148.0.0.0 Safari/537.36\"","service":"visual-whiteboard-api","timestamp":"2026-05-14 19:13:06"}
{"level":"info","message":"::1 - - [14/May/2026:13:43:09 +0000] \"GET /api/v1/whiteboards/6a05cf718682f6fbf2a25894 HTTP/1.1\" 200 310 \"http://localhost:5173/\" \"Mozilla/5.0 (Windows NT 10.0; Win64; x64) AppleWebKit/537.36 (KHTML, like Gecko) Chrome/148.0.0.0 Safari/537.36\"","service":"visual-whiteboard-api","timestamp":"2026-05-14 19:13:09"}
{"level":"info","message":"⚡ Socket connected: DOGLpvabku49kH98AAAl (User: a@a.com)","service":"visual-whiteboard-api","timestamp":"2026-05-14 19:13:09"}
{"level":"info","message":"User a@a.com joined room whiteboard:6a05cf718682f6fbf2a25894","service":"visual-whiteboard-api","timestamp":"2026-05-14 19:13:09"}
{"level":"info","message":"User a@a.com left room whiteboard:6a05cf718682f6fbf2a25894","service":"visual-whiteboard-api","timestamp":"2026-05-14 19:13:12"}
{"level":"info","message":"::1 - - [14/May/2026:13:43:12 +0000] \"GET /api/v1/whiteboards HTTP/1.1\" 304 - \"http://localhost:5173/\" \"Mozilla/5.0 (Windows NT 10.0; Win64; x64) AppleWebKit/537.36 (KHTML, like Gecko) Chrome/148.0.0.0 Safari/537.36\"","service":"visual-whiteboard-api","timestamp":"2026-05-14 19:13:12"}
{"level":"info","message":"::1 - - [14/May/2026:13:43:12 +0000] \"GET /api/v1/whiteboards HTTP/1.1\" 304 - \"http://localhost:5173/\" \"Mozilla/5.0 (Windows NT 10.0; Win64; x64) AppleWebKit/537.36 (KHTML, like Gecko) Chrome/148.0.0.0 Safari/537.36\"","service":"visual-whiteboard-api","timestamp":"2026-05-14 19:13:12"}
{"level":"info","message":"::1 - - [14/May/2026:13:54:37 +0000] \"GET /api/v1/whiteboards HTTP/1.1\" 304 - \"http://localhost:5173/\" \"Mozilla/5.0 (Windows NT 10.0; Win64; x64) AppleWebKit/537.36 (KHTML, like Gecko) Chrome/148.0.0.0 Safari/537.36\"","service":"visual-whiteboard-api","timestamp":"2026-05-14 19:24:37"}
{"level":"info","message":"::1 - - [14/May/2026:13:54:37 +0000] \"GET /api/v1/whiteboards HTTP/1.1\" 304 - \"http://localhost:5173/\" \"Mozilla/5.0 (Windows NT 10.0; Win64; x64) AppleWebKit/537.36 (KHTML, like Gecko) Chrome/148.0.0.0 Safari/537.36\"","service":"visual-whiteboard-api","timestamp":"2026-05-14 19:24:37"}
{"level":"info","message":"::1 - - [14/May/2026:13:57:52 +0000] \"GET /api/v1/whiteboards/6a05cf718682f6fbf2a25894 HTTP/1.1\" 304 - \"http://localhost:5173/\" \"Mozilla/5.0 (Windows NT 10.0; Win64; x64) AppleWebKit/537.36 (KHTML, like Gecko) Chrome/148.0.0.0 Safari/537.36\"","service":"visual-whiteboard-api","timestamp":"2026-05-14 19:27:52"}
{"level":"info","message":"⚡ Socket connected: Ih5I6LKIuMdEuRmTAAAo (User: a@a.com)","service":"visual-whiteboard-api","timestamp":"2026-05-14 19:27:52"}
{"level":"info","message":"User a@a.com joined room whiteboard:6a05cf718682f6fbf2a25894","service":"visual-whiteboard-api","timestamp":"2026-05-14 19:27:52"}
{"level":"info","message":"::1 - - [14/May/2026:13:58:03 +0000] \"PUT /api/v1/whiteboards/6a05cf718682f6fbf2a25894/canvas HTTP/1.1\" 200 58 \"http://localhost:5173/\" \"Mozilla/5.0 (Windows NT 10.0; Win64; x64) AppleWebKit/537.36 (KHTML, like Gecko) Chrome/148.0.0.0 Safari/537.36\"","service":"visual-whiteboard-api","timestamp":"2026-05-14 19:28:03"}
{"level":"error","message":"Authentication error: jwt expired","service":"visual-whiteboard-api","timestamp":"2026-05-14 19:28:09"}
{"level":"info","message":"::1 - - [14/May/2026:13:58:09 +0000] \"PUT /api/v1/whiteboards/6a05cf718682f6fbf2a25894/canvas HTTP/1.1\" 401 81 \"http://localhost:5173/\" \"Mozilla/5.0 (Windows NT 10.0; Win64; x64) AppleWebKit/537.36 (KHTML, like Gecko) Chrome/148.0.0.0 Safari/537.36\"","service":"visual-whiteboard-api","timestamp":"2026-05-14 19:28:09"}
{"level":"error","message":"Authentication error: jwt expired","service":"visual-whiteboard-api","timestamp":"2026-05-14 19:28:22"}
{"level":"info","message":"::1 - - [14/May/2026:13:58:22 +0000] \"PUT /api/v1/whiteboards/6a05cf718682f6fbf2a25894/canvas HTTP/1.1\" 401 81 \"http://localhost:5173/\" \"Mozilla/5.0 (Windows NT 10.0; Win64; x64) AppleWebKit/537.36 (KHTML, like Gecko) Chrome/148.0.0.0 Safari/537.36\"","service":"visual-whiteboard-api","timestamp":"2026-05-14 19:28:22"}
{"level":"error","message":"Authentication error: jwt expired","service":"visual-whiteboard-api","timestamp":"2026-05-14 19:28:26"}
{"level":"info","message":"::1 - - [14/May/2026:13:58:26 +0000] \"PUT /api/v1/whiteboards/6a05cf718682f6fbf2a25894/canvas HTTP/1.1\" 401 81 \"http://localhost:5173/\" \"Mozilla/5.0 (Windows NT 10.0; Win64; x64) AppleWebKit/537.36 (KHTML, like Gecko) Chrome/148.0.0.0 Safari/537.36\"","service":"visual-whiteboard-api","timestamp":"2026-05-14 19:28:26"}
{"level":"info","message":"User a@a.com left room whiteboard:6a05cf718682f6fbf2a25894","service":"visual-whiteboard-api","timestamp":"2026-05-14 19:33:24"}
{"level":"error","message":"Authentication error: jwt expired","service":"visual-whiteboard-api","timestamp":"2026-05-14 19:33:24"}
{"level":"info","message":"::1 - - [14/May/2026:14:03:24 +0000] \"GET /api/v1/whiteboards/6a05cf718682f6fbf2a25894 HTTP/1.1\" 401 81 \"http://localhost:5173/\" \"Mozilla/5.0 (Windows NT 10.0; Win64; x64) AppleWebKit/537.36 (KHTML, like Gecko) Chrome/148.0.0.0 Safari/537.36\"","service":"visual-whiteboard-api","timestamp":"2026-05-14 19:33:24"}
{"level":"error","message":"Authentication error: jwt expired","service":"visual-whiteboard-api","timestamp":"2026-05-14 19:33:24"}
{"level":"info","message":"::1 - - [14/May/2026:14:03:24 +0000] \"GET /api/v1/whiteboards/6a05cf718682f6fbf2a25894 HTTP/1.1\" 401 81 \"http://localhost:5173/\" \"Mozilla/5.0 (Windows NT 10.0; Win64; x64) AppleWebKit/537.36 (KHTML, like Gecko) Chrome/148.0.0.0 Safari/537.36\"","service":"visual-whiteboard-api","timestamp":"2026-05-14 19:33:24"}
{"level":"error","message":"Authentication error: jwt expired","service":"visual-whiteboard-api","timestamp":"2026-05-14 19:33:24"}
{"level":"info","message":"::1 - - [14/May/2026:14:03:24 +0000] \"GET /api/v1/whiteboards HTTP/1.1\" 401 81 \"http://localhost:5173/\" \"Mozilla/5.0 (Windows NT 10.0; Win64; x64) AppleWebKit/537.36 (KHTML, like Gecko) Chrome/148.0.0.0 Safari/537.36\"","service":"visual-whiteboard-api","timestamp":"2026-05-14 19:33:24"}
{"level":"error","message":"Authentication error: jwt expired","service":"visual-whiteboard-api","timestamp":"2026-05-14 19:33:24"}
{"level":"info","message":"::1 - - [14/May/2026:14:03:24 +0000] \"GET /api/v1/whiteboards HTTP/1.1\" 401 81 \"http://localhost:5173/\" \"Mozilla/5.0 (Windows NT 10.0; Win64; x64) AppleWebKit/537.36 (KHTML, like Gecko) Chrome/148.0.0.0 Safari/537.36\"","service":"visual-whiteboard-api","timestamp":"2026-05-14 19:33:24"}
{"level":"info","message":"::1 - - [14/May/2026:14:03:37 +0000] \"POST /api/v1/auth/login HTTP/1.1\" 200 392 \"http://localhost:5173/\" \"Mozilla/5.0 (Windows NT 10.0; Win64; x64) AppleWebKit/537.36 (KHTML, like Gecko) Chrome/148.0.0.0 Safari/537.36\"","service":"visual-whiteboard-api","timestamp":"2026-05-14 19:33:37"}
{"level":"info","message":"::1 - - [14/May/2026:14:03:37 +0000] \"GET /api/v1/whiteboards HTTP/1.1\" 200 925 \"http://localhost:5173/\" \"Mozilla/5.0 (Windows NT 10.0; Win64; x64) AppleWebKit/537.36 (KHTML, like Gecko) Chrome/148.0.0.0 Safari/537.36\"","service":"visual-whiteboard-api","timestamp":"2026-05-14 19:33:37"}
{"level":"info","message":"::1 - - [14/May/2026:14:03:37 +0000] \"GET /api/v1/whiteboards HTTP/1.1\" 304 - \"http://localhost:5173/\" \"Mozilla/5.0 (Windows NT 10.0; Win64; x64) AppleWebKit/537.36 (KHTML, like Gecko) Chrome/148.0.0.0 Safari/537.36\"","service":"visual-whiteboard-api","timestamp":"2026-05-14 19:33:37"}
{"level":"info","message":"::1 - - [14/May/2026:14:03:41 +0000] \"GET /api/v1/whiteboards/6a05cf718682f6fbf2a25894 HTTP/1.1\" 200 935 \"http://localhost:5173/\" \"Mozilla/5.0 (Windows NT 10.0; Win64; x64) AppleWebKit/537.36 (KHTML, like Gecko) Chrome/148.0.0.0 Safari/537.36\"","service":"visual-whiteboard-api","timestamp":"2026-05-14 19:33:41"}
{"level":"info","message":"⚡ Socket connected: nSCkfaKouxmDhqZ0AAAr (User: a@a.com)","service":"visual-whiteboard-api","timestamp":"2026-05-14 19:33:41"}
{"level":"info","message":"User a@a.com joined room whiteboard:6a05cf718682f6fbf2a25894","service":"visual-whiteboard-api","timestamp":"2026-05-14 19:33:41"}
{"level":"info","message":"::1 - - [14/May/2026:14:03:48 +0000] \"PUT /api/v1/whiteboards/6a05cf718682f6fbf2a25894/canvas HTTP/1.1\" 200 58 \"http://localhost:5173/\" \"Mozilla/5.0 (Windows NT 10.0; Win64; x64) AppleWebKit/537.36 (KHTML, like Gecko) Chrome/148.0.0.0 Safari/537.36\"","service":"visual-whiteboard-api","timestamp":"2026-05-14 19:33:48"}
{"level":"info","message":"::1 - - [14/May/2026:14:03:54 +0000] \"PUT /api/v1/whiteboards/6a05cf718682f6fbf2a25894/canvas HTTP/1.1\" 200 58 \"http://localhost:5173/\" \"Mozilla/5.0 (Windows NT 10.0; Win64; x64) AppleWebKit/537.36 (KHTML, like Gecko) Chrome/148.0.0.0 Safari/537.36\"","service":"visual-whiteboard-api","timestamp":"2026-05-14 19:33:54"}
{"level":"info","message":"::1 - - [14/May/2026:14:03:57 +0000] \"PUT /api/v1/whiteboards/6a05cf718682f6fbf2a25894/canvas HTTP/1.1\" 200 58 \"http://localhost:5173/\" \"Mozilla/5.0 (Windows NT 10.0; Win64; x64) AppleWebKit/537.36 (KHTML, like Gecko) Chrome/148.0.0.0 Safari/537.36\"","service":"visual-whiteboard-api","timestamp":"2026-05-14 19:33:57"}
{"level":"info","message":"::1 - - [14/May/2026:14:04:01 +0000] \"PUT /api/v1/whiteboards/6a05cf718682f6fbf2a25894/canvas HTTP/1.1\" 200 58 \"http://localhost:5173/\" \"Mozilla/5.0 (Windows NT 10.0; Win64; x64) AppleWebKit/537.36 (KHTML, like Gecko) Chrome/148.0.0.0 Safari/537.36\"","service":"visual-whiteboard-api","timestamp":"2026-05-14 19:34:01"}
{"level":"info","message":"::1 - - [14/May/2026:14:04:06 +0000] \"PUT /api/v1/whiteboards/6a05cf718682f6fbf2a25894/canvas HTTP/1.1\" 200 58 \"http://localhost:5173/\" \"Mozilla/5.0 (Windows NT 10.0; Win64; x64) AppleWebKit/537.36 (KHTML, like Gecko) Chrome/148.0.0.0 Safari/537.36\"","service":"visual-whiteboard-api","timestamp":"2026-05-14 19:34:06"}
{"level":"info","message":"::1 - - [14/May/2026:14:04:09 +0000] \"PUT /api/v1/whiteboards/6a05cf718682f6fbf2a25894/canvas HTTP/1.1\" 200 58 \"http://localhost:5173/\" \"Mozilla/5.0 (Windows NT 10.0; Win64; x64) AppleWebKit/537.36 (KHTML, like Gecko) Chrome/148.0.0.0 Safari/537.36\"","service":"visual-whiteboard-api","timestamp":"2026-05-14 19:34:09"}
{"level":"info","message":"::1 - - [14/May/2026:14:04:15 +0000] \"PUT /api/v1/whiteboards/6a05cf718682f6fbf2a25894/canvas HTTP/1.1\" 200 58 \"http://localhost:5173/\" \"Mozilla/5.0 (Windows NT 10.0; Win64; x64) AppleWebKit/537.36 (KHTML, like Gecko) Chrome/148.0.0.0 Safari/537.36\"","service":"visual-whiteboard-api","timestamp":"2026-05-14 19:34:15"}
{"level":"info","message":"::1 - - [14/May/2026:14:04:26 +0000] \"PUT /api/v1/whiteboards/6a05cf718682f6fbf2a25894/canvas HTTP/1.1\" 200 58 \"http://localhost:5173/\" \"Mozilla/5.0 (Windows NT 10.0; Win64; x64) AppleWebKit/537.36 (KHTML, like Gecko) Chrome/148.0.0.0 Safari/537.36\"","service":"visual-whiteboard-api","timestamp":"2026-05-14 19:34:26"}
{"level":"info","message":"::1 - - [14/May/2026:14:04:40 +0000] \"PUT /api/v1/whiteboards/6a05cf718682f6fbf2a25894/canvas HTTP/1.1\" 200 58 \"http://localhost:5173/\" \"Mozilla/5.0 (Windows NT 10.0; Win64; x64) AppleWebKit/537.36 (KHTML, like Gecko) Chrome/148.0.0.0 Safari/537.36\"","service":"visual-whiteboard-api","timestamp":"2026-05-14 19:34:40"}
{"level":"info","message":"::1 - - [14/May/2026:14:04:45 +0000] \"PUT /api/v1/whiteboards/6a05cf718682f6fbf2a25894/canvas HTTP/1.1\" 200 58 \"http://localhost:5173/\" \"Mozilla/5.0 (Windows NT 10.0; Win64; x64) AppleWebKit/537.36 (KHTML, like Gecko) Chrome/148.0.0.0 Safari/537.36\"","service":"visual-whiteboard-api","timestamp":"2026-05-14 19:34:45"}
{"level":"info","message":"::1 - - [14/May/2026:14:04:51 +0000] \"PUT /api/v1/whiteboards/6a05cf718682f6fbf2a25894/canvas HTTP/1.1\" 200 58 \"http://localhost:5173/\" \"Mozilla/5.0 (Windows NT 10.0; Win64; x64) AppleWebKit/537.36 (KHTML, like Gecko) Chrome/148.0.0.0 Safari/537.36\"","service":"visual-whiteboard-api","timestamp":"2026-05-14 19:34:51"}
{"level":"info","message":"::1 - - [14/May/2026:14:04:59 +0000] \"PUT /api/v1/whiteboards/6a05cf718682f6fbf2a25894/canvas HTTP/1.1\" 200 58 \"http://localhost:5173/\" \"Mozilla/5.0 (Windows NT 10.0; Win64; x64) AppleWebKit/537.36 (KHTML, like Gecko) Chrome/148.0.0.0 Safari/537.36\"","service":"visual-whiteboard-api","timestamp":"2026-05-14 19:34:59"}
{"level":"info","message":"::1 - - [14/May/2026:14:05:04 +0000] \"PUT /api/v1/whiteboards/6a05cf718682f6fbf2a25894/canvas HTTP/1.1\" 200 58 \"http://localhost:5173/\" \"Mozilla/5.0 (Windows NT 10.0; Win64; x64) AppleWebKit/537.36 (KHTML, like Gecko) Chrome/148.0.0.0 Safari/537.36\"","service":"visual-whiteboard-api","timestamp":"2026-05-14 19:35:04"}
{"level":"info","message":"::1 - - [14/May/2026:14:05:09 +0000] \"PUT /api/v1/whiteboards/6a05cf718682f6fbf2a25894/canvas HTTP/1.1\" 200 58 \"http://localhost:5173/\" \"Mozilla/5.0 (Windows NT 10.0; Win64; x64) AppleWebKit/537.36 (KHTML, like Gecko) Chrome/148.0.0.0 Safari/537.36\"","service":"visual-whiteboard-api","timestamp":"2026-05-14 19:35:09"}
{"level":"info","message":"::1 - - [14/May/2026:14:06:42 +0000] \"PUT /api/v1/whiteboards/6a05cf718682f6fbf2a25894/canvas HTTP/1.1\" 200 58 \"http://localhost:5173/\" \"Mozilla/5.0 (Windows NT 10.0; Win64; x64) AppleWebKit/537.36 (KHTML, like Gecko) Chrome/148.0.0.0 Safari/537.36\"","service":"visual-whiteboard-api","timestamp":"2026-05-14 19:36:42"}
{"level":"info","message":"::1 - - [14/May/2026:14:06:46 +0000] \"PUT /api/v1/whiteboards/6a05cf718682f6fbf2a25894/canvas HTTP/1.1\" 200 58 \"http://localhost:5173/\" \"Mozilla/5.0 (Windows NT 10.0; Win64; x64) AppleWebKit/537.36 (KHTML, like Gecko) Chrome/148.0.0.0 Safari/537.36\"","service":"visual-whiteboard-api","timestamp":"2026-05-14 19:36:46"}
{"level":"info","message":"::1 - - [14/May/2026:14:06:52 +0000] \"PUT /api/v1/whiteboards/6a05cf718682f6fbf2a25894/canvas HTTP/1.1\" 200 58 \"http://localhost:5173/\" \"Mozilla/5.0 (Windows NT 10.0; Win64; x64) AppleWebKit/537.36 (KHTML, like Gecko) Chrome/148.0.0.0 Safari/537.36\"","service":"visual-whiteboard-api","timestamp":"2026-05-14 19:36:52"}
{"level":"info","message":"::1 - - [14/May/2026:14:06:56 +0000] \"PUT /api/v1/whiteboards/6a05cf718682f6fbf2a25894/canvas HTTP/1.1\" 200 58 \"http://localhost:5173/\" \"Mozilla/5.0 (Windows NT 10.0; Win64; x64) AppleWebKit/537.36 (KHTML, like Gecko) Chrome/148.0.0.0 Safari/537.36\"","service":"visual-whiteboard-api","timestamp":"2026-05-14 19:36:56"}
{"level":"info","message":"::1 - - [14/May/2026:14:07:02 +0000] \"PUT /api/v1/whiteboards/6a05cf718682f6fbf2a25894/canvas HTTP/1.1\" 200 58 \"http://localhost:5173/\" \"Mozilla/5.0 (Windows NT 10.0; Win64; x64) AppleWebKit/537.36 (KHTML, like Gecko) Chrome/148.0.0.0 Safari/537.36\"","service":"visual-whiteboard-api","timestamp":"2026-05-14 19:37:02"}
{"level":"info","message":"User a@a.com left room whiteboard:6a05cf718682f6fbf2a25894","service":"visual-whiteboard-api","timestamp":"2026-05-14 19:41:43"}
{"level":"info","message":"::1 - - [14/May/2026:14:11:44 +0000] \"GET /api/v1/whiteboards/6a05cf718682f6fbf2a25894 HTTP/1.1\" 200 1535 \"http://localhost:5173/\" \"Mozilla/5.0 (Windows NT 10.0; Win64; x64) AppleWebKit/537.36 (KHTML, like Gecko) Chrome/148.0.0.0 Safari/537.36\"","service":"visual-whiteboard-api","timestamp":"2026-05-14 19:41:44"}
{"level":"info","message":"::1 - - [14/May/2026:14:11:44 +0000] \"GET /api/v1/whiteboards/6a05cf718682f6fbf2a25894 HTTP/1.1\" 304 - \"http://localhost:5173/\" \"Mozilla/5.0 (Windows NT 10.0; Win64; x64) AppleWebKit/537.36 (KHTML, like Gecko) Chrome/148.0.0.0 Safari/537.36\"","service":"visual-whiteboard-api","timestamp":"2026-05-14 19:41:44"}
{"level":"info","message":"⚡ Socket connected: fq_7niejzKpEafutAAAt (User: a@a.com)","service":"visual-whiteboard-api","timestamp":"2026-05-14 19:41:44"}
{"level":"info","message":"⚡ Socket connected: xIbvp113Km7tbxHUAAAv (User: a@a.com)","service":"visual-whiteboard-api","timestamp":"2026-05-14 19:41:44"}
{"level":"info","message":"User a@a.com joined room whiteboard:6a05cf718682f6fbf2a25894","service":"visual-whiteboard-api","timestamp":"2026-05-14 19:41:44"}
{"level":"info","message":"User a@a.com left room whiteboard:6a05cf718682f6fbf2a25894","service":"visual-whiteboard-api","timestamp":"2026-05-14 19:41:45"}
{"level":"info","message":"Connected to MongoDB","service":"visual-whiteboard-api","timestamp":"2026-05-14 21:47:25"}
{"code":"ECONNREFUSED","level":"error","message":"Redis Client Error","service":"visual-whiteboard-api","stack":"AggregateError [ECONNREFUSED]: \n    at internalConnectMultiple (node:net:1142:49)\n    at afterConnectMultiple (node:net:1723:7)","timestamp":"2026-05-14 21:47:25"}
{"code":"ECONNREFUSED","level":"error","message":"Redis Client Error","service":"visual-whiteboard-api","stack":"AggregateError [ECONNREFUSED]: \n    at internalConnectMultiple (node:net:1142:49)\n    at afterConnectMultiple (node:net:1723:7)","timestamp":"2026-05-14 21:47:25"}
{"code":"ECONNREFUSED","level":"error","message":"Redis Client Error","service":"visual-whiteboard-api","stack":"AggregateError [ECONNREFUSED]: \n    at internalConnectMultiple (node:net:1142:49)\n    at afterConnectMultiple (node:net:1723:7)","timestamp":"2026-05-14 21:47:25"}
{"code":"ECONNREFUSED","level":"error","message":"Redis Client Error","service":"visual-whiteboard-api","stack":"AggregateError [ECONNREFUSED]: \n    at internalConnectMultiple (node:net:1142:49)\n    at afterConnectMultiple (node:net:1723:7)","timestamp":"2026-05-14 21:47:25"}
{"code":"ECONNREFUSED","level":"error","message":"Redis Client Error","service":"visual-whiteboard-api","stack":"AggregateError [ECONNREFUSED]: \n    at internalConnectMultiple (node:net:1142:49)\n    at afterConnectMultiple (node:net:1723:7)","timestamp":"2026-05-14 21:47:26"}
{"code":"ECONNREFUSED","level":"error","message":"Redis Client Error","service":"visual-whiteboard-api","stack":"AggregateError [ECONNREFUSED]: \n    at internalConnectMultiple (node:net:1142:49)\n    at afterConnectMultiple (node:net:1723:7)","timestamp":"2026-05-14 21:47:27"}
{"level":"info","message":"Graceful shutdown initiated...","service":"visual-whiteboard-api","timestamp":"2026-05-14 21:47:27"}
{"level":"info","message":"Connected to MongoDB","service":"visual-whiteboard-api","timestamp":"2026-05-14 21:48:36"}
{"level":"info","message":"🚀 Connected to Redis","service":"visual-whiteboard-api","timestamp":"2026-05-14 21:48:36"}
{"level":"info","message":"Server running in development mode on port 5000","service":"visual-whiteboard-api","timestamp":"2026-05-14 21:48:36"}
{"level":"info","message":"🚀 Socket.io Redis Adapter configured","service":"visual-whiteboard-api","timestamp":"2026-05-14 21:48:36"}
{"level":"info","message":"::1 - - [14/May/2026:16:18:56 +0000] \"POST /api/v1/auth/login HTTP/1.1\" 200 392 \"http://localhost:5173/\" \"Mozilla/5.0 (Windows NT 10.0; Win64; x64) AppleWebKit/537.36 (KHTML, like Gecko) Chrome/148.0.0.0 Safari/537.36\"","service":"visual-whiteboard-api","timestamp":"2026-05-14 21:48:56"}
{"level":"info","message":"::1 - - [14/May/2026:16:18:56 +0000] \"GET /api/v1/whiteboards HTTP/1.1\" 200 925 \"http://localhost:5173/\" \"Mozilla/5.0 (Windows NT 10.0; Win64; x64) AppleWebKit/537.36 (KHTML, like Gecko) Chrome/148.0.0.0 Safari/537.36\"","service":"visual-whiteboard-api","timestamp":"2026-05-14 21:48:56"}
{"level":"info","message":"::1 - - [14/May/2026:16:18:56 +0000] \"GET /api/v1/whiteboards HTTP/1.1\" 304 - \"http://localhost:5173/\" \"Mozilla/5.0 (Windows NT 10.0; Win64; x64) AppleWebKit/537.36 (KHTML, like Gecko) Chrome/148.0.0.0 Safari/537.36\"","service":"visual-whiteboard-api","timestamp":"2026-05-14 21:48:56"}
{"level":"info","message":"::1 - - [14/May/2026:16:18:58 +0000] \"GET /api/v1/whiteboards/6a05cf718682f6fbf2a25894 HTTP/1.1\" 200 1535 \"http://localhost:5173/\" \"Mozilla/5.0 (Windows NT 10.0; Win64; x64) AppleWebKit/537.36 (KHTML, like Gecko) Chrome/148.0.0.0 Safari/537.36\"","service":"visual-whiteboard-api","timestamp":"2026-05-14 21:48:58"}
{"level":"info","message":"⚡ Socket connected: YDaecxN1b0og-G3qAAAC (User: a@a.com)","service":"visual-whiteboard-api","timestamp":"2026-05-14 21:48:58"}
{"level":"info","message":"User a@a.com joined room whiteboard:6a05cf718682f6fbf2a25894","service":"visual-whiteboard-api","timestamp":"2026-05-14 21:48:58"}
{"level":"info","message":"::1 - - [14/May/2026:16:19:05 +0000] \"PUT /api/v1/whiteboards/6a05cf718682f6fbf2a25894/canvas HTTP/1.1\" 200 58 \"http://localhost:5173/\" \"Mozilla/5.0 (Windows NT 10.0; Win64; x64) AppleWebKit/537.36 (KHTML, like Gecko) Chrome/148.0.0.0 Safari/537.36\"","service":"visual-whiteboard-api","timestamp":"2026-05-14 21:49:05"}
{"level":"info","message":"::1 - - [14/May/2026:16:19:13 +0000] \"PUT /api/v1/whiteboards/6a05cf718682f6fbf2a25894/canvas HTTP/1.1\" 200 58 \"http://localhost:5173/\" \"Mozilla/5.0 (Windows NT 10.0; Win64; x64) AppleWebKit/537.36 (KHTML, like Gecko) Chrome/148.0.0.0 Safari/537.36\"","service":"visual-whiteboard-api","timestamp":"2026-05-14 21:49:13"}
{"level":"info","message":"::1 - - [14/May/2026:16:19:17 +0000] \"PUT /api/v1/whiteboards/6a05cf718682f6fbf2a25894/canvas HTTP/1.1\" 200 58 \"http://localhost:5173/\" \"Mozilla/5.0 (Windows NT 10.0; Win64; x64) AppleWebKit/537.36 (KHTML, like Gecko) Chrome/148.0.0.0 Safari/537.36\"","service":"visual-whiteboard-api","timestamp":"2026-05-14 21:49:17"}
{"level":"info","message":"::1 - - [14/May/2026:16:19:27 +0000] \"PUT /api/v1/whiteboards/6a05cf718682f6fbf2a25894/canvas HTTP/1.1\" 200 58 \"http://localhost:5173/\" \"Mozilla/5.0 (Windows NT 10.0; Win64; x64) AppleWebKit/537.36 (KHTML, like Gecko) Chrome/148.0.0.0 Safari/537.36\"","service":"visual-whiteboard-api","timestamp":"2026-05-14 21:49:27"}
{"level":"info","message":"::1 - - [14/May/2026:16:19:33 +0000] \"PUT /api/v1/whiteboards/6a05cf718682f6fbf2a25894/canvas HTTP/1.1\" 200 58 \"http://localhost:5173/\" \"Mozilla/5.0 (Windows NT 10.0; Win64; x64) AppleWebKit/537.36 (KHTML, like Gecko) Chrome/148.0.0.0 Safari/537.36\"","service":"visual-whiteboard-api","timestamp":"2026-05-14 21:49:33"}
{"level":"info","message":"::1 - - [14/May/2026:16:19:36 +0000] \"PUT /api/v1/whiteboards/6a05cf718682f6fbf2a25894/canvas HTTP/1.1\" 200 58 \"http://localhost:5173/\" \"Mozilla/5.0 (Windows NT 10.0; Win64; x64) AppleWebKit/537.36 (KHTML, like Gecko) Chrome/148.0.0.0 Safari/537.36\"","service":"visual-whiteboard-api","timestamp":"2026-05-14 21:49:36"}
{"level":"info","message":"::1 - - [14/May/2026:16:19:46 +0000] \"PUT /api/v1/whiteboards/6a05cf718682f6fbf2a25894/canvas HTTP/1.1\" 200 58 \"http://localhost:5173/\" \"Mozilla/5.0 (Windows NT 10.0; Win64; x64) AppleWebKit/537.36 (KHTML, like Gecko) Chrome/148.0.0.0 Safari/537.36\"","service":"visual-whiteboard-api","timestamp":"2026-05-14 21:49:46"}
{"level":"info","message":"::1 - - [14/May/2026:16:19:56 +0000] \"PUT /api/v1/whiteboards/6a05cf718682f6fbf2a25894/canvas HTTP/1.1\" 200 58 \"http://localhost:5173/\" \"Mozilla/5.0 (Windows NT 10.0; Win64; x64) AppleWebKit/537.36 (KHTML, like Gecko) Chrome/148.0.0.0 Safari/537.36\"","service":"visual-whiteboard-api","timestamp":"2026-05-14 21:49:56"}
{"level":"info","message":"::1 - - [14/May/2026:16:20:09 +0000] \"PUT /api/v1/whiteboards/6a05cf718682f6fbf2a25894/canvas HTTP/1.1\" 200 58 \"http://localhost:5173/\" \"Mozilla/5.0 (Windows NT 10.0; Win64; x64) AppleWebKit/537.36 (KHTML, like Gecko) Chrome/148.0.0.0 Safari/537.36\"","service":"visual-whiteboard-api","timestamp":"2026-05-14 21:50:09"}
{"level":"info","message":"::1 - - [14/May/2026:16:20:14 +0000] \"PUT /api/v1/whiteboards/6a05cf718682f6fbf2a25894/canvas HTTP/1.1\" 200 58 \"http://localhost:5173/\" \"Mozilla/5.0 (Windows NT 10.0; Win64; x64) AppleWebKit/537.36 (KHTML, like Gecko) Chrome/148.0.0.0 Safari/537.36\"","service":"visual-whiteboard-api","timestamp":"2026-05-14 21:50:14"}
{"level":"info","message":"User a@a.com left room whiteboard:6a05cf718682f6fbf2a25894","service":"visual-whiteboard-api","timestamp":"2026-05-14 22:05:29"}
{"level":"error","message":"Authentication error: jwt expired","service":"visual-whiteboard-api","timestamp":"2026-05-14 22:05:29"}
{"level":"info","message":"::1 - - [14/May/2026:16:35:29 +0000] \"GET /api/v1/whiteboards/6a05cf718682f6fbf2a25894 HTTP/1.1\" 401 81 \"http://localhost:5173/\" \"Mozilla/5.0 (Windows NT 10.0; Win64; x64) AppleWebKit/537.36 (KHTML, like Gecko) Chrome/148.0.0.0 Safari/537.36\"","service":"visual-whiteboard-api","timestamp":"2026-05-14 22:05:29"}
{"level":"error","message":"Authentication error: jwt expired","service":"visual-whiteboard-api","timestamp":"2026-05-14 22:05:29"}
{"level":"info","message":"::1 - - [14/May/2026:16:35:29 +0000] \"GET /api/v1/whiteboards/6a05cf718682f6fbf2a25894 HTTP/1.1\" 401 81 \"http://localhost:5173/\" \"Mozilla/5.0 (Windows NT 10.0; Win64; x64) AppleWebKit/537.36 (KHTML, like Gecko) Chrome/148.0.0.0 Safari/537.36\"","service":"visual-whiteboard-api","timestamp":"2026-05-14 22:05:29"}
{"level":"error","message":"Authentication error: jwt expired","service":"visual-whiteboard-api","timestamp":"2026-05-14 22:05:29"}
{"level":"info","message":"::1 - - [14/May/2026:16:35:29 +0000] \"GET /api/v1/whiteboards HTTP/1.1\" 401 81 \"http://localhost:5173/\" \"Mozilla/5.0 (Windows NT 10.0; Win64; x64) AppleWebKit/537.36 (KHTML, like Gecko) Chrome/148.0.0.0 Safari/537.36\"","service":"visual-whiteboard-api","timestamp":"2026-05-14 22:05:29"}
{"level":"error","message":"Authentication error: jwt expired","service":"visual-whiteboard-api","timestamp":"2026-05-14 22:05:29"}
{"level":"info","message":"::1 - - [14/May/2026:16:35:29 +0000] \"GET /api/v1/whiteboards HTTP/1.1\" 401 81 \"http://localhost:5173/\" \"Mozilla/5.0 (Windows NT 10.0; Win64; x64) AppleWebKit/537.36 (KHTML, like Gecko) Chrome/148.0.0.0 Safari/537.36\"","service":"visual-whiteboard-api","timestamp":"2026-05-14 22:05:29"}
{"level":"error","message":"Authentication error: jwt expired","service":"visual-whiteboard-api","timestamp":"2026-05-14 22:11:14"}
{"level":"info","message":"::1 - - [14/May/2026:16:41:14 +0000] \"GET /api/v1/whiteboards HTTP/1.1\" 401 81 \"http://localhost:5173/\" \"Mozilla/5.0 (Windows NT 10.0; Win64; x64) AppleWebKit/537.36 (KHTML, like Gecko) Chrome/148.0.0.0 Safari/537.36\"","service":"visual-whiteboard-api","timestamp":"2026-05-14 22:11:14"}
{"level":"error","message":"Authentication error: jwt expired","service":"visual-whiteboard-api","timestamp":"2026-05-14 22:11:14"}
{"level":"info","message":"::1 - - [14/May/2026:16:41:14 +0000] \"GET /api/v1/whiteboards HTTP/1.1\" 401 81 \"http://localhost:5173/\" \"Mozilla/5.0 (Windows NT 10.0; Win64; x64) AppleWebKit/537.36 (KHTML, like Gecko) Chrome/148.0.0.0 Safari/537.36\"","service":"visual-whiteboard-api","timestamp":"2026-05-14 22:11:14"}
{"level":"info","message":"::1 - - [14/May/2026:16:41:30 +0000] \"POST /api/v1/auth/login HTTP/1.1\" 200 392 \"http://localhost:5173/\" \"Mozilla/5.0 (Windows NT 10.0; Win64; x64) AppleWebKit/537.36 (KHTML, like Gecko) Chrome/148.0.0.0 Safari/537.36\"","service":"visual-whiteboard-api","timestamp":"2026-05-14 22:11:30"}
{"level":"info","message":"::1 - - [14/May/2026:16:41:30 +0000] \"GET /api/v1/whiteboards HTTP/1.1\" 200 925 \"http://localhost:5173/\" \"Mozilla/5.0 (Windows NT 10.0; Win64; x64) AppleWebKit/537.36 (KHTML, like Gecko) Chrome/148.0.0.0 Safari/537.36\"","service":"visual-whiteboard-api","timestamp":"2026-05-14 22:11:30"}
{"level":"info","message":"::1 - - [14/May/2026:16:41:30 +0000] \"GET /api/v1/whiteboards HTTP/1.1\" 304 - \"http://localhost:5173/\" \"Mozilla/5.0 (Windows NT 10.0; Win64; x64) AppleWebKit/537.36 (KHTML, like Gecko) Chrome/148.0.0.0 Safari/537.36\"","service":"visual-whiteboard-api","timestamp":"2026-05-14 22:11:30"}
{"level":"info","message":"::1 - - [14/May/2026:16:41:32 +0000] \"GET /api/v1/whiteboards/6a05cf718682f6fbf2a25894 HTTP/1.1\" 200 356 \"http://localhost:5173/\" \"Mozilla/5.0 (Windows NT 10.0; Win64; x64) AppleWebKit/537.36 (KHTML, like Gecko) Chrome/148.0.0.0 Safari/537.36\"","service":"visual-whiteboard-api","timestamp":"2026-05-14 22:11:32"}
{"level":"info","message":"⚡ Socket connected: JzgjwnSCFUUODjQNAAAF (User: a@a.com)","service":"visual-whiteboard-api","timestamp":"2026-05-14 22:11:32"}
{"level":"info","message":"User a@a.com joined room whiteboard:6a05cf718682f6fbf2a25894","service":"visual-whiteboard-api","timestamp":"2026-05-14 22:11:32"}
{"level":"info","message":"User a@a.com left room whiteboard:6a05cf718682f6fbf2a25894","service":"visual-whiteboard-api","timestamp":"2026-05-14 22:13:05"}
{"level":"info","message":"::1 - - [14/May/2026:16:43:05 +0000] \"GET /api/v1/whiteboards HTTP/1.1\" 304 - \"http://localhost:5173/\" \"Mozilla/5.0 (Windows NT 10.0; Win64; x64) AppleWebKit/537.36 (KHTML, like Gecko) Chrome/148.0.0.0 Safari/537.36\"","service":"visual-whiteboard-api","timestamp":"2026-05-14 22:13:05"}
{"level":"info","message":"::1 - - [14/May/2026:16:43:05 +0000] \"GET /api/v1/whiteboards HTTP/1.1\" 304 - \"http://localhost:5173/\" \"Mozilla/5.0 (Windows NT 10.0; Win64; x64) AppleWebKit/537.36 (KHTML, like Gecko) Chrome/148.0.0.0 Safari/537.36\"","service":"visual-whiteboard-api","timestamp":"2026-05-14 22:13:05"}
{"level":"info","message":"::1 - - [14/May/2026:16:43:09 +0000] \"GET /api/v1/whiteboards/6a05cf718682f6fbf2a25894 HTTP/1.1\" 304 - \"http://localhost:5173/\" \"Mozilla/5.0 (Windows NT 10.0; Win64; x64) AppleWebKit/537.36 (KHTML, like Gecko) Chrome/148.0.0.0 Safari/537.36\"","service":"visual-whiteboard-api","timestamp":"2026-05-14 22:13:09"}
{"level":"info","message":"⚡ Socket connected: Z8_W6dFRQYVybdE2AAAI (User: a@a.com)","service":"visual-whiteboard-api","timestamp":"2026-05-14 22:13:09"}
{"level":"info","message":"User a@a.com joined room whiteboard:6a05cf718682f6fbf2a25894","service":"visual-whiteboard-api","timestamp":"2026-05-14 22:13:09"}
{"level":"info","message":"User a@a.com left room whiteboard:6a05cf718682f6fbf2a25894","service":"visual-whiteboard-api","timestamp":"2026-05-14 22:20:19"}
{"level":"info","message":"::1 - - [14/May/2026:16:50:20 +0000] \"GET /api/v1/whiteboards/6a05cf718682f6fbf2a25894 HTTP/1.1\" 304 - \"http://localhost:5173/\" \"Mozilla/5.0 (Windows NT 10.0; Win64; x64) AppleWebKit/537.36 (KHTML, like Gecko) Chrome/148.0.0.0 Safari/537.36\"","service":"visual-whiteboard-api","timestamp":"2026-05-14 22:20:20"}
{"level":"info","message":"::1 - - [14/May/2026:16:50:20 +0000] \"GET /api/v1/whiteboards/6a05cf718682f6fbf2a25894 HTTP/1.1\" 304 - \"http://localhost:5173/\" \"Mozilla/5.0 (Windows NT 10.0; Win64; x64) AppleWebKit/537.36 (KHTML, like Gecko) Chrome/148.0.0.0 Safari/537.36\"","service":"visual-whiteboard-api","timestamp":"2026-05-14 22:20:20"}
{"level":"info","message":"⚡ Socket connected: dcZaY6FoT398IzVNAAAL (User: a@a.com)","service":"visual-whiteboard-api","timestamp":"2026-05-14 22:20:20"}
{"level":"info","message":"User a@a.com joined room whiteboard:6a05cf718682f6fbf2a25894","service":"visual-whiteboard-api","timestamp":"2026-05-14 22:20:20"}
{"level":"info","message":"User a@a.com left room whiteboard:6a05cf718682f6fbf2a25894","service":"visual-whiteboard-api","timestamp":"2026-05-14 22:20:24"}
{"level":"info","message":"::1 - - [14/May/2026:16:50:24 +0000] \"GET /api/v1/whiteboards HTTP/1.1\" 304 - \"http://localhost:5173/\" \"Mozilla/5.0 (Windows NT 10.0; Win64; x64) AppleWebKit/537.36 (KHTML, like Gecko) Chrome/148.0.0.0 Safari/537.36\"","service":"visual-whiteboard-api","timestamp":"2026-05-14 22:20:24"}
{"level":"info","message":"::1 - - [14/May/2026:16:50:24 +0000] \"GET /api/v1/whiteboards HTTP/1.1\" 304 - \"http://localhost:5173/\" \"Mozilla/5.0 (Windows NT 10.0; Win64; x64) AppleWebKit/537.36 (KHTML, like Gecko) Chrome/148.0.0.0 Safari/537.36\"","service":"visual-whiteboard-api","timestamp":"2026-05-14 22:20:24"}
{"level":"info","message":"::1 - - [14/May/2026:16:50:34 +0000] \"POST /api/v1/auth/login HTTP/1.1\" 200 392 \"http://localhost:5173/\" \"Mozilla/5.0 (Windows NT 10.0; Win64; x64) AppleWebKit/537.36 (KHTML, like Gecko) Chrome/148.0.0.0 Safari/537.36\"","service":"visual-whiteboard-api","timestamp":"2026-05-14 22:20:34"}
{"level":"info","message":"::1 - - [14/May/2026:16:50:34 +0000] \"GET /api/v1/whiteboards HTTP/1.1\" 304 - \"http://localhost:5173/\" \"Mozilla/5.0 (Windows NT 10.0; Win64; x64) AppleWebKit/537.36 (KHTML, like Gecko) Chrome/148.0.0.0 Safari/537.36\"","service":"visual-whiteboard-api","timestamp":"2026-05-14 22:20:34"}
{"level":"info","message":"::1 - - [14/May/2026:16:50:34 +0000] \"GET /api/v1/whiteboards HTTP/1.1\" 304 - \"http://localhost:5173/\" \"Mozilla/5.0 (Windows NT 10.0; Win64; x64) AppleWebKit/537.36 (KHTML, like Gecko) Chrome/148.0.0.0 Safari/537.36\"","service":"visual-whiteboard-api","timestamp":"2026-05-14 22:20:34"}
{"level":"info","message":"::1 - - [14/May/2026:16:50:35 +0000] \"GET /api/v1/whiteboards/6a05cf718682f6fbf2a25894 HTTP/1.1\" 304 - \"http://localhost:5173/\" \"Mozilla/5.0 (Windows NT 10.0; Win64; x64) AppleWebKit/537.36 (KHTML, like Gecko) Chrome/148.0.0.0 Safari/537.36\"","service":"visual-whiteboard-api","timestamp":"2026-05-14 22:20:35"}
{"level":"info","message":"⚡ Socket connected: jx-qAvHojaufeb79AAAO (User: a@a.com)","service":"visual-whiteboard-api","timestamp":"2026-05-14 22:20:35"}
{"level":"info","message":"User a@a.com joined room whiteboard:6a05cf718682f6fbf2a25894","service":"visual-whiteboard-api","timestamp":"2026-05-14 22:20:35"}
{"level":"info","message":"User a@a.com left room whiteboard:6a05cf718682f6fbf2a25894","service":"visual-whiteboard-api","timestamp":"2026-05-14 22:21:29"}
{"level":"info","message":"::1 - - [14/May/2026:16:51:29 +0000] \"GET /api/v1/whiteboards HTTP/1.1\" 304 - \"http://localhost:5173/\" \"Mozilla/5.0 (Windows NT 10.0; Win64; x64) AppleWebKit/537.36 (KHTML, like Gecko) Chrome/148.0.0.0 Safari/537.36\"","service":"visual-whiteboard-api","timestamp":"2026-05-14 22:21:29"}
{"level":"info","message":"::1 - - [14/May/2026:16:51:29 +0000] \"GET /api/v1/whiteboards HTTP/1.1\" 304 - \"http://localhost:5173/\" \"Mozilla/5.0 (Windows NT 10.0; Win64; x64) AppleWebKit/537.36 (KHTML, like Gecko) Chrome/148.0.0.0 Safari/537.36\"","service":"visual-whiteboard-api","timestamp":"2026-05-14 22:21:29"}
{"level":"error","message":"Authentication error: jwt expired","service":"visual-whiteboard-api","timestamp":"2026-05-14 22:22:49"}
{"level":"info","message":"::1 - - [14/May/2026:16:52:49 +0000] \"GET /api/v1/whiteboards HTTP/1.1\" 401 81 \"http://localhost:5173/\" \"Mozilla/5.0 (Windows NT 10.0; Win64; x64) AppleWebKit/537.36 (KHTML, like Gecko) Chrome/148.0.0.0 Safari/537.36\"","service":"visual-whiteboard-api","timestamp":"2026-05-14 22:22:49"}
{"level":"error","message":"Authentication error: jwt expired","service":"visual-whiteboard-api","timestamp":"2026-05-14 22:22:49"}
{"level":"info","message":"::1 - - [14/May/2026:16:52:49 +0000] \"GET /api/v1/whiteboards HTTP/1.1\" 401 81 \"http://localhost:5173/\" \"Mozilla/5.0 (Windows NT 10.0; Win64; x64) AppleWebKit/537.36 (KHTML, like Gecko) Chrome/148.0.0.0 Safari/537.36\"","service":"visual-whiteboard-api","timestamp":"2026-05-14 22:22:49"}
{"level":"error","message":"Authentication error: jwt expired","service":"visual-whiteboard-api","timestamp":"2026-05-14 22:22:58"}
{"level":"info","message":"::1 - - [14/May/2026:16:52:58 +0000] \"POST /api/v1/whiteboards HTTP/1.1\" 401 81 \"http://localhost:5173/\" \"Mozilla/5.0 (Windows NT 10.0; Win64; x64) AppleWebKit/537.36 (KHTML, like Gecko) Chrome/148.0.0.0 Safari/537.36\"","service":"visual-whiteboard-api","timestamp":"2026-05-14 22:22:58"}
{"level":"info","message":"::1 - - [14/May/2026:16:53:26 +0000] \"POST /api/v1/auth/register HTTP/1.1\" 400 49 \"http://localhost:5173/\" \"Mozilla/5.0 (Windows NT 10.0; Win64; x64) AppleWebKit/537.36 (KHTML, like Gecko) Chrome/148.0.0.0 Safari/537.36\"","service":"visual-whiteboard-api","timestamp":"2026-05-14 22:23:26"}
{"level":"info","message":"::1 - - [14/May/2026:16:53:35 +0000] \"POST /api/v1/auth/register HTTP/1.1\" 201 409 \"http://localhost:5173/\" \"Mozilla/5.0 (Windows NT 10.0; Win64; x64) AppleWebKit/537.36 (KHTML, like Gecko) Chrome/148.0.0.0 Safari/537.36\"","service":"visual-whiteboard-api","timestamp":"2026-05-14 22:23:35"}
{"level":"info","message":"::1 - - [14/May/2026:16:53:35 +0000] \"GET /api/v1/whiteboards HTTP/1.1\" 200 42 \"http://localhost:5173/\" \"Mozilla/5.0 (Windows NT 10.0; Win64; x64) AppleWebKit/537.36 (KHTML, like Gecko) Chrome/148.0.0.0 Safari/537.36\"","service":"visual-whiteboard-api","timestamp":"2026-05-14 22:23:35"}
{"level":"info","message":"::1 - - [14/May/2026:16:53:35 +0000] \"GET /api/v1/whiteboards HTTP/1.1\" 304 - \"http://localhost:5173/\" \"Mozilla/5.0 (Windows NT 10.0; Win64; x64) AppleWebKit/537.36 (KHTML, like Gecko) Chrome/148.0.0.0 Safari/537.36\"","service":"visual-whiteboard-api","timestamp":"2026-05-14 22:23:35"}
{"level":"info","message":"::1 - - [14/May/2026:16:53:45 +0000] \"POST /api/v1/whiteboards HTTP/1.1\" 201 252 \"http://localhost:5173/\" \"Mozilla/5.0 (Windows NT 10.0; Win64; x64) AppleWebKit/537.36 (KHTML, like Gecko) Chrome/148.0.0.0 Safari/537.36\"","service":"visual-whiteboard-api","timestamp":"2026-05-14 22:23:45"}
{"level":"info","message":"::1 - - [14/May/2026:16:53:45 +0000] \"GET /api/v1/whiteboards/6a05fe19c06de02bf7dcec7b HTTP/1.1\" 200 327 \"http://localhost:5173/\" \"Mozilla/5.0 (Windows NT 10.0; Win64; x64) AppleWebKit/537.36 (KHTML, like Gecko) Chrome/148.0.0.0 Safari/537.36\"","service":"visual-whiteboard-api","timestamp":"2026-05-14 22:23:45"}
{"level":"info","message":"⚡ Socket connected: Ide-Wo6rMOEFY6V1AAAR (User: test2@example.com)","service":"visual-whiteboard-api","timestamp":"2026-05-14 22:23:45"}
{"level":"info","message":"User test2@example.com joined room whiteboard:6a05fe19c06de02bf7dcec7b","service":"visual-whiteboard-api","timestamp":"2026-05-14 22:23:45"}
{"level":"info","message":"User test2@example.com left room whiteboard:6a05fe19c06de02bf7dcec7b","service":"visual-whiteboard-api","timestamp":"2026-05-14 22:28:09"}
{"level":"info","message":"::1 - - [14/May/2026:16:58:09 +0000] \"GET /api/v1/whiteboards/6a05fe19c06de02bf7dcec7b HTTP/1.1\" 304 - \"http://localhost:5173/\" \"Mozilla/5.0 (Windows NT 10.0; Win64; x64) AppleWebKit/537.36 (KHTML, like Gecko) Chrome/148.0.0.0 Safari/537.36\"","service":"visual-whiteboard-api","timestamp":"2026-05-14 22:28:09"}
{"level":"info","message":"::1 - - [14/May/2026:16:58:09 +0000] \"GET /api/v1/whiteboards/6a05fe19c06de02bf7dcec7b HTTP/1.1\" 304 - \"http://localhost:5173/\" \"Mozilla/5.0 (Windows NT 10.0; Win64; x64) AppleWebKit/537.36 (KHTML, like Gecko) Chrome/148.0.0.0 Safari/537.36\"","service":"visual-whiteboard-api","timestamp":"2026-05-14 22:28:09"}
{"level":"info","message":"⚡ Socket connected: rqFmMwjWpsKqv5_2AAAU (User: test2@example.com)","service":"visual-whiteboard-api","timestamp":"2026-05-14 22:28:09"}
{"level":"info","message":"User test2@example.com joined room whiteboard:6a05fe19c06de02bf7dcec7b","service":"visual-whiteboard-api","timestamp":"2026-05-14 22:28:09"}
{"level":"info","message":"User test2@example.com left room whiteboard:6a05fe19c06de02bf7dcec7b","service":"visual-whiteboard-api","timestamp":"2026-05-14 22:34:07"}
{"level":"info","message":"::1 - - [14/May/2026:17:04:07 +0000] \"GET /api/v1/whiteboards HTTP/1.1\" 200 266 \"http://localhost:5173/\" \"Mozilla/5.0 (Windows NT 10.0; Win64; x64) AppleWebKit/537.36 (KHTML, like Gecko) Chrome/148.0.0.0 Safari/537.36\"","service":"visual-whiteboard-api","timestamp":"2026-05-14 22:34:07"}
{"level":"info","message":"::1 - - [14/May/2026:17:04:07 +0000] \"GET /api/v1/whiteboards HTTP/1.1\" 304 - \"http://localhost:5173/\" \"Mozilla/5.0 (Windows NT 10.0; Win64; x64) AppleWebKit/537.36 (KHTML, like Gecko) Chrome/148.0.0.0 Safari/537.36\"","service":"visual-whiteboard-api","timestamp":"2026-05-14 22:34:07"}
{"level":"info","message":"::1 - - [14/May/2026:17:04:09 +0000] \"GET /api/v1/whiteboards HTTP/1.1\" 304 - \"http://localhost:5173/\" \"Mozilla/5.0 (Windows NT 10.0; Win64; x64) AppleWebKit/537.36 (KHTML, like Gecko) Chrome/148.0.0.0 Safari/537.36\"","service":"visual-whiteboard-api","timestamp":"2026-05-14 22:34:09"}
{"level":"info","message":"::1 - - [14/May/2026:17:04:09 +0000] \"GET /api/v1/whiteboards HTTP/1.1\" 304 - \"http://localhost:5173/\" \"Mozilla/5.0 (Windows NT 10.0; Win64; x64) AppleWebKit/537.36 (KHTML, like Gecko) Chrome/148.0.0.0 Safari/537.36\"","service":"visual-whiteboard-api","timestamp":"2026-05-14 22:34:09"}
{"level":"info","message":"::1 - - [14/May/2026:17:04:16 +0000] \"GET /api/v1/whiteboards HTTP/1.1\" 304 - \"http://localhost:5173/\" \"Mozilla/5.0 (Windows NT 10.0; Win64; x64) AppleWebKit/537.36 (KHTML, like Gecko) Chrome/148.0.0.0 Safari/537.36\"","service":"visual-whiteboard-api","timestamp":"2026-05-14 22:34:16"}
{"level":"info","message":"::1 - - [14/May/2026:17:04:16 +0000] \"GET /api/v1/whiteboards HTTP/1.1\" 304 - \"http://localhost:5173/\" \"Mozilla/5.0 (Windows NT 10.0; Win64; x64) AppleWebKit/537.36 (KHTML, like Gecko) Chrome/148.0.0.0 Safari/537.36\"","service":"visual-whiteboard-api","timestamp":"2026-05-14 22:34:16"}
{"level":"info","message":"::1 - - [14/May/2026:17:04:23 +0000] \"POST /api/v1/auth/login HTTP/1.1\" 200 392 \"http://localhost:5173/\" \"Mozilla/5.0 (Windows NT 10.0; Win64; x64) AppleWebKit/537.36 (KHTML, like Gecko) Chrome/148.0.0.0 Safari/537.36\"","service":"visual-whiteboard-api","timestamp":"2026-05-14 22:34:23"}
{"level":"info","message":"::1 - - [14/May/2026:17:04:23 +0000] \"GET /api/v1/whiteboards HTTP/1.1\" 200 925 \"http://localhost:5173/\" \"Mozilla/5.0 (Windows NT 10.0; Win64; x64) AppleWebKit/537.36 (KHTML, like Gecko) Chrome/148.0.0.0 Safari/537.36\"","service":"visual-whiteboard-api","timestamp":"2026-05-14 22:34:23"}
{"level":"info","message":"::1 - - [14/May/2026:17:04:23 +0000] \"GET /api/v1/whiteboards HTTP/1.1\" 304 - \"http://localhost:5173/\" \"Mozilla/5.0 (Windows NT 10.0; Win64; x64) AppleWebKit/537.36 (KHTML, like Gecko) Chrome/148.0.0.0 Safari/537.36\"","service":"visual-whiteboard-api","timestamp":"2026-05-14 22:34:23"}
{"level":"info","message":"::1 - - [14/May/2026:17:04:25 +0000] \"GET /api/v1/whiteboards/6a05cf718682f6fbf2a25894 HTTP/1.1\" 200 356 \"http://localhost:5173/\" \"Mozilla/5.0 (Windows NT 10.0; Win64; x64) AppleWebKit/537.36 (KHTML, like Gecko) Chrome/148.0.0.0 Safari/537.36\"","service":"visual-whiteboard-api","timestamp":"2026-05-14 22:34:25"}
{"level":"info","message":"⚡ Socket connected: HxgBhLy4FYfJN8gdAAAX (User: a@a.com)","service":"visual-whiteboard-api","timestamp":"2026-05-14 22:34:26"}
{"level":"info","message":"User a@a.com joined room whiteboard:6a05cf718682f6fbf2a25894","service":"visual-whiteboard-api","timestamp":"2026-05-14 22:34:26"}
{"level":"info","message":"User a@a.com left room whiteboard:6a05cf718682f6fbf2a25894","service":"visual-whiteboard-api","timestamp":"2026-05-14 22:52:46"}
{"level":"error","message":"Authentication error: jwt expired","service":"visual-whiteboard-api","timestamp":"2026-05-14 22:52:46"}
{"level":"info","message":"::1 - - [14/May/2026:17:22:46 +0000] \"GET /api/v1/whiteboards/6a05cf718682f6fbf2a25894 HTTP/1.1\" 401 81 \"http://localhost:5173/\" \"Mozilla/5.0 (Windows NT 10.0; Win64; x64) AppleWebKit/537.36 (KHTML, like Gecko) Chrome/148.0.0.0 Safari/537.36\"","service":"visual-whiteboard-api","timestamp":"2026-05-14 22:52:46"}
{"level":"error","message":"Authentication error: jwt expired","service":"visual-whiteboard-api","timestamp":"2026-05-14 22:52:46"}
{"level":"info","message":"::1 - - [14/May/2026:17:22:46 +0000] \"GET /api/v1/whiteboards/6a05cf718682f6fbf2a25894 HTTP/1.1\" 401 81 \"http://localhost:5173/\" \"Mozilla/5.0 (Windows NT 10.0; Win64; x64) AppleWebKit/537.36 (KHTML, like Gecko) Chrome/148.0.0.0 Safari/537.36\"","service":"visual-whiteboard-api","timestamp":"2026-05-14 22:52:46"}
{"level":"error","message":"Authentication error: jwt expired","service":"visual-whiteboard-api","timestamp":"2026-05-14 22:52:46"}
{"level":"info","message":"::1 - - [14/May/2026:17:22:46 +0000] \"GET /api/v1/whiteboards HTTP/1.1\" 401 81 \"http://localhost:5173/\" \"Mozilla/5.0 (Windows NT 10.0; Win64; x64) AppleWebKit/537.36 (KHTML, like Gecko) Chrome/148.0.0.0 Safari/537.36\"","service":"visual-whiteboard-api","timestamp":"2026-05-14 22:52:46"}
{"level":"error","message":"Authentication error: jwt expired","service":"visual-whiteboard-api","timestamp":"2026-05-14 22:52:46"}
{"level":"info","message":"::1 - - [14/May/2026:17:22:46 +0000] \"GET /api/v1/whiteboards HTTP/1.1\" 401 81 \"http://localhost:5173/\" \"Mozilla/5.0 (Windows NT 10.0; Win64; x64) AppleWebKit/537.36 (KHTML, like Gecko) Chrome/148.0.0.0 Safari/537.36\"","service":"visual-whiteboard-api","timestamp":"2026-05-14 22:52:46"}
{"level":"error","message":"Authentication error: jwt expired","service":"visual-whiteboard-api","timestamp":"2026-05-14 22:52:46"}
{"level":"info","message":"::1 - - [14/May/2026:17:22:46 +0000] \"GET /api/v1/whiteboards HTTP/1.1\" 401 81 \"http://localhost:5173/\" \"Mozilla/5.0 (Windows NT 10.0; Win64; x64) AppleWebKit/537.36 (KHTML, like Gecko) Chrome/148.0.0.0 Safari/537.36\"","service":"visual-whiteboard-api","timestamp":"2026-05-14 22:52:46"}
{"level":"error","message":"Authentication error: jwt expired","service":"visual-whiteboard-api","timestamp":"2026-05-14 22:52:46"}
{"level":"info","message":"::1 - - [14/May/2026:17:22:46 +0000] \"GET /api/v1/whiteboards HTTP/1.1\" 401 81 \"http://localhost:5173/\" \"Mozilla/5.0 (Windows NT 10.0; Win64; x64) AppleWebKit/537.36 (KHTML, like Gecko) Chrome/148.0.0.0 Safari/537.36\"","service":"visual-whiteboard-api","timestamp":"2026-05-14 22:52:46"}
{"level":"error","message":"Authentication error: jwt expired","service":"visual-whiteboard-api","timestamp":"2026-05-14 23:23:41"}
{"level":"info","message":"::1 - - [14/May/2026:17:53:41 +0000] \"GET /api/v1/whiteboards HTTP/1.1\" 401 81 \"http://localhost:5173/\" \"Mozilla/5.0 (Windows NT 10.0; Win64; x64) AppleWebKit/537.36 (KHTML, like Gecko) Chrome/148.0.0.0 Safari/537.36\"","service":"visual-whiteboard-api","timestamp":"2026-05-14 23:23:41"}
{"level":"error","message":"Authentication error: jwt expired","service":"visual-whiteboard-api","timestamp":"2026-05-14 23:23:41"}
{"level":"info","message":"::1 - - [14/May/2026:17:53:41 +0000] \"GET /api/v1/whiteboards HTTP/1.1\" 401 81 \"http://localhost:5173/\" \"Mozilla/5.0 (Windows NT 10.0; Win64; x64) AppleWebKit/537.36 (KHTML, like Gecko) Chrome/148.0.0.0 Safari/537.36\"","service":"visual-whiteboard-api","timestamp":"2026-05-14 23:23:41"}
{"level":"error","message":"Authentication error: jwt expired","service":"visual-whiteboard-api","timestamp":"2026-05-14 23:23:41"}
{"level":"info","message":"::1 - - [14/May/2026:17:53:41 +0000] \"GET /api/v1/whiteboards HTTP/1.1\" 401 81 \"http://localhost:5173/\" \"Mozilla/5.0 (Windows NT 10.0; Win64; x64) AppleWebKit/537.36 (KHTML, like Gecko) Chrome/148.0.0.0 Safari/537.36\"","service":"visual-whiteboard-api","timestamp":"2026-05-14 23:23:41"}
{"level":"error","message":"Authentication error: jwt expired","service":"visual-whiteboard-api","timestamp":"2026-05-14 23:23:41"}
{"level":"info","message":"::1 - - [14/May/2026:17:53:41 +0000] \"GET /api/v1/whiteboards HTTP/1.1\" 401 81 \"http://localhost:5173/\" \"Mozilla/5.0 (Windows NT 10.0; Win64; x64) AppleWebKit/537.36 (KHTML, like Gecko) Chrome/148.0.0.0 Safari/537.36\"","service":"visual-whiteboard-api","timestamp":"2026-05-14 23:23:41"}
{"level":"info","message":"::1 - - [14/May/2026:17:54:12 +0000] \"POST /api/v1/auth/login HTTP/1.1\" 200 392 \"http://localhost:5173/\" \"Mozilla/5.0 (Windows NT 10.0; Win64; x64) AppleWebKit/537.36 (KHTML, like Gecko) Chrome/148.0.0.0 Safari/537.36\"","service":"visual-whiteboard-api","timestamp":"2026-05-14 23:24:12"}
{"level":"info","message":"::1 - - [14/May/2026:17:54:12 +0000] \"GET /api/v1/whiteboards HTTP/1.1\" 304 - \"http://localhost:5173/\" \"Mozilla/5.0 (Windows NT 10.0; Win64; x64) AppleWebKit/537.36 (KHTML, like Gecko) Chrome/148.0.0.0 Safari/537.36\"","service":"visual-whiteboard-api","timestamp":"2026-05-14 23:24:12"}
{"level":"info","message":"::1 - - [14/May/2026:17:54:12 +0000] \"GET /api/v1/whiteboards HTTP/1.1\" 304 - \"http://localhost:5173/\" \"Mozilla/5.0 (Windows NT 10.0; Win64; x64) AppleWebKit/537.36 (KHTML, like Gecko) Chrome/148.0.0.0 Safari/537.36\"","service":"visual-whiteboard-api","timestamp":"2026-05-14 23:24:12"}
{"level":"info","message":"::1 - - [14/May/2026:17:54:15 +0000] \"GET /api/v1/whiteboards/6a05c8a4d94f91fab1284c49 HTTP/1.1\" 200 302 \"http://localhost:5173/\" \"Mozilla/5.0 (Windows NT 10.0; Win64; x64) AppleWebKit/537.36 (KHTML, like Gecko) Chrome/148.0.0.0 Safari/537.36\"","service":"visual-whiteboard-api","timestamp":"2026-05-14 23:24:15"}
{"level":"info","message":"⚡ Socket connected: Js6pLId1-NU_oFnHAAAa (User: a@a.com)","service":"visual-whiteboard-api","timestamp":"2026-05-14 23:24:15"}
{"level":"info","message":"User a@a.com joined room whiteboard:6a05c8a4d94f91fab1284c49","service":"visual-whiteboard-api","timestamp":"2026-05-14 23:24:15"}
{"level":"info","message":"User a@a.com left room whiteboard:6a05c8a4d94f91fab1284c49","service":"visual-whiteboard-api","timestamp":"2026-05-14 23:24:37"}
{"level":"info","message":"::1 - - [14/May/2026:18:01:46 +0000] \"POST /api/v1/auth/login HTTP/1.1\" 200 392 \"http://localhost:5173/\" \"Mozilla/5.0 (Windows NT 10.0; Win64; x64) AppleWebKit/537.36 (KHTML, like Gecko) Chrome/148.0.0.0 Safari/537.36\"","service":"visual-whiteboard-api","timestamp":"2026-05-14 23:31:46"}
{"level":"info","message":"::1 - - [14/May/2026:18:01:46 +0000] \"GET /api/v1/whiteboards HTTP/1.1\" 200 925 \"http://localhost:5173/\" \"Mozilla/5.0 (Windows NT 10.0; Win64; x64) AppleWebKit/537.36 (KHTML, like Gecko) Chrome/148.0.0.0 Safari/537.36\"","service":"visual-whiteboard-api","timestamp":"2026-05-14 23:31:46"}
{"level":"info","message":"::1 - - [14/May/2026:18:01:46 +0000] \"GET /api/v1/whiteboards HTTP/1.1\" 304 - \"http://localhost:5173/\" \"Mozilla/5.0 (Windows NT 10.0; Win64; x64) AppleWebKit/537.36 (KHTML, like Gecko) Chrome/148.0.0.0 Safari/537.36\"","service":"visual-whiteboard-api","timestamp":"2026-05-14 23:31:46"}
{"level":"info","message":"::1 - - [14/May/2026:18:01:47 +0000] \"GET /api/v1/whiteboards/6a05cf718682f6fbf2a25894 HTTP/1.1\" 200 356 \"http://localhost:5173/\" \"Mozilla/5.0 (Windows NT 10.0; Win64; x64) AppleWebKit/537.36 (KHTML, like Gecko) Chrome/148.0.0.0 Safari/537.36\"","service":"visual-whiteboard-api","timestamp":"2026-05-14 23:31:47"}
{"level":"info","message":"⚡ Socket connected: h6YKuHX1NU1ZSfrHAAAd (User: a@a.com)","service":"visual-whiteboard-api","timestamp":"2026-05-14 23:31:47"}
{"level":"info","message":"User a@a.com joined room whiteboard:6a05cf718682f6fbf2a25894","service":"visual-whiteboard-api","timestamp":"2026-05-14 23:31:47"}
{"level":"info","message":"::1 - - [14/May/2026:18:04:58 +0000] \"POST /api/v1/auth/register HTTP/1.1\" 201 407 \"http://localhost:5173/\" \"Mozilla/5.0 (Windows NT 10.0; Win64; x64) AppleWebKit/537.36 (KHTML, like Gecko) Chrome/148.0.0.0 Safari/537.36\"","service":"visual-whiteboard-api","timestamp":"2026-05-14 23:34:58"}
{"level":"info","message":"::1 - - [14/May/2026:18:04:58 +0000] \"GET /api/v1/whiteboards HTTP/1.1\" 200 42 \"http://localhost:5173/\" \"Mozilla/5.0 (Windows NT 10.0; Win64; x64) AppleWebKit/537.36 (KHTML, like Gecko) Chrome/148.0.0.0 Safari/537.36\"","service":"visual-whiteboard-api","timestamp":"2026-05-14 23:34:58"}
{"level":"info","message":"::1 - - [14/May/2026:18:04:58 +0000] \"GET /api/v1/whiteboards HTTP/1.1\" 304 - \"http://localhost:5173/\" \"Mozilla/5.0 (Windows NT 10.0; Win64; x64) AppleWebKit/537.36 (KHTML, like Gecko) Chrome/148.0.0.0 Safari/537.36\"","service":"visual-whiteboard-api","timestamp":"2026-05-14 23:34:58"}
{"level":"info","message":"::1 - - [14/May/2026:18:05:14 +0000] \"POST /api/v1/whiteboards HTTP/1.1\" 201 252 \"http://localhost:5173/\" \"Mozilla/5.0 (Windows NT 10.0; Win64; x64) AppleWebKit/537.36 (KHTML, like Gecko) Chrome/148.0.0.0 Safari/537.36\"","service":"visual-whiteboard-api","timestamp":"2026-05-14 23:35:14"}
{"level":"info","message":"::1 - - [14/May/2026:18:05:14 +0000] \"GET /api/v1/whiteboards/6a060edac06de02bf7dcec91 HTTP/1.1\" 200 325 \"http://localhost:5173/\" \"Mozilla/5.0 (Windows NT 10.0; Win64; x64) AppleWebKit/537.36 (KHTML, like Gecko) Chrome/148.0.0.0 Safari/537.36\"","service":"visual-whiteboard-api","timestamp":"2026-05-14 23:35:14"}
{"level":"info","message":"⚡ Socket connected: aiQGkaE6AjvTSsWZAAAg (User: tester@example.com)","service":"visual-whiteboard-api","timestamp":"2026-05-14 23:35:14"}
{"level":"info","message":"User tester@example.com joined room whiteboard:6a060edac06de02bf7dcec91","service":"visual-whiteboard-api","timestamp":"2026-05-14 23:35:14"}
{"level":"info","message":"User tester@example.com left room whiteboard:6a060edac06de02bf7dcec91","service":"visual-whiteboard-api","timestamp":"2026-05-14 23:39:54"}
{"level":"info","message":"::1 - - [14/May/2026:18:09:54 +0000] \"GET /api/v1/whiteboards HTTP/1.1\" 200 266 \"http://localhost:5173/\" \"Mozilla/5.0 (Windows NT 10.0; Win64; x64) AppleWebKit/537.36 (KHTML, like Gecko) Chrome/148.0.0.0 Safari/537.36\"","service":"visual-whiteboard-api","timestamp":"2026-05-14 23:39:54"}
{"level":"info","message":"::1 - - [14/May/2026:18:09:54 +0000] \"GET /api/v1/whiteboards HTTP/1.1\" 304 - \"http://localhost:5173/\" \"Mozilla/5.0 (Windows NT 10.0; Win64; x64) AppleWebKit/537.36 (KHTML, like Gecko) Chrome/148.0.0.0 Safari/537.36\"","service":"visual-whiteboard-api","timestamp":"2026-05-14 23:39:54"}
{"level":"info","message":"User a@a.com left room whiteboard:6a05cf718682f6fbf2a25894","service":"visual-whiteboard-api","timestamp":"2026-05-14 23:40:01"}
{"level":"info","message":"::1 - - [14/May/2026:18:10:02 +0000] \"GET /api/v1/whiteboards/6a05cf718682f6fbf2a25894 HTTP/1.1\" 304 - \"http://localhost:5173/\" \"Mozilla/5.0 (Windows NT 10.0; Win64; x64) AppleWebKit/537.36 (KHTML, like Gecko) Chrome/148.0.0.0 Safari/537.36\"","service":"visual-whiteboard-api","timestamp":"2026-05-14 23:40:02"}
{"level":"info","message":"::1 - - [14/May/2026:18:10:02 +0000] \"GET /api/v1/whiteboards/6a05cf718682f6fbf2a25894 HTTP/1.1\" 304 - \"http://localhost:5173/\" \"Mozilla/5.0 (Windows NT 10.0; Win64; x64) AppleWebKit/537.36 (KHTML, like Gecko) Chrome/148.0.0.0 Safari/537.36\"","service":"visual-whiteboard-api","timestamp":"2026-05-14 23:40:02"}
{"level":"info","message":"⚡ Socket connected: iap4veYlRLM4h-znAAAj (User: a@a.com)","service":"visual-whiteboard-api","timestamp":"2026-05-14 23:40:02"}
{"level":"info","message":"User a@a.com joined room whiteboard:6a05cf718682f6fbf2a25894","service":"visual-whiteboard-api","timestamp":"2026-05-14 23:40:02"}
{"level":"info","message":"User a@a.com left room whiteboard:6a05cf718682f6fbf2a25894","service":"visual-whiteboard-api","timestamp":"2026-05-14 23:40:05"}
{"level":"info","message":"::1 - - [14/May/2026:18:10:05 +0000] \"GET /api/v1/whiteboards HTTP/1.1\" 304 - \"http://localhost:5173/\" \"Mozilla/5.0 (Windows NT 10.0; Win64; x64) AppleWebKit/537.36 (KHTML, like Gecko) Chrome/148.0.0.0 Safari/537.36\"","service":"visual-whiteboard-api","timestamp":"2026-05-14 23:40:05"}
{"level":"info","message":"::1 - - [14/May/2026:18:10:05 +0000] \"GET /api/v1/whiteboards HTTP/1.1\" 304 - \"http://localhost:5173/\" \"Mozilla/5.0 (Windows NT 10.0; Win64; x64) AppleWebKit/537.36 (KHTML, like Gecko) Chrome/148.0.0.0 Safari/537.36\"","service":"visual-whiteboard-api","timestamp":"2026-05-14 23:40:05"}
{"level":"info","message":"::1 - - [14/May/2026:18:10:12 +0000] \"POST /api/v1/auth/login HTTP/1.1\" 200 392 \"http://localhost:5173/\" \"Mozilla/5.0 (Windows NT 10.0; Win64; x64) AppleWebKit/537.36 (KHTML, like Gecko) Chrome/148.0.0.0 Safari/537.36\"","service":"visual-whiteboard-api","timestamp":"2026-05-14 23:40:12"}
{"level":"info","message":"::1 - - [14/May/2026:18:10:12 +0000] \"GET /api/v1/whiteboards HTTP/1.1\" 304 - \"http://localhost:5173/\" \"Mozilla/5.0 (Windows NT 10.0; Win64; x64) AppleWebKit/537.36 (KHTML, like Gecko) Chrome/148.0.0.0 Safari/537.36\"","service":"visual-whiteboard-api","timestamp":"2026-05-14 23:40:12"}
{"level":"info","message":"::1 - - [14/May/2026:18:10:12 +0000] \"GET /api/v1/whiteboards HTTP/1.1\" 304 - \"http://localhost:5173/\" \"Mozilla/5.0 (Windows NT 10.0; Win64; x64) AppleWebKit/537.36 (KHTML, like Gecko) Chrome/148.0.0.0 Safari/537.36\"","service":"visual-whiteboard-api","timestamp":"2026-05-14 23:40:12"}
{"level":"info","message":"::1 - - [14/May/2026:18:10:14 +0000] \"GET /api/v1/whiteboards/6a05cf718682f6fbf2a25894 HTTP/1.1\" 304 - \"http://localhost:5173/\" \"Mozilla/5.0 (Windows NT 10.0; Win64; x64) AppleWebKit/537.36 (KHTML, like Gecko) Chrome/148.0.0.0 Safari/537.36\"","service":"visual-whiteboard-api","timestamp":"2026-05-14 23:40:14"}
{"level":"info","message":"⚡ Socket connected: PitAT1aDkxZqMR6LAAAm (User: a@a.com)","service":"visual-whiteboard-api","timestamp":"2026-05-14 23:40:14"}
{"level":"info","message":"User a@a.com joined room whiteboard:6a05cf718682f6fbf2a25894","service":"visual-whiteboard-api","timestamp":"2026-05-14 23:40:14"}
{"level":"info","message":"User a@a.com left room whiteboard:6a05cf718682f6fbf2a25894","service":"visual-whiteboard-api","timestamp":"2026-05-14 23:58:29"}
{"level":"error","message":"Authentication error: jwt expired","service":"visual-whiteboard-api","timestamp":"2026-05-14 23:58:29"}
{"level":"info","message":"::1 - - [14/May/2026:18:28:29 +0000] \"GET /api/v1/whiteboards/6a05cf718682f6fbf2a25894 HTTP/1.1\" 401 81 \"http://localhost:5173/\" \"Mozilla/5.0 (Windows NT 10.0; Win64; x64) AppleWebKit/537.36 (KHTML, like Gecko) Chrome/148.0.0.0 Safari/537.36\"","service":"visual-whiteboard-api","timestamp":"2026-05-14 23:58:29"}
{"level":"error","message":"Authentication error: jwt expired","service":"visual-whiteboard-api","timestamp":"2026-05-14 23:58:29"}
{"level":"info","message":"::1 - - [14/May/2026:18:28:29 +0000] \"GET /api/v1/whiteboards/6a05cf718682f6fbf2a25894 HTTP/1.1\" 401 81 \"http://localhost:5173/\" \"Mozilla/5.0 (Windows NT 10.0; Win64; x64) AppleWebKit/537.36 (KHTML, like Gecko) Chrome/148.0.0.0 Safari/537.36\"","service":"visual-whiteboard-api","timestamp":"2026-05-14 23:58:29"}
{"level":"error","message":"Authentication error: jwt expired","service":"visual-whiteboard-api","timestamp":"2026-05-14 23:58:29"}
{"level":"info","message":"::1 - - [14/May/2026:18:28:29 +0000] \"GET /api/v1/whiteboards HTTP/1.1\" 401 81 \"http://localhost:5173/\" \"Mozilla/5.0 (Windows NT 10.0; Win64; x64) AppleWebKit/537.36 (KHTML, like Gecko) Chrome/148.0.0.0 Safari/537.36\"","service":"visual-whiteboard-api","timestamp":"2026-05-14 23:58:29"}
{"level":"error","message":"Authentication error: jwt expired","service":"visual-whiteboard-api","timestamp":"2026-05-14 23:58:29"}
{"level":"info","message":"::1 - - [14/May/2026:18:28:29 +0000] \"GET /api/v1/whiteboards HTTP/1.1\" 401 81 \"http://localhost:5173/\" \"Mozilla/5.0 (Windows NT 10.0; Win64; x64) AppleWebKit/537.36 (KHTML, like Gecko) Chrome/148.0.0.0 Safari/537.36\"","service":"visual-whiteboard-api","timestamp":"2026-05-14 23:58:29"}
{"level":"error","message":"Authentication error: jwt expired","service":"visual-whiteboard-api","timestamp":"2026-05-15 00:00:01"}
{"level":"info","message":"::1 - - [14/May/2026:18:30:01 +0000] \"GET /api/v1/whiteboards HTTP/1.1\" 401 81 \"http://localhost:5173/\" \"Mozilla/5.0 (Windows NT 10.0; Win64; x64) AppleWebKit/537.36 (KHTML, like Gecko) Chrome/148.0.0.0 Safari/537.36\"","service":"visual-whiteboard-api","timestamp":"2026-05-15 00:00:01"}
{"level":"error","message":"Authentication error: jwt expired","service":"visual-whiteboard-api","timestamp":"2026-05-15 00:00:01"}
{"level":"info","message":"::1 - - [14/May/2026:18:30:01 +0000] \"GET /api/v1/whiteboards HTTP/1.1\" 401 81 \"http://localhost:5173/\" \"Mozilla/5.0 (Windows NT 10.0; Win64; x64) AppleWebKit/537.36 (KHTML, like Gecko) Chrome/148.0.0.0 Safari/537.36\"","service":"visual-whiteboard-api","timestamp":"2026-05-15 00:00:01"}
{"level":"error","message":"Authentication error: jwt expired","service":"visual-whiteboard-api","timestamp":"2026-05-15 00:00:48"}
{"level":"info","message":"::1 - - [14/May/2026:18:30:48 +0000] \"GET /api/v1/whiteboards HTTP/1.1\" 401 81 \"http://localhost:5173/\" \"Mozilla/5.0 (Windows NT 10.0; Win64; x64) AppleWebKit/537.36 (KHTML, like Gecko) Chrome/148.0.0.0 Safari/537.36\"","service":"visual-whiteboard-api","timestamp":"2026-05-15 00:00:48"}
{"level":"error","message":"Authentication error: jwt expired","service":"visual-whiteboard-api","timestamp":"2026-05-15 00:00:48"}
{"level":"info","message":"::1 - - [14/May/2026:18:30:48 +0000] \"GET /api/v1/whiteboards HTTP/1.1\" 401 81 \"http://localhost:5173/\" \"Mozilla/5.0 (Windows NT 10.0; Win64; x64) AppleWebKit/537.36 (KHTML, like Gecko) Chrome/148.0.0.0 Safari/537.36\"","service":"visual-whiteboard-api","timestamp":"2026-05-15 00:00:48"}
{"level":"info","message":"Graceful shutdown initiated...","service":"visual-whiteboard-api","timestamp":"2026-05-15 00:00:53"}
{"level":"info","message":"Connected to MongoDB","service":"visual-whiteboard-api","timestamp":"2026-05-15 00:00:58"}
{"level":"info","message":"🚀 Connected to Redis","service":"visual-whiteboard-api","timestamp":"2026-05-15 00:00:58"}
{"level":"info","message":"Server running in development mode on port 5000","service":"visual-whiteboard-api","timestamp":"2026-05-15 00:00:58"}
{"level":"info","message":"🚀 Socket.io Redis Adapter configured","service":"visual-whiteboard-api","timestamp":"2026-05-15 00:00:58"}
{"level":"info","message":"::1 - - [14/May/2026:18:31:13 +0000] \"POST /api/v1/auth/login HTTP/1.1\" 200 392 \"http://localhost:5173/\" \"Mozilla/5.0 (Windows NT 10.0; Win64; x64) AppleWebKit/537.36 (KHTML, like Gecko) Chrome/148.0.0.0 Safari/537.36\"","service":"visual-whiteboard-api","timestamp":"2026-05-15 00:01:13"}
{"level":"info","message":"::1 - - [14/May/2026:18:31:13 +0000] \"GET /api/v1/whiteboards HTTP/1.1\" 304 - \"http://localhost:5173/\" \"Mozilla/5.0 (Windows NT 10.0; Win64; x64) AppleWebKit/537.36 (KHTML, like Gecko) Chrome/148.0.0.0 Safari/537.36\"","service":"visual-whiteboard-api","timestamp":"2026-05-15 00:01:13"}
{"level":"info","message":"::1 - - [14/May/2026:18:31:13 +0000] \"GET /api/v1/whiteboards HTTP/1.1\" 304 - \"http://localhost:5173/\" \"Mozilla/5.0 (Windows NT 10.0; Win64; x64) AppleWebKit/537.36 (KHTML, like Gecko) Chrome/148.0.0.0 Safari/537.36\"","service":"visual-whiteboard-api","timestamp":"2026-05-15 00:01:13"}
{"level":"info","message":"::1 - - [14/May/2026:18:31:15 +0000] \"GET /api/v1/whiteboards/6a05cf718682f6fbf2a25894 HTTP/1.1\" 304 - \"http://localhost:5173/\" \"Mozilla/5.0 (Windows NT 10.0; Win64; x64) AppleWebKit/537.36 (KHTML, like Gecko) Chrome/148.0.0.0 Safari/537.36\"","service":"visual-whiteboard-api","timestamp":"2026-05-15 00:01:15"}
{"level":"info","message":"⚡ Socket connected: 0QsPdaYRgWI3AwrXAAAC (User: a@a.com)","service":"visual-whiteboard-api","timestamp":"2026-05-15 00:01:15"}
{"level":"info","message":"User a@a.com joined room whiteboard:6a05cf718682f6fbf2a25894","service":"visual-whiteboard-api","timestamp":"2026-05-15 00:01:15"}
{"level":"info","message":"User a@a.com left room whiteboard:6a05cf718682f6fbf2a25894","service":"visual-whiteboard-api","timestamp":"2026-05-15 00:03:17"}
{"level":"info","message":"::1 - - [14/May/2026:18:33:17 +0000] \"GET /api/v1/whiteboards HTTP/1.1\" 304 - \"http://localhost:5173/\" \"Mozilla/5.0 (Windows NT 10.0; Win64; x64) AppleWebKit/537.36 (KHTML, like Gecko) Chrome/148.0.0.0 Safari/537.36\"","service":"visual-whiteboard-api","timestamp":"2026-05-15 00:03:17"}
{"level":"info","message":"::1 - - [14/May/2026:18:33:17 +0000] \"GET /api/v1/whiteboards HTTP/1.1\" 304 - \"http://localhost:5173/\" \"Mozilla/5.0 (Windows NT 10.0; Win64; x64) AppleWebKit/537.36 (KHTML, like Gecko) Chrome/148.0.0.0 Safari/537.36\"","service":"visual-whiteboard-api","timestamp":"2026-05-15 00:03:17"}
{"level":"info","message":"⚡ Socket connected: 35C2Mqpr0wu6Imm9AAAF (User: a@a.com)","service":"visual-whiteboard-api","timestamp":"2026-05-15 00:03:18"}
{"level":"info","message":"User a@a.com joined room whiteboard:6a05cf718682f6fbf2a25894","service":"visual-whiteboard-api","timestamp":"2026-05-15 00:03:18"}
{"level":"info","message":"User a@a.com left room whiteboard:6a05cf718682f6fbf2a25894","service":"visual-whiteboard-api","timestamp":"2026-05-15 00:03:21"}
{"level":"info","message":"::1 - - [14/May/2026:18:33:21 +0000] \"GET /api/v1/whiteboards HTTP/1.1\" 304 - \"http://localhost:5173/\" \"Mozilla/5.0 (Windows NT 10.0; Win64; x64) AppleWebKit/537.36 (KHTML, like Gecko) Chrome/148.0.0.0 Safari/537.36\"","service":"visual-whiteboard-api","timestamp":"2026-05-15 00:03:21"}
{"level":"info","message":"::1 - - [14/May/2026:18:33:21 +0000] \"GET /api/v1/whiteboards HTTP/1.1\" 304 - \"http://localhost:5173/\" \"Mozilla/5.0 (Windows NT 10.0; Win64; x64) AppleWebKit/537.36 (KHTML, like Gecko) Chrome/148.0.0.0 Safari/537.36\"","service":"visual-whiteboard-api","timestamp":"2026-05-15 00:03:21"}
{"level":"info","message":"::1 - - [14/May/2026:18:33:22 +0000] \"GET /api/v1/whiteboards/6a05cf718682f6fbf2a25894 HTTP/1.1\" 304 - \"http://localhost:5173/\" \"Mozilla/5.0 (Windows NT 10.0; Win64; x64) AppleWebKit/537.36 (KHTML, like Gecko) Chrome/148.0.0.0 Safari/537.36\"","service":"visual-whiteboard-api","timestamp":"2026-05-15 00:03:22"}
{"level":"info","message":"⚡ Socket connected: Dt_JDj7xN8wS8YlFAAAI (User: a@a.com)","service":"visual-whiteboard-api","timestamp":"2026-05-15 00:03:22"}
{"level":"info","message":"User a@a.com joined room whiteboard:6a05cf718682f6fbf2a25894","service":"visual-whiteboard-api","timestamp":"2026-05-15 00:03:22"}
{"level":"info","message":"User a@a.com left room whiteboard:6a05cf718682f6fbf2a25894","service":"visual-whiteboard-api","timestamp":"2026-05-15 00:03:56"}
{"level":"info","message":"::1 - - [14/May/2026:18:33:56 +0000] \"GET /api/v1/whiteboards HTTP/1.1\" 304 - \"http://localhost:5173/\" \"Mozilla/5.0 (Windows NT 10.0; Win64; x64) AppleWebKit/537.36 (KHTML, like Gecko) Chrome/148.0.0.0 Safari/537.36\"","service":"visual-whiteboard-api","timestamp":"2026-05-15 00:03:56"}
{"level":"info","message":"::1 - - [14/May/2026:18:33:56 +0000] \"GET /api/v1/whiteboards HTTP/1.1\" 304 - \"http://localhost:5173/\" \"Mozilla/5.0 (Windows NT 10.0; Win64; x64) AppleWebKit/537.36 (KHTML, like Gecko) Chrome/148.0.0.0 Safari/537.36\"","service":"visual-whiteboard-api","timestamp":"2026-05-15 00:03:56"}
{"level":"error","message":"Authentication error: jwt expired","service":"visual-whiteboard-api","timestamp":"2026-05-15 00:12:17"}
{"level":"info","message":"::1 - - [14/May/2026:18:42:17 +0000] \"GET /api/v1/whiteboards HTTP/1.1\" 401 81 \"http://localhost:5173/\" \"Mozilla/5.0 (Windows NT 10.0; Win64; x64) AppleWebKit/537.36 (KHTML, like Gecko) Chrome/148.0.0.0 Safari/537.36\"","service":"visual-whiteboard-api","timestamp":"2026-05-15 00:12:17"}
{"level":"error","message":"Authentication error: jwt expired","service":"visual-whiteboard-api","timestamp":"2026-05-15 00:12:17"}
{"level":"info","message":"::1 - - [14/May/2026:18:42:17 +0000] \"GET /api/v1/whiteboards HTTP/1.1\" 401 81 \"http://localhost:5173/\" \"Mozilla/5.0 (Windows NT 10.0; Win64; x64) AppleWebKit/537.36 (KHTML, like Gecko) Chrome/148.0.0.0 Safari/537.36\"","service":"visual-whiteboard-api","timestamp":"2026-05-15 00:12:17"}
{"level":"error","message":"Authentication error: jwt expired","service":"visual-whiteboard-api","timestamp":"2026-05-15 00:12:27"}
{"level":"info","message":"::1 - - [14/May/2026:18:42:27 +0000] \"POST /api/v1/whiteboards HTTP/1.1\" 401 81 \"http://localhost:5173/\" \"Mozilla/5.0 (Windows NT 10.0; Win64; x64) AppleWebKit/537.36 (KHTML, like Gecko) Chrome/148.0.0.0 Safari/537.36\"","service":"visual-whiteboard-api","timestamp":"2026-05-15 00:12:27"}
{"level":"info","message":"::1 - - [14/May/2026:18:42:51 +0000] \"POST /api/v1/auth/register HTTP/1.1\" 400 49 \"http://localhost:5173/\" \"Mozilla/5.0 (Windows NT 10.0; Win64; x64) AppleWebKit/537.36 (KHTML, like Gecko) Chrome/148.0.0.0 Safari/537.36\"","service":"visual-whiteboard-api","timestamp":"2026-05-15 00:12:51"}
{"level":"info","message":"::1 - - [14/May/2026:18:43:05 +0000] \"POST /api/v1/auth/login HTTP/1.1\" 200 408 \"http://localhost:5173/\" \"Mozilla/5.0 (Windows NT 10.0; Win64; x64) AppleWebKit/537.36 (KHTML, like Gecko) Chrome/148.0.0.0 Safari/537.36\"","service":"visual-whiteboard-api","timestamp":"2026-05-15 00:13:05"}
{"level":"info","message":"::1 - - [14/May/2026:18:43:05 +0000] \"GET /api/v1/whiteboards HTTP/1.1\" 200 42 \"http://localhost:5173/\" \"Mozilla/5.0 (Windows NT 10.0; Win64; x64) AppleWebKit/537.36 (KHTML, like Gecko) Chrome/148.0.0.0 Safari/537.36\"","service":"visual-whiteboard-api","timestamp":"2026-05-15 00:13:05"}
{"level":"info","message":"::1 - - [14/May/2026:18:43:05 +0000] \"GET /api/v1/whiteboards HTTP/1.1\" 304 - \"http://localhost:5173/\" \"Mozilla/5.0 (Windows NT 10.0; Win64; x64) AppleWebKit/537.36 (KHTML, like Gecko) Chrome/148.0.0.0 Safari/537.36\"","service":"visual-whiteboard-api","timestamp":"2026-05-15 00:13:05"}
{"level":"info","message":"::1 - - [14/May/2026:18:43:14 +0000] \"POST /api/v1/whiteboards HTTP/1.1\" 201 252 \"http://localhost:5173/\" \"Mozilla/5.0 (Windows NT 10.0; Win64; x64) AppleWebKit/537.36 (KHTML, like Gecko) Chrome/148.0.0.0 Safari/537.36\"","service":"visual-whiteboard-api","timestamp":"2026-05-15 00:13:14"}
{"level":"info","message":"::1 - - [14/May/2026:18:43:14 +0000] \"GET /api/v1/whiteboards/6a0617c2e6983a5edbd5de7c HTTP/1.1\" 200 326 \"http://localhost:5173/\" \"Mozilla/5.0 (Windows NT 10.0; Win64; x64) AppleWebKit/537.36 (KHTML, like Gecko) Chrome/148.0.0.0 Safari/537.36\"","service":"visual-whiteboard-api","timestamp":"2026-05-15 00:13:14"}
{"level":"info","message":"⚡ Socket connected: 1RaNwzF7Md3k1h8jAAAL (User: test@example.com)","service":"visual-whiteboard-api","timestamp":"2026-05-15 00:13:14"}
{"level":"info","message":"User test@example.com joined room whiteboard:6a0617c2e6983a5edbd5de7c","service":"visual-whiteboard-api","timestamp":"2026-05-15 00:13:14"}
{"level":"info","message":"User test@example.com left room whiteboard:6a0617c2e6983a5edbd5de7c","service":"visual-whiteboard-api","timestamp":"2026-05-15 00:20:17"}
{"level":"info","message":"::1 - - [14/May/2026:18:50:17 +0000] \"GET /api/v1/whiteboards HTTP/1.1\" 200 266 \"http://localhost:5173/\" \"Mozilla/5.0 (Windows NT 10.0; Win64; x64) AppleWebKit/537.36 (KHTML, like Gecko) Chrome/148.0.0.0 Safari/537.36\"","service":"visual-whiteboard-api","timestamp":"2026-05-15 00:20:17"}
{"level":"info","message":"::1 - - [14/May/2026:18:50:17 +0000] \"GET /api/v1/whiteboards HTTP/1.1\" 304 - \"http://localhost:5173/\" \"Mozilla/5.0 (Windows NT 10.0; Win64; x64) AppleWebKit/537.36 (KHTML, like Gecko) Chrome/148.0.0.0 Safari/537.36\"","service":"visual-whiteboard-api","timestamp":"2026-05-15 00:20:17"}
{"level":"error","message":"Authentication error: jwt expired","service":"visual-whiteboard-api","timestamp":"2026-05-15 00:20:21"}
{"level":"info","message":"::1 - - [14/May/2026:18:50:21 +0000] \"GET /api/v1/whiteboards HTTP/1.1\" 401 81 \"http://localhost:5173/\" \"Mozilla/5.0 (Windows NT 10.0; Win64; x64) AppleWebKit/537.36 (KHTML, like Gecko) Chrome/148.0.0.0 Safari/537.36\"","service":"visual-whiteboard-api","timestamp":"2026-05-15 00:20:21"}
{"level":"error","message":"Authentication error: jwt expired","service":"visual-whiteboard-api","timestamp":"2026-05-15 00:20:21"}
{"level":"info","message":"::1 - - [14/May/2026:18:50:21 +0000] \"GET /api/v1/whiteboards HTTP/1.1\" 401 81 \"http://localhost:5173/\" \"Mozilla/5.0 (Windows NT 10.0; Win64; x64) AppleWebKit/537.36 (KHTML, like Gecko) Chrome/148.0.0.0 Safari/537.36\"","service":"visual-whiteboard-api","timestamp":"2026-05-15 00:20:21"}
{"level":"info","message":"::1 - - [14/May/2026:18:50:33 +0000] \"POST /api/v1/auth/login HTTP/1.1\" 200 392 \"http://localhost:5173/\" \"Mozilla/5.0 (Windows NT 10.0; Win64; x64) AppleWebKit/537.36 (KHTML, like Gecko) Chrome/148.0.0.0 Safari/537.36\"","service":"visual-whiteboard-api","timestamp":"2026-05-15 00:20:33"}
{"level":"info","message":"::1 - - [14/May/2026:18:50:33 +0000] \"GET /api/v1/whiteboards HTTP/1.1\" 304 - \"http://localhost:5173/\" \"Mozilla/5.0 (Windows NT 10.0; Win64; x64) AppleWebKit/537.36 (KHTML, like Gecko) Chrome/148.0.0.0 Safari/537.36\"","service":"visual-whiteboard-api","timestamp":"2026-05-15 00:20:33"}
{"level":"info","message":"::1 - - [14/May/2026:18:50:33 +0000] \"GET /api/v1/whiteboards HTTP/1.1\" 304 - \"http://localhost:5173/\" \"Mozilla/5.0 (Windows NT 10.0; Win64; x64) AppleWebKit/537.36 (KHTML, like Gecko) Chrome/148.0.0.0 Safari/537.36\"","service":"visual-whiteboard-api","timestamp":"2026-05-15 00:20:33"}
{"level":"info","message":"::1 - - [14/May/2026:18:50:34 +0000] \"GET /api/v1/whiteboards/6a05cf718682f6fbf2a25894 HTTP/1.1\" 304 - \"http://localhost:5173/\" \"Mozilla/5.0 (Windows NT 10.0; Win64; x64) AppleWebKit/537.36 (KHTML, like Gecko) Chrome/148.0.0.0 Safari/537.36\"","service":"visual-whiteboard-api","timestamp":"2026-05-15 00:20:34"}
{"level":"info","message":"⚡ Socket connected: 8xwn3a1yB_QNm4GBAAAO (User: a@a.com)","service":"visual-whiteboard-api","timestamp":"2026-05-15 00:20:34"}
{"level":"info","message":"User a@a.com joined room whiteboard:6a05cf718682f6fbf2a25894","service":"visual-whiteboard-api","timestamp":"2026-05-15 00:20:34"}
{"level":"info","message":"User a@a.com left room whiteboard:6a05cf718682f6fbf2a25894","service":"visual-whiteboard-api","timestamp":"2026-05-15 00:21:34"}
{"level":"info","message":"Graceful shutdown initiated...","service":"visual-whiteboard-api","timestamp":"2026-05-15 00:21:38"}
{"level":"info","message":"Connected to MongoDB","service":"visual-whiteboard-api","timestamp":"2026-05-15 14:39:41"}
{"code":"ECONNREFUSED","level":"error","message":"Redis Client Error","service":"visual-whiteboard-api","stack":"AggregateError [ECONNREFUSED]: \n    at internalConnectMultiple (node:net:1142:49)\n    at afterConnectMultiple (node:net:1723:7)","timestamp":"2026-05-15 14:39:41"}
{"code":"ECONNREFUSED","level":"error","message":"Redis Client Error","service":"visual-whiteboard-api","stack":"AggregateError [ECONNREFUSED]: \n    at internalConnectMultiple (node:net:1142:49)\n    at afterConnectMultiple (node:net:1723:7)","timestamp":"2026-05-15 14:39:41"}
{"code":"ECONNREFUSED","level":"error","message":"Redis Client Error","service":"visual-whiteboard-api","stack":"AggregateError [ECONNREFUSED]: \n    at internalConnectMultiple (node:net:1142:49)\n    at afterConnectMultiple (node:net:1723:7)","timestamp":"2026-05-15 14:39:41"}
{"code":"ECONNREFUSED","level":"error","message":"Redis Client Error","service":"visual-whiteboard-api","stack":"AggregateError [ECONNREFUSED]: \n    at internalConnectMultiple (node:net:1142:49)\n    at afterConnectMultiple (node:net:1723:7)","timestamp":"2026-05-15 14:39:42"}
{"code":"ECONNREFUSED","level":"error","message":"Redis Client Error","service":"visual-whiteboard-api","stack":"AggregateError [ECONNREFUSED]: \n    at internalConnectMultiple (node:net:1142:49)\n    at afterConnectMultiple (node:net:1723:7)","timestamp":"2026-05-15 14:39:42"}
{"code":"ECONNREFUSED","level":"error","message":"Redis Client Error","service":"visual-whiteboard-api","stack":"AggregateError [ECONNREFUSED]: \n    at internalConnectMultiple (node:net:1142:49)\n    at afterConnectMultiple (node:net:1723:7)","timestamp":"2026-05-15 14:39:43"}
{"code":"ECONNREFUSED","level":"error","message":"Redis Client Error","service":"visual-whiteboard-api","stack":"AggregateError [ECONNREFUSED]: \n    at internalConnectMultiple (node:net:1142:49)\n    at afterConnectMultiple (node:net:1723:7)","timestamp":"2026-05-15 14:39:45"}
{"code":"ECONNREFUSED","level":"error","message":"Redis Client Error","service":"visual-whiteboard-api","stack":"AggregateError [ECONNREFUSED]: \n    at internalConnectMultiple (node:net:1142:49)\n    at afterConnectMultiple (node:net:1723:7)","timestamp":"2026-05-15 14:39:47"}
{"code":"ECONNREFUSED","level":"error","message":"Redis Client Error","service":"visual-whiteboard-api","stack":"AggregateError [ECONNREFUSED]: \n    at internalConnectMultiple (node:net:1142:49)\n    at afterConnectMultiple (node:net:1723:7)","timestamp":"2026-05-15 14:39:49"}
{"code":"ECONNREFUSED","level":"error","message":"Redis Client Error","service":"visual-whiteboard-api","stack":"AggregateError [ECONNREFUSED]: \n    at internalConnectMultiple (node:net:1142:49)\n    at afterConnectMultiple (node:net:1723:7)","timestamp":"2026-05-15 14:39:51"}
{"level":"info","message":"🚀 Connected to Redis","service":"visual-whiteboard-api","timestamp":"2026-05-15 14:39:53"}
{"level":"info","message":"Server running in development mode on port 5000","service":"visual-whiteboard-api","timestamp":"2026-05-15 14:39:53"}
{"level":"info","message":"🚀 Socket.io Redis Adapter configured","service":"visual-whiteboard-api","timestamp":"2026-05-15 14:39:53"}
{"level":"info","message":"::1 - - [15/May/2026:09:10:16 +0000] \"POST /api/v1/auth/login HTTP/1.1\" 200 392 \"http://localhost:5173/\" \"Mozilla/5.0 (Windows NT 10.0; Win64; x64) AppleWebKit/537.36 (KHTML, like Gecko) Chrome/148.0.0.0 Safari/537.36\"","service":"visual-whiteboard-api","timestamp":"2026-05-15 14:40:16"}
{"level":"info","message":"::1 - - [15/May/2026:09:10:16 +0000] \"GET /api/v1/whiteboards HTTP/1.1\" 200 925 \"http://localhost:5173/\" \"Mozilla/5.0 (Windows NT 10.0; Win64; x64) AppleWebKit/537.36 (KHTML, like Gecko) Chrome/148.0.0.0 Safari/537.36\"","service":"visual-whiteboard-api","timestamp":"2026-05-15 14:40:16"}
{"level":"info","message":"::1 - - [15/May/2026:09:10:16 +0000] \"GET /api/v1/whiteboards HTTP/1.1\" 304 - \"http://localhost:5173/\" \"Mozilla/5.0 (Windows NT 10.0; Win64; x64) AppleWebKit/537.36 (KHTML, like Gecko) Chrome/148.0.0.0 Safari/537.36\"","service":"visual-whiteboard-api","timestamp":"2026-05-15 14:40:16"}
{"level":"info","message":"::1 - - [15/May/2026:09:10:17 +0000] \"GET /api/v1/whiteboards/6a05cf718682f6fbf2a25894 HTTP/1.1\" 200 356 \"http://localhost:5173/\" \"Mozilla/5.0 (Windows NT 10.0; Win64; x64) AppleWebKit/537.36 (KHTML, like Gecko) Chrome/148.0.0.0 Safari/537.36\"","service":"visual-whiteboard-api","timestamp":"2026-05-15 14:40:17"}
{"level":"info","message":"⚡ Socket connected: ePcph2XR8G89BYIlAAAC (User: a@a.com)","service":"visual-whiteboard-api","timestamp":"2026-05-15 14:40:18"}
{"level":"info","message":"User a@a.com joined room whiteboard:6a05cf718682f6fbf2a25894","service":"visual-whiteboard-api","timestamp":"2026-05-15 14:40:18"}
{"level":"info","message":"User a@a.com left room whiteboard:6a05cf718682f6fbf2a25894","service":"visual-whiteboard-api","timestamp":"2026-05-15 14:40:19"}
{"level":"info","message":"::1 - - [15/May/2026:09:10:20 +0000] \"GET /api/v1/whiteboards HTTP/1.1\" 304 - \"http://localhost:5173/\" \"Mozilla/5.0 (Windows NT 10.0; Win64; x64) AppleWebKit/537.36 (KHTML, like Gecko) Chrome/148.0.0.0 Safari/537.36\"","service":"visual-whiteboard-api","timestamp":"2026-05-15 14:40:20"}
{"level":"info","message":"::1 - - [15/May/2026:09:10:20 +0000] \"GET /api/v1/whiteboards HTTP/1.1\" 304 - \"http://localhost:5173/\" \"Mozilla/5.0 (Windows NT 10.0; Win64; x64) AppleWebKit/537.36 (KHTML, like Gecko) Chrome/148.0.0.0 Safari/537.36\"","service":"visual-whiteboard-api","timestamp":"2026-05-15 14:40:20"}
{"level":"info","message":"Connected to MongoDB","service":"visual-whiteboard-api","timestamp":"2026-05-15 14:48:49"}
{"level":"info","message":"🚀 Connected to Redis","service":"visual-whiteboard-api","timestamp":"2026-05-15 14:48:49"}
{"level":"info","message":"Server running in development mode on port 5000","service":"visual-whiteboard-api","timestamp":"2026-05-15 14:48:49"}
{"level":"info","message":"🚀 Socket.io Redis Adapter configured","service":"visual-whiteboard-api","timestamp":"2026-05-15 14:48:49"}
{"level":"info","message":"Connected to MongoDB","service":"visual-whiteboard-api","timestamp":"2026-05-15 14:48:51"}
{"level":"info","message":"🚀 Connected to Redis","service":"visual-whiteboard-api","timestamp":"2026-05-15 14:48:51"}
{"level":"info","message":"Server running in development mode on port 5000","service":"visual-whiteboard-api","timestamp":"2026-05-15 14:48:51"}
{"level":"info","message":"🚀 Socket.io Redis Adapter configured","service":"visual-whiteboard-api","timestamp":"2026-05-15 14:48:51"}
{"level":"info","message":"Connected to MongoDB","service":"visual-whiteboard-api","timestamp":"2026-05-15 14:48:53"}
{"level":"info","message":"🚀 Connected to Redis","service":"visual-whiteboard-api","timestamp":"2026-05-15 14:48:53"}
{"level":"info","message":"Server running in development mode on port 5000","service":"visual-whiteboard-api","timestamp":"2026-05-15 14:48:53"}
{"level":"info","message":"🚀 Socket.io Redis Adapter configured","service":"visual-whiteboard-api","timestamp":"2026-05-15 14:48:53"}
{"level":"info","message":"Connected to MongoDB","service":"visual-whiteboard-api","timestamp":"2026-05-15 14:48:55"}
{"level":"info","message":"🚀 Connected to Redis","service":"visual-whiteboard-api","timestamp":"2026-05-15 14:48:55"}
{"level":"info","message":"Server running in development mode on port 5000","service":"visual-whiteboard-api","timestamp":"2026-05-15 14:48:55"}
{"level":"info","message":"🚀 Socket.io Redis Adapter configured","service":"visual-whiteboard-api","timestamp":"2026-05-15 14:48:55"}
{"level":"info","message":"Connected to MongoDB","service":"visual-whiteboard-api","timestamp":"2026-05-15 14:49:30"}
{"level":"info","message":"🚀 Connected to Redis","service":"visual-whiteboard-api","timestamp":"2026-05-15 14:49:30"}
{"level":"info","message":"Server running in development mode on port 5000","service":"visual-whiteboard-api","timestamp":"2026-05-15 14:49:30"}
{"level":"info","message":"🚀 Socket.io Redis Adapter configured","service":"visual-whiteboard-api","timestamp":"2026-05-15 14:49:30"}
{"level":"info","message":"Connected to MongoDB","service":"visual-whiteboard-api","timestamp":"2026-05-15 14:49:32"}
{"level":"info","message":"🚀 Connected to Redis","service":"visual-whiteboard-api","timestamp":"2026-05-15 14:49:32"}
{"level":"info","message":"Server running in development mode on port 5000","service":"visual-whiteboard-api","timestamp":"2026-05-15 14:49:32"}
{"level":"info","message":"🚀 Socket.io Redis Adapter configured","service":"visual-whiteboard-api","timestamp":"2026-05-15 14:49:32"}
{"level":"info","message":"Connected to MongoDB","service":"visual-whiteboard-api","timestamp":"2026-05-15 14:49:34"}
{"level":"info","message":"🚀 Connected to Redis","service":"visual-whiteboard-api","timestamp":"2026-05-15 14:49:34"}
{"level":"info","message":"Server running in development mode on port 5000","service":"visual-whiteboard-api","timestamp":"2026-05-15 14:49:34"}
{"level":"info","message":"🚀 Socket.io Redis Adapter configured","service":"visual-whiteboard-api","timestamp":"2026-05-15 14:49:34"}
{"level":"info","message":"Connected to MongoDB","service":"visual-whiteboard-api","timestamp":"2026-05-15 14:56:25"}
{"level":"info","message":"🚀 Connected to Redis","service":"visual-whiteboard-api","timestamp":"2026-05-15 14:56:25"}
{"level":"info","message":"Server running in development mode on port 5000","service":"visual-whiteboard-api","timestamp":"2026-05-15 14:56:25"}
{"level":"info","message":"🚀 Socket.io Redis Adapter configured","service":"visual-whiteboard-api","timestamp":"2026-05-15 14:56:25"}
{"level":"error","message":"Authentication error: jwt expired","service":"visual-whiteboard-api","timestamp":"2026-05-15 14:57:42"}
{"level":"info","message":"::1 - - [15/May/2026:09:27:42 +0000] \"GET /api/v1/whiteboards HTTP/1.1\" 401 81 \"http://localhost:5173/\" \"Mozilla/5.0 (Windows NT 10.0; Win64; x64) AppleWebKit/537.36 (KHTML, like Gecko) Chrome/148.0.0.0 Safari/537.36\"","service":"visual-whiteboard-api","timestamp":"2026-05-15 14:57:42"}
{"level":"error","message":"Authentication error: jwt expired","service":"visual-whiteboard-api","timestamp":"2026-05-15 14:57:42"}
{"level":"info","message":"::1 - - [15/May/2026:09:27:42 +0000] \"GET /api/v1/whiteboards HTTP/1.1\" 401 81 \"http://localhost:5173/\" \"Mozilla/5.0 (Windows NT 10.0; Win64; x64) AppleWebKit/537.36 (KHTML, like Gecko) Chrome/148.0.0.0 Safari/537.36\"","service":"visual-whiteboard-api","timestamp":"2026-05-15 14:57:42"}
{"level":"error","message":"Authentication error: jwt expired","service":"visual-whiteboard-api","timestamp":"2026-05-15 14:58:06"}
{"level":"info","message":"::1 - - [15/May/2026:09:28:06 +0000] \"GET /api/v1/whiteboards HTTP/1.1\" 401 81 \"http://localhost:5173/\" \"Mozilla/5.0 (Windows NT 10.0; Win64; x64) AppleWebKit/537.36 (KHTML, like Gecko) Chrome/148.0.0.0 Safari/537.36\"","service":"visual-whiteboard-api","timestamp":"2026-05-15 14:58:06"}
{"level":"error","message":"Authentication error: jwt expired","service":"visual-whiteboard-api","timestamp":"2026-05-15 14:58:06"}
{"level":"info","message":"::1 - - [15/May/2026:09:28:06 +0000] \"GET /api/v1/whiteboards HTTP/1.1\" 401 81 \"http://localhost:5173/\" \"Mozilla/5.0 (Windows NT 10.0; Win64; x64) AppleWebKit/537.36 (KHTML, like Gecko) Chrome/148.0.0.0 Safari/537.36\"","service":"visual-whiteboard-api","timestamp":"2026-05-15 14:58:06"}
{"level":"info","message":"Graceful shutdown initiated...","service":"visual-whiteboard-api","timestamp":"2026-05-15 14:58:08"}
{"level":"info","message":"Connected to MongoDB","service":"visual-whiteboard-api","timestamp":"2026-05-15 14:58:12"}
{"level":"info","message":"🚀 Connected to Redis","service":"visual-whiteboard-api","timestamp":"2026-05-15 14:58:12"}
{"level":"info","message":"Server running in development mode on port 5000","service":"visual-whiteboard-api","timestamp":"2026-05-15 14:58:12"}
{"level":"info","message":"🚀 Socket.io Redis Adapter configured","service":"visual-whiteboard-api","timestamp":"2026-05-15 14:58:12"}
{"level":"info","message":"::1 - - [15/May/2026:09:28:24 +0000] \"POST /api/v1/auth/login HTTP/1.1\" 200 392 \"http://localhost:5173/\" \"Mozilla/5.0 (Windows NT 10.0; Win64; x64) AppleWebKit/537.36 (KHTML, like Gecko) Chrome/148.0.0.0 Safari/537.36\"","service":"visual-whiteboard-api","timestamp":"2026-05-15 14:58:24"}
{"level":"info","message":"::1 - - [15/May/2026:09:28:24 +0000] \"GET /api/v1/whiteboards HTTP/1.1\" 304 - \"http://localhost:5173/\" \"Mozilla/5.0 (Windows NT 10.0; Win64; x64) AppleWebKit/537.36 (KHTML, like Gecko) Chrome/148.0.0.0 Safari/537.36\"","service":"visual-whiteboard-api","timestamp":"2026-05-15 14:58:24"}
{"level":"info","message":"::1 - - [15/May/2026:09:28:24 +0000] \"GET /api/v1/whiteboards HTTP/1.1\" 304 - \"http://localhost:5173/\" \"Mozilla/5.0 (Windows NT 10.0; Win64; x64) AppleWebKit/537.36 (KHTML, like Gecko) Chrome/148.0.0.0 Safari/537.36\"","service":"visual-whiteboard-api","timestamp":"2026-05-15 14:58:24"}
{"level":"info","message":"::1 - - [15/May/2026:09:28:25 +0000] \"GET /api/v1/whiteboards/6a05cf718682f6fbf2a25894 HTTP/1.1\" 304 - \"http://localhost:5173/\" \"Mozilla/5.0 (Windows NT 10.0; Win64; x64) AppleWebKit/537.36 (KHTML, like Gecko) Chrome/148.0.0.0 Safari/537.36\"","service":"visual-whiteboard-api","timestamp":"2026-05-15 14:58:25"}
{"level":"info","message":"⚡ Socket connected: fVfhhxckH6jzmX5DAAAC (User: a@a.com)","service":"visual-whiteboard-api","timestamp":"2026-05-15 14:58:25"}
{"level":"info","message":"User a@a.com joined room whiteboard:6a05cf718682f6fbf2a25894","service":"visual-whiteboard-api","timestamp":"2026-05-15 14:58:25"}
{"level":"info","message":"::1 - - [15/May/2026:09:29:01 +0000] \"POST /api/v1/attachments/upload HTTP/1.1\" 500 41 \"http://localhost:5173/\" \"Mozilla/5.0 (Windows NT 10.0; Win64; x64) AppleWebKit/537.36 (KHTML, like Gecko) Chrome/148.0.0.0 Safari/537.36\"","service":"visual-whiteboard-api","timestamp":"2026-05-15 14:59:01"}
{"level":"info","message":"User a@a.com left room whiteboard:6a05cf718682f6fbf2a25894","service":"visual-whiteboard-api","timestamp":"2026-05-15 14:59:30"}
{"level":"info","message":"::1 - - [15/May/2026:09:29:30 +0000] \"GET /api/v1/whiteboards/6a05cf718682f6fbf2a25894 HTTP/1.1\" 304 - \"http://localhost:5173/\" \"Mozilla/5.0 (Windows NT 10.0; Win64; x64) AppleWebKit/537.36 (KHTML, like Gecko) Chrome/148.0.0.0 Safari/537.36\"","service":"visual-whiteboard-api","timestamp":"2026-05-15 14:59:30"}
{"level":"info","message":"::1 - - [15/May/2026:09:29:30 +0000] \"GET /api/v1/whiteboards/6a05cf718682f6fbf2a25894 HTTP/1.1\" 304 - \"http://localhost:5173/\" \"Mozilla/5.0 (Windows NT 10.0; Win64; x64) AppleWebKit/537.36 (KHTML, like Gecko) Chrome/148.0.0.0 Safari/537.36\"","service":"visual-whiteboard-api","timestamp":"2026-05-15 14:59:30"}
{"level":"info","message":"⚡ Socket connected: v9kmTQUdDYhRV38GAAAF (User: a@a.com)","service":"visual-whiteboard-api","timestamp":"2026-05-15 14:59:30"}
{"level":"info","message":"User a@a.com joined room whiteboard:6a05cf718682f6fbf2a25894","service":"visual-whiteboard-api","timestamp":"2026-05-15 14:59:30"}
{"level":"info","message":"Graceful shutdown initiated...","service":"visual-whiteboard-api","timestamp":"2026-05-15 15:02:11"}
{"level":"info","message":"Connected to MongoDB","service":"visual-whiteboard-api","timestamp":"2026-05-15 15:02:15"}
{"level":"info","message":"🚀 Connected to Redis","service":"visual-whiteboard-api","timestamp":"2026-05-15 15:02:15"}
{"level":"info","message":"Server running in development mode on port 5000","service":"visual-whiteboard-api","timestamp":"2026-05-15 15:02:15"}
{"level":"info","message":"🚀 Socket.io Redis Adapter configured","service":"visual-whiteboard-api","timestamp":"2026-05-15 15:02:15"}
{"level":"info","message":"⚡ Socket connected: WI8Ugfw3J6Jyv7VuAAAB (User: a@a.com)","service":"visual-whiteboard-api","timestamp":"2026-05-15 15:02:15"}
{"level":"info","message":"User a@a.com joined room whiteboard:6a05cf718682f6fbf2a25894","service":"visual-whiteboard-api","timestamp":"2026-05-15 15:02:15"}
{"level":"info","message":"User a@a.com left room whiteboard:6a05cf718682f6fbf2a25894","service":"visual-whiteboard-api","timestamp":"2026-05-15 15:02:17"}
{"level":"info","message":"::1 - - [15/May/2026:09:32:18 +0000] \"GET /api/v1/whiteboards/6a05cf718682f6fbf2a25894 HTTP/1.1\" 304 - \"http://localhost:5173/\" \"Mozilla/5.0 (Windows NT 10.0; Win64; x64) AppleWebKit/537.36 (KHTML, like Gecko) Chrome/148.0.0.0 Safari/537.36\"","service":"visual-whiteboard-api","timestamp":"2026-05-15 15:02:18"}
{"level":"info","message":"::1 - - [15/May/2026:09:32:18 +0000] \"GET /api/v1/whiteboards/6a05cf718682f6fbf2a25894 HTTP/1.1\" 304 - \"http://localhost:5173/\" \"Mozilla/5.0 (Windows NT 10.0; Win64; x64) AppleWebKit/537.36 (KHTML, like Gecko) Chrome/148.0.0.0 Safari/537.36\"","service":"visual-whiteboard-api","timestamp":"2026-05-15 15:02:18"}
{"level":"info","message":"⚡ Socket connected: 0dkVor_GV5AznRA1AAAE (User: a@a.com)","service":"visual-whiteboard-api","timestamp":"2026-05-15 15:02:18"}
{"level":"info","message":"User a@a.com joined room whiteboard:6a05cf718682f6fbf2a25894","service":"visual-whiteboard-api","timestamp":"2026-05-15 15:02:18"}
{"level":"info","message":"User a@a.com left room whiteboard:6a05cf718682f6fbf2a25894","service":"visual-whiteboard-api","timestamp":"2026-05-15 15:02:23"}
{"level":"info","message":"::1 - - [15/May/2026:09:32:23 +0000] \"GET /api/v1/whiteboards HTTP/1.1\" 304 - \"http://localhost:5173/\" \"Mozilla/5.0 (Windows NT 10.0; Win64; x64) AppleWebKit/537.36 (KHTML, like Gecko) Chrome/148.0.0.0 Safari/537.36\"","service":"visual-whiteboard-api","timestamp":"2026-05-15 15:02:23"}
{"level":"info","message":"::1 - - [15/May/2026:09:32:23 +0000] \"GET /api/v1/whiteboards HTTP/1.1\" 304 - \"http://localhost:5173/\" \"Mozilla/5.0 (Windows NT 10.0; Win64; x64) AppleWebKit/537.36 (KHTML, like Gecko) Chrome/148.0.0.0 Safari/537.36\"","service":"visual-whiteboard-api","timestamp":"2026-05-15 15:02:23"}
{"level":"info","message":"::1 - - [15/May/2026:09:32:32 +0000] \"POST /api/v1/auth/login HTTP/1.1\" 200 392 \"http://localhost:5173/\" \"Mozilla/5.0 (Windows NT 10.0; Win64; x64) AppleWebKit/537.36 (KHTML, like Gecko) Chrome/148.0.0.0 Safari/537.36\"","service":"visual-whiteboard-api","timestamp":"2026-05-15 15:02:32"}
{"level":"info","message":"::1 - - [15/May/2026:09:32:32 +0000] \"GET /api/v1/whiteboards HTTP/1.1\" 304 - \"http://localhost:5173/\" \"Mozilla/5.0 (Windows NT 10.0; Win64; x64) AppleWebKit/537.36 (KHTML, like Gecko) Chrome/148.0.0.0 Safari/537.36\"","service":"visual-whiteboard-api","timestamp":"2026-05-15 15:02:32"}
{"level":"info","message":"::1 - - [15/May/2026:09:32:32 +0000] \"GET /api/v1/whiteboards HTTP/1.1\" 304 - \"http://localhost:5173/\" \"Mozilla/5.0 (Windows NT 10.0; Win64; x64) AppleWebKit/537.36 (KHTML, like Gecko) Chrome/148.0.0.0 Safari/537.36\"","service":"visual-whiteboard-api","timestamp":"2026-05-15 15:02:32"}
{"level":"info","message":"::1 - - [15/May/2026:09:32:33 +0000] \"GET /api/v1/whiteboards/6a05cf718682f6fbf2a25894 HTTP/1.1\" 304 - \"http://localhost:5173/\" \"Mozilla/5.0 (Windows NT 10.0; Win64; x64) AppleWebKit/537.36 (KHTML, like Gecko) Chrome/148.0.0.0 Safari/537.36\"","service":"visual-whiteboard-api","timestamp":"2026-05-15 15:02:33"}
{"level":"info","message":"⚡ Socket connected: EOnOC8HcHGmVAWZcAAAH (User: a@a.com)","service":"visual-whiteboard-api","timestamp":"2026-05-15 15:02:33"}
{"level":"info","message":"User a@a.com joined room whiteboard:6a05cf718682f6fbf2a25894","service":"visual-whiteboard-api","timestamp":"2026-05-15 15:02:33"}
{"level":"info","message":"::1 - - [15/May/2026:09:32:56 +0000] \"POST /api/v1/attachments/upload HTTP/1.1\" 500 41 \"http://localhost:5173/\" \"Mozilla/5.0 (Windows NT 10.0; Win64; x64) AppleWebKit/537.36 (KHTML, like Gecko) Chrome/148.0.0.0 Safari/537.36\"","service":"visual-whiteboard-api","timestamp":"2026-05-15 15:02:56"}
{"level":"info","message":"User a@a.com left room whiteboard:6a05cf718682f6fbf2a25894","service":"visual-whiteboard-api","timestamp":"2026-05-15 15:03:06"}
{"level":"info","message":"::1 - - [15/May/2026:09:33:06 +0000] \"GET /api/v1/whiteboards/6a05cf718682f6fbf2a25894 HTTP/1.1\" 304 - \"http://localhost:5173/\" \"Mozilla/5.0 (Windows NT 10.0; Win64; x64) AppleWebKit/537.36 (KHTML, like Gecko) Chrome/148.0.0.0 Safari/537.36\"","service":"visual-whiteboard-api","timestamp":"2026-05-15 15:03:06"}
{"level":"info","message":"::1 - - [15/May/2026:09:33:06 +0000] \"GET /api/v1/whiteboards/6a05cf718682f6fbf2a25894 HTTP/1.1\" 304 - \"http://localhost:5173/\" \"Mozilla/5.0 (Windows NT 10.0; Win64; x64) AppleWebKit/537.36 (KHTML, like Gecko) Chrome/148.0.0.0 Safari/537.36\"","service":"visual-whiteboard-api","timestamp":"2026-05-15 15:03:06"}
{"level":"info","message":"⚡ Socket connected: ILt9tlQa4Y9BJJxcAAAK (User: a@a.com)","service":"visual-whiteboard-api","timestamp":"2026-05-15 15:03:06"}
{"level":"info","message":"User a@a.com joined room whiteboard:6a05cf718682f6fbf2a25894","service":"visual-whiteboard-api","timestamp":"2026-05-15 15:03:06"}
{"level":"info","message":"User a@a.com left room whiteboard:6a05cf718682f6fbf2a25894","service":"visual-whiteboard-api","timestamp":"2026-05-15 15:03:40"}
{"level":"info","message":"::1 - - [15/May/2026:09:33:40 +0000] \"GET /api/v1/whiteboards/6a05cf718682f6fbf2a25894 HTTP/1.1\" 304 - \"http://localhost:5173/\" \"Mozilla/5.0 (Windows NT 10.0; Win64; x64) AppleWebKit/537.36 (KHTML, like Gecko) Chrome/148.0.0.0 Safari/537.36\"","service":"visual-whiteboard-api","timestamp":"2026-05-15 15:03:40"}
{"level":"info","message":"::1 - - [15/May/2026:09:33:40 +0000] \"GET /api/v1/whiteboards/6a05cf718682f6fbf2a25894 HTTP/1.1\" 304 - \"http://localhost:5173/\" \"Mozilla/5.0 (Windows NT 10.0; Win64; x64) AppleWebKit/537.36 (KHTML, like Gecko) Chrome/148.0.0.0 Safari/537.36\"","service":"visual-whiteboard-api","timestamp":"2026-05-15 15:03:40"}
{"level":"info","message":"⚡ Socket connected: zkcC5n07Ad_Ogp_9AAAN (User: a@a.com)","service":"visual-whiteboard-api","timestamp":"2026-05-15 15:03:40"}
{"level":"info","message":"User a@a.com joined room whiteboard:6a05cf718682f6fbf2a25894","service":"visual-whiteboard-api","timestamp":"2026-05-15 15:03:40"}
{"level":"info","message":"User a@a.com left room whiteboard:6a05cf718682f6fbf2a25894","service":"visual-whiteboard-api","timestamp":"2026-05-15 15:03:42"}
{"level":"info","message":"::1 - - [15/May/2026:09:33:42 +0000] \"GET /api/v1/whiteboards HTTP/1.1\" 304 - \"http://localhost:5173/\" \"Mozilla/5.0 (Windows NT 10.0; Win64; x64) AppleWebKit/537.36 (KHTML, like Gecko) Chrome/148.0.0.0 Safari/537.36\"","service":"visual-whiteboard-api","timestamp":"2026-05-15 15:03:42"}
{"level":"info","message":"::1 - - [15/May/2026:09:33:42 +0000] \"GET /api/v1/whiteboards HTTP/1.1\" 304 - \"http://localhost:5173/\" \"Mozilla/5.0 (Windows NT 10.0; Win64; x64) AppleWebKit/537.36 (KHTML, like Gecko) Chrome/148.0.0.0 Safari/537.36\"","service":"visual-whiteboard-api","timestamp":"2026-05-15 15:03:42"}
{"level":"info","message":"::1 - - [15/May/2026:09:33:43 +0000] \"POST /api/v1/whiteboards HTTP/1.1\" 201 252 \"http://localhost:5173/\" \"Mozilla/5.0 (Windows NT 10.0; Win64; x64) AppleWebKit/537.36 (KHTML, like Gecko) Chrome/148.0.0.0 Safari/537.36\"","service":"visual-whiteboard-api","timestamp":"2026-05-15 15:03:43"}
{"level":"info","message":"::1 - - [15/May/2026:09:33:43 +0000] \"GET /api/v1/whiteboards/6a06e877af1816f5fe51d5e5 HTTP/1.1\" 200 310 \"http://localhost:5173/\" \"Mozilla/5.0 (Windows NT 10.0; Win64; x64) AppleWebKit/537.36 (KHTML, like Gecko) Chrome/148.0.0.0 Safari/537.36\"","service":"visual-whiteboard-api","timestamp":"2026-05-15 15:03:43"}
{"level":"info","message":"⚡ Socket connected: gIy460M5apecKaJGAAAQ (User: a@a.com)","service":"visual-whiteboard-api","timestamp":"2026-05-15 15:03:43"}
{"level":"info","message":"User a@a.com joined room whiteboard:6a06e877af1816f5fe51d5e5","service":"visual-whiteboard-api","timestamp":"2026-05-15 15:03:43"}
{"level":"info","message":"::1 - - [15/May/2026:09:33:59 +0000] \"POST /api/v1/attachments/upload HTTP/1.1\" 500 41 \"http://localhost:5173/\" \"Mozilla/5.0 (Windows NT 10.0; Win64; x64) AppleWebKit/537.36 (KHTML, like Gecko) Chrome/148.0.0.0 Safari/537.36\"","service":"visual-whiteboard-api","timestamp":"2026-05-15 15:03:59"}
{"level":"info","message":"User a@a.com left room whiteboard:6a06e877af1816f5fe51d5e5","service":"visual-whiteboard-api","timestamp":"2026-05-15 15:04:15"}
{"level":"info","message":"::1 - - [15/May/2026:09:34:15 +0000] \"GET /api/v1/whiteboards/6a06e877af1816f5fe51d5e5 HTTP/1.1\" 304 - \"http://localhost:5173/\" \"Mozilla/5.0 (Windows NT 10.0; Win64; x64) AppleWebKit/537.36 (KHTML, like Gecko) Chrome/148.0.0.0 Safari/537.36\"","service":"visual-whiteboard-api","timestamp":"2026-05-15 15:04:15"}
{"level":"info","message":"::1 - - [15/May/2026:09:34:15 +0000] \"GET /api/v1/whiteboards/6a06e877af1816f5fe51d5e5 HTTP/1.1\" 304 - \"http://localhost:5173/\" \"Mozilla/5.0 (Windows NT 10.0; Win64; x64) AppleWebKit/537.36 (KHTML, like Gecko) Chrome/148.0.0.0 Safari/537.36\"","service":"visual-whiteboard-api","timestamp":"2026-05-15 15:04:15"}
{"level":"info","message":"⚡ Socket connected: DDZja6jgBkSToHuNAAAT (User: a@a.com)","service":"visual-whiteboard-api","timestamp":"2026-05-15 15:04:15"}
{"level":"info","message":"User a@a.com joined room whiteboard:6a06e877af1816f5fe51d5e5","service":"visual-whiteboard-api","timestamp":"2026-05-15 15:04:15"}
{"level":"error","message":"Authentication error: jwt expired","service":"visual-whiteboard-api","timestamp":"2026-05-15 15:05:39"}
{"level":"info","message":"::1 - - [15/May/2026:09:35:39 +0000] \"GET /api/v1/whiteboards HTTP/1.1\" 401 81 \"http://localhost:5173/\" \"Mozilla/5.0 (Windows NT 10.0; Win64; x64) AppleWebKit/537.36 (KHTML, like Gecko) Chrome/148.0.0.0 Safari/537.36\"","service":"visual-whiteboard-api","timestamp":"2026-05-15 15:05:39"}
{"level":"error","message":"Authentication error: jwt expired","service":"visual-whiteboard-api","timestamp":"2026-05-15 15:05:39"}
{"level":"info","message":"::1 - - [15/May/2026:09:35:39 +0000] \"GET /api/v1/whiteboards HTTP/1.1\" 401 81 \"http://localhost:5173/\" \"Mozilla/5.0 (Windows NT 10.0; Win64; x64) AppleWebKit/537.36 (KHTML, like Gecko) Chrome/148.0.0.0 Safari/537.36\"","service":"visual-whiteboard-api","timestamp":"2026-05-15 15:05:39"}
{"level":"info","message":"::1 - - [15/May/2026:09:36:09 +0000] \"POST /api/v1/auth/register HTTP/1.1\" 400 49 \"http://localhost:5173/\" \"Mozilla/5.0 (Windows NT 10.0; Win64; x64) AppleWebKit/537.36 (KHTML, like Gecko) Chrome/148.0.0.0 Safari/537.36\"","service":"visual-whiteboard-api","timestamp":"2026-05-15 15:06:09"}
{"level":"info","message":"::1 - - [15/May/2026:09:36:23 +0000] \"POST /api/v1/auth/login HTTP/1.1\" 401 55 \"http://localhost:5173/\" \"Mozilla/5.0 (Windows NT 10.0; Win64; x64) AppleWebKit/537.36 (KHTML, like Gecko) Chrome/148.0.0.0 Safari/537.36\"","service":"visual-whiteboard-api","timestamp":"2026-05-15 15:06:23"}
{"level":"info","message":"::1 - - [15/May/2026:09:36:37 +0000] \"POST /api/v1/auth/register HTTP/1.1\" 400 49 \"http://localhost:5173/\" \"Mozilla/5.0 (Windows NT 10.0; Win64; x64) AppleWebKit/537.36 (KHTML, like Gecko) Chrome/148.0.0.0 Safari/537.36\"","service":"visual-whiteboard-api","timestamp":"2026-05-15 15:06:37"}
{"level":"info","message":"::1 - - [15/May/2026:09:36:55 +0000] \"POST /api/v1/auth/register HTTP/1.1\" 201 422 \"http://localhost:5173/\" \"Mozilla/5.0 (Windows NT 10.0; Win64; x64) AppleWebKit/537.36 (KHTML, like Gecko) Chrome/148.0.0.0 Safari/537.36\"","service":"visual-whiteboard-api","timestamp":"2026-05-15 15:06:55"}
{"level":"info","message":"::1 - - [15/May/2026:09:36:55 +0000] \"GET /api/v1/whiteboards HTTP/1.1\" 200 42 \"http://localhost:5173/\" \"Mozilla/5.0 (Windows NT 10.0; Win64; x64) AppleWebKit/537.36 (KHTML, like Gecko) Chrome/148.0.0.0 Safari/537.36\"","service":"visual-whiteboard-api","timestamp":"2026-05-15 15:06:55"}
{"level":"info","message":"::1 - - [15/May/2026:09:36:55 +0000] \"GET /api/v1/whiteboards HTTP/1.1\" 304 - \"http://localhost:5173/\" \"Mozilla/5.0 (Windows NT 10.0; Win64; x64) AppleWebKit/537.36 (KHTML, like Gecko) Chrome/148.0.0.0 Safari/537.36\"","service":"visual-whiteboard-api","timestamp":"2026-05-15 15:06:55"}
{"level":"info","message":"::1 - - [15/May/2026:09:37:09 +0000] \"POST /api/v1/whiteboards HTTP/1.1\" 201 252 \"http://localhost:5173/\" \"Mozilla/5.0 (Windows NT 10.0; Win64; x64) AppleWebKit/537.36 (KHTML, like Gecko) Chrome/148.0.0.0 Safari/537.36\"","service":"visual-whiteboard-api","timestamp":"2026-05-15 15:07:09"}
{"level":"info","message":"::1 - - [15/May/2026:09:37:09 +0000] \"GET /api/v1/whiteboards/6a06e945af1816f5fe51d5ee HTTP/1.1\" 200 340 \"http://localhost:5173/\" \"Mozilla/5.0 (Windows NT 10.0; Win64; x64) AppleWebKit/537.36 (KHTML, like Gecko) Chrome/148.0.0.0 Safari/537.36\"","service":"visual-whiteboard-api","timestamp":"2026-05-15 15:07:09"}
{"level":"info","message":"⚡ Socket connected: _iH4HZmmoTub_30MAAAW (User: unique_test_user@example.com)","service":"visual-whiteboard-api","timestamp":"2026-05-15 15:07:09"}
{"level":"info","message":"User unique_test_user@example.com joined room whiteboard:6a06e945af1816f5fe51d5ee","service":"visual-whiteboard-api","timestamp":"2026-05-15 15:07:09"}
{"level":"info","message":"::1 - - [15/May/2026:09:37:57 +0000] \"POST /api/v1/attachments/upload HTTP/1.1\" - - \"http://localhost:5173/\" \"Mozilla/5.0 (Windows NT 10.0; Win64; x64) AppleWebKit/537.36 (KHTML, like Gecko) Chrome/148.0.0.0 Safari/537.36\"","service":"visual-whiteboard-api","timestamp":"2026-05-15 15:07:57"}
{"level":"info","message":"User unique_test_user@example.com left room whiteboard:6a06e945af1816f5fe51d5ee","service":"visual-whiteboard-api","timestamp":"2026-05-15 15:07:57"}
{"level":"info","message":"::1 - - [15/May/2026:09:37:57 +0000] \"GET /api/v1/whiteboards/6a06e945af1816f5fe51d5ee HTTP/1.1\" 304 - \"http://localhost:5173/\" \"Mozilla/5.0 (Windows NT 10.0; Win64; x64) AppleWebKit/537.36 (KHTML, like Gecko) Chrome/148.0.0.0 Safari/537.36\"","service":"visual-whiteboard-api","timestamp":"2026-05-15 15:07:57"}
{"level":"info","message":"::1 - - [15/May/2026:09:37:57 +0000] \"GET /api/v1/whiteboards/6a06e945af1816f5fe51d5ee HTTP/1.1\" 304 - \"http://localhost:5173/\" \"Mozilla/5.0 (Windows NT 10.0; Win64; x64) AppleWebKit/537.36 (KHTML, like Gecko) Chrome/148.0.0.0 Safari/537.36\"","service":"visual-whiteboard-api","timestamp":"2026-05-15 15:07:57"}
{"level":"info","message":"⚡ Socket connected: pOgrKcBoRiKKb4F-AAAZ (User: unique_test_user@example.com)","service":"visual-whiteboard-api","timestamp":"2026-05-15 15:07:57"}
{"level":"info","message":"User unique_test_user@example.com joined room whiteboard:6a06e945af1816f5fe51d5ee","service":"visual-whiteboard-api","timestamp":"2026-05-15 15:07:57"}
{"level":"info","message":"User unique_test_user@example.com left room whiteboard:6a06e945af1816f5fe51d5ee","service":"visual-whiteboard-api","timestamp":"2026-05-15 15:09:12"}
{"level":"info","message":"::1 - - [15/May/2026:09:40:32 +0000] \"GET /api/v1/whiteboards HTTP/1.1\" 401 80 \"http://localhost:5173/\" \"Mozilla/5.0 (Windows NT 10.0; Win64; x64) AppleWebKit/537.36 (KHTML, like Gecko) Chrome/148.0.0.0 Safari/537.36\"","service":"visual-whiteboard-api","timestamp":"2026-05-15 15:10:32"}
{"level":"info","message":"::1 - - [15/May/2026:09:40:32 +0000] \"GET /api/v1/whiteboards HTTP/1.1\" 401 80 \"http://localhost:5173/\" \"Mozilla/5.0 (Windows NT 10.0; Win64; x64) AppleWebKit/537.36 (KHTML, like Gecko) Chrome/148.0.0.0 Safari/537.36\"","service":"visual-whiteboard-api","timestamp":"2026-05-15 15:10:32"}
{"level":"info","message":"::1 - - [15/May/2026:09:40:55 +0000] \"POST /api/v1/auth/login HTTP/1.1\" 401 55 \"http://localhost:5173/\" \"Mozilla/5.0 (Windows NT 10.0; Win64; x64) AppleWebKit/537.36 (KHTML, like Gecko) Chrome/148.0.0.0 Safari/537.36\"","service":"visual-whiteboard-api","timestamp":"2026-05-15 15:10:55"}
{"level":"info","message":"::1 - - [15/May/2026:09:41:33 +0000] \"POST /api/v1/auth/register HTTP/1.1\" 201 409 \"http://localhost:5173/\" \"Mozilla/5.0 (Windows NT 10.0; Win64; x64) AppleWebKit/537.36 (KHTML, like Gecko) Chrome/148.0.0.0 Safari/537.36\"","service":"visual-whiteboard-api","timestamp":"2026-05-15 15:11:33"}
{"level":"info","message":"::1 - - [15/May/2026:09:41:33 +0000] \"GET /api/v1/whiteboards HTTP/1.1\" 200 42 \"http://localhost:5173/\" \"Mozilla/5.0 (Windows NT 10.0; Win64; x64) AppleWebKit/537.36 (KHTML, like Gecko) Chrome/148.0.0.0 Safari/537.36\"","service":"visual-whiteboard-api","timestamp":"2026-05-15 15:11:33"}
{"level":"info","message":"::1 - - [15/May/2026:09:41:33 +0000] \"GET /api/v1/whiteboards HTTP/1.1\" 304 - \"http://localhost:5173/\" \"Mozilla/5.0 (Windows NT 10.0; Win64; x64) AppleWebKit/537.36 (KHTML, like Gecko) Chrome/148.0.0.0 Safari/537.36\"","service":"visual-whiteboard-api","timestamp":"2026-05-15 15:11:33"}
{"level":"info","message":"::1 - - [15/May/2026:09:41:43 +0000] \"POST /api/v1/whiteboards HTTP/1.1\" 201 252 \"http://localhost:5173/\" \"Mozilla/5.0 (Windows NT 10.0; Win64; x64) AppleWebKit/537.36 (KHTML, like Gecko) Chrome/148.0.0.0 Safari/537.36\"","service":"visual-whiteboard-api","timestamp":"2026-05-15 15:11:43"}
{"level":"info","message":"::1 - - [15/May/2026:09:41:43 +0000] \"GET /api/v1/whiteboards/6a06ea57af1816f5fe51d5f8 HTTP/1.1\" 200 327 \"http://localhost:5173/\" \"Mozilla/5.0 (Windows NT 10.0; Win64; x64) AppleWebKit/537.36 (KHTML, like Gecko) Chrome/148.0.0.0 Safari/537.36\"","service":"visual-whiteboard-api","timestamp":"2026-05-15 15:11:43"}
{"level":"info","message":"⚡ Socket connected: CszFajMBgW3_ratnAAAc (User: test2@example.com)","service":"visual-whiteboard-api","timestamp":"2026-05-15 15:11:43"}
{"level":"info","message":"User test2@example.com joined room whiteboard:6a06ea57af1816f5fe51d5f8","service":"visual-whiteboard-api","timestamp":"2026-05-15 15:11:43"}
{"level":"info","message":"::1 - - [15/May/2026:09:41:57 +0000] \"PUT /api/v1/whiteboards/6a06ea57af1816f5fe51d5f8/canvas HTTP/1.1\" 200 58 \"http://localhost:5173/\" \"Mozilla/5.0 (Windows NT 10.0; Win64; x64) AppleWebKit/537.36 (KHTML, like Gecko) Chrome/148.0.0.0 Safari/537.36\"","service":"visual-whiteboard-api","timestamp":"2026-05-15 15:11:57"}
{"level":"info","message":"User test2@example.com left room whiteboard:6a06ea57af1816f5fe51d5f8","service":"visual-whiteboard-api","timestamp":"2026-05-15 15:12:24"}
{"level":"info","message":"::1 - - [15/May/2026:09:42:25 +0000] \"GET /api/v1/whiteboards/6a06ea57af1816f5fe51d5f8 HTTP/1.1\" 200 955 \"http://localhost:5173/\" \"Mozilla/5.0 (Windows NT 10.0; Win64; x64) AppleWebKit/537.36 (KHTML, like Gecko) Chrome/148.0.0.0 Safari/537.36\"","service":"visual-whiteboard-api","timestamp":"2026-05-15 15:12:25"}
{"level":"info","message":"::1 - - [15/May/2026:09:42:25 +0000] \"GET /api/v1/whiteboards/6a06ea57af1816f5fe51d5f8 HTTP/1.1\" 304 - \"http://localhost:5173/\" \"Mozilla/5.0 (Windows NT 10.0; Win64; x64) AppleWebKit/537.36 (KHTML, like Gecko) Chrome/148.0.0.0 Safari/537.36\"","service":"visual-whiteboard-api","timestamp":"2026-05-15 15:12:25"}
{"level":"info","message":"::1 - - [15/May/2026:09:42:49 +0000] \"GET /api/v1/whiteboards HTTP/1.1\" 200 266 \"http://localhost:5173/\" \"Mozilla/5.0 (Windows NT 10.0; Win64; x64) AppleWebKit/537.36 (KHTML, like Gecko) Chrome/148.0.0.0 Safari/537.36\"","service":"visual-whiteboard-api","timestamp":"2026-05-15 15:12:49"}
{"level":"info","message":"::1 - - [15/May/2026:09:42:49 +0000] \"GET /api/v1/whiteboards HTTP/1.1\" 304 - \"http://localhost:5173/\" \"Mozilla/5.0 (Windows NT 10.0; Win64; x64) AppleWebKit/537.36 (KHTML, like Gecko) Chrome/148.0.0.0 Safari/537.36\"","service":"visual-whiteboard-api","timestamp":"2026-05-15 15:12:49"}
{"level":"info","message":"::1 - - [15/May/2026:09:42:56 +0000] \"GET /api/v1/whiteboards/6a06ea57af1816f5fe51d5f8 HTTP/1.1\" 304 - \"http://localhost:5173/\" \"Mozilla/5.0 (Windows NT 10.0; Win64; x64) AppleWebKit/537.36 (KHTML, like Gecko) Chrome/148.0.0.0 Safari/537.36\"","service":"visual-whiteboard-api","timestamp":"2026-05-15 15:12:56"}
{"level":"info","message":"::1 - - [15/May/2026:09:43:13 +0000] \"GET /api/v1/whiteboards HTTP/1.1\" 304 - \"http://localhost:5173/\" \"Mozilla/5.0 (Windows NT 10.0; Win64; x64) AppleWebKit/537.36 (KHTML, like Gecko) Chrome/148.0.0.0 Safari/537.36\"","service":"visual-whiteboard-api","timestamp":"2026-05-15 15:13:13"}
{"level":"info","message":"::1 - - [15/May/2026:09:43:13 +0000] \"GET /api/v1/whiteboards HTTP/1.1\" 304 - \"http://localhost:5173/\" \"Mozilla/5.0 (Windows NT 10.0; Win64; x64) AppleWebKit/537.36 (KHTML, like Gecko) Chrome/148.0.0.0 Safari/537.36\"","service":"visual-whiteboard-api","timestamp":"2026-05-15 15:13:13"}
{"level":"info","message":"::1 - - [15/May/2026:09:43:29 +0000] \"GET /api/v1/whiteboards/6a06ea57af1816f5fe51d5f8 HTTP/1.1\" 304 - \"http://localhost:5173/\" \"Mozilla/5.0 (Windows NT 10.0; Win64; x64) AppleWebKit/537.36 (KHTML, like Gecko) Chrome/148.0.0.0 Safari/537.36\"","service":"visual-whiteboard-api","timestamp":"2026-05-15 15:13:29"}
{"level":"info","message":"::1 - - [15/May/2026:09:43:34 +0000] \"GET /api/v1/whiteboards HTTP/1.1\" 304 - \"http://localhost:5173/\" \"Mozilla/5.0 (Windows NT 10.0; Win64; x64) AppleWebKit/537.36 (KHTML, like Gecko) Chrome/148.0.0.0 Safari/537.36\"","service":"visual-whiteboard-api","timestamp":"2026-05-15 15:13:34"}
{"level":"info","message":"::1 - - [15/May/2026:09:43:34 +0000] \"GET /api/v1/whiteboards HTTP/1.1\" 304 - \"http://localhost:5173/\" \"Mozilla/5.0 (Windows NT 10.0; Win64; x64) AppleWebKit/537.36 (KHTML, like Gecko) Chrome/148.0.0.0 Safari/537.36\"","service":"visual-whiteboard-api","timestamp":"2026-05-15 15:13:34"}
{"level":"info","message":"::1 - - [15/May/2026:09:43:38 +0000] \"POST /api/v1/whiteboards HTTP/1.1\" 201 252 \"http://localhost:5173/\" \"Mozilla/5.0 (Windows NT 10.0; Win64; x64) AppleWebKit/537.36 (KHTML, like Gecko) Chrome/148.0.0.0 Safari/537.36\"","service":"visual-whiteboard-api","timestamp":"2026-05-15 15:13:38"}
{"level":"info","message":"::1 - - [15/May/2026:09:43:38 +0000] \"GET /api/v1/whiteboards/6a06eacaaf1816f5fe51d5fc HTTP/1.1\" 200 327 \"http://localhost:5173/\" \"Mozilla/5.0 (Windows NT 10.0; Win64; x64) AppleWebKit/537.36 (KHTML, like Gecko) Chrome/148.0.0.0 Safari/537.36\"","service":"visual-whiteboard-api","timestamp":"2026-05-15 15:13:38"}
{"level":"info","message":"⚡ Socket connected: iLK1--rHbjezudVjAAAk (User: test2@example.com)","service":"visual-whiteboard-api","timestamp":"2026-05-15 15:13:38"}
{"level":"info","message":"User test2@example.com joined room whiteboard:6a06eacaaf1816f5fe51d5fc","service":"visual-whiteboard-api","timestamp":"2026-05-15 15:13:38"}
{"level":"info","message":"::1 - - [15/May/2026:09:43:49 +0000] \"PUT /api/v1/whiteboards/6a06eacaaf1816f5fe51d5fc/canvas HTTP/1.1\" 200 58 \"http://localhost:5173/\" \"Mozilla/5.0 (Windows NT 10.0; Win64; x64) AppleWebKit/537.36 (KHTML, like Gecko) Chrome/148.0.0.0 Safari/537.36\"","service":"visual-whiteboard-api","timestamp":"2026-05-15 15:13:49"}
{"level":"info","message":"User test2@example.com left room whiteboard:6a06eacaaf1816f5fe51d5fc","service":"visual-whiteboard-api","timestamp":"2026-05-15 15:14:10"}
{"level":"info","message":"::1 - - [15/May/2026:09:44:10 +0000] \"GET /api/v1/whiteboards/6a06eacaaf1816f5fe51d5fc HTTP/1.1\" 200 955 \"http://localhost:5173/\" \"Mozilla/5.0 (Windows NT 10.0; Win64; x64) AppleWebKit/537.36 (KHTML, like Gecko) Chrome/148.0.0.0 Safari/537.36\"","service":"visual-whiteboard-api","timestamp":"2026-05-15 15:14:10"}
{"level":"info","message":"::1 - - [15/May/2026:09:44:10 +0000] \"GET /api/v1/whiteboards/6a06eacaaf1816f5fe51d5fc HTTP/1.1\" 304 - \"http://localhost:5173/\" \"Mozilla/5.0 (Windows NT 10.0; Win64; x64) AppleWebKit/537.36 (KHTML, like Gecko) Chrome/148.0.0.0 Safari/537.36\"","service":"visual-whiteboard-api","timestamp":"2026-05-15 15:14:10"}
{"level":"info","message":"::1 - - [15/May/2026:09:44:30 +0000] \"GET /api/v1/whiteboards HTTP/1.1\" 200 491 \"http://localhost:5173/\" \"Mozilla/5.0 (Windows NT 10.0; Win64; x64) AppleWebKit/537.36 (KHTML, like Gecko) Chrome/148.0.0.0 Safari/537.36\"","service":"visual-whiteboard-api","timestamp":"2026-05-15 15:14:30"}
{"level":"info","message":"::1 - - [15/May/2026:09:44:30 +0000] \"GET /api/v1/whiteboards HTTP/1.1\" 304 - \"http://localhost:5173/\" \"Mozilla/5.0 (Windows NT 10.0; Win64; x64) AppleWebKit/537.36 (KHTML, like Gecko) Chrome/148.0.0.0 Safari/537.36\"","service":"visual-whiteboard-api","timestamp":"2026-05-15 15:14:30"}
{"level":"info","message":"::1 - - [15/May/2026:09:45:28 +0000] \"GET /api/v1/whiteboards HTTP/1.1\" 304 - \"http://localhost:5173/\" \"Mozilla/5.0 (Windows NT 10.0; Win64; x64) AppleWebKit/537.36 (KHTML, like Gecko) Chrome/148.0.0.0 Safari/537.36\"","service":"visual-whiteboard-api","timestamp":"2026-05-15 15:15:28"}
{"level":"info","message":"::1 - - [15/May/2026:09:45:28 +0000] \"GET /api/v1/whiteboards HTTP/1.1\" 304 - \"http://localhost:5173/\" \"Mozilla/5.0 (Windows NT 10.0; Win64; x64) AppleWebKit/537.36 (KHTML, like Gecko) Chrome/148.0.0.0 Safari/537.36\"","service":"visual-whiteboard-api","timestamp":"2026-05-15 15:15:28"}
{"level":"info","message":"::1 - - [15/May/2026:09:45:36 +0000] \"POST /api/v1/whiteboards HTTP/1.1\" 201 252 \"http://localhost:5173/\" \"Mozilla/5.0 (Windows NT 10.0; Win64; x64) AppleWebKit/537.36 (KHTML, like Gecko) Chrome/148.0.0.0 Safari/537.36\"","service":"visual-whiteboard-api","timestamp":"2026-05-15 15:15:36"}
{"level":"info","message":"::1 - - [15/May/2026:09:45:36 +0000] \"GET /api/v1/whiteboards/6a06eb40af1816f5fe51d600 HTTP/1.1\" 200 327 \"http://localhost:5173/\" \"Mozilla/5.0 (Windows NT 10.0; Win64; x64) AppleWebKit/537.36 (KHTML, like Gecko) Chrome/148.0.0.0 Safari/537.36\"","service":"visual-whiteboard-api","timestamp":"2026-05-15 15:15:36"}
{"level":"info","message":"⚡ Socket connected: P9G3PERRixi85R8dAAAo (User: test2@example.com)","service":"visual-whiteboard-api","timestamp":"2026-05-15 15:15:37"}
{"level":"info","message":"User test2@example.com joined room whiteboard:6a06eb40af1816f5fe51d600","service":"visual-whiteboard-api","timestamp":"2026-05-15 15:15:37"}
{"level":"info","message":"::1 - - [15/May/2026:09:45:54 +0000] \"PUT /api/v1/whiteboards/6a06eb40af1816f5fe51d600/canvas HTTP/1.1\" 200 58 \"http://localhost:5173/\" \"Mozilla/5.0 (Windows NT 10.0; Win64; x64) AppleWebKit/537.36 (KHTML, like Gecko) Chrome/148.0.0.0 Safari/537.36\"","service":"visual-whiteboard-api","timestamp":"2026-05-15 15:15:54"}
{"level":"info","message":"User test2@example.com left room whiteboard:6a06eb40af1816f5fe51d600","service":"visual-whiteboard-api","timestamp":"2026-05-15 15:16:25"}
{"level":"info","message":"::1 - - [15/May/2026:09:46:25 +0000] \"GET /api/v1/whiteboards/6a06eb40af1816f5fe51d600 HTTP/1.1\" 200 955 \"http://localhost:5173/\" \"Mozilla/5.0 (Windows NT 10.0; Win64; x64) AppleWebKit/537.36 (KHTML, like Gecko) Chrome/148.0.0.0 Safari/537.36\"","service":"visual-whiteboard-api","timestamp":"2026-05-15 15:16:25"}
{"level":"info","message":"::1 - - [15/May/2026:09:46:25 +0000] \"GET /api/v1/whiteboards/6a06eb40af1816f5fe51d600 HTTP/1.1\" 304 - \"http://localhost:5173/\" \"Mozilla/5.0 (Windows NT 10.0; Win64; x64) AppleWebKit/537.36 (KHTML, like Gecko) Chrome/148.0.0.0 Safari/537.36\"","service":"visual-whiteboard-api","timestamp":"2026-05-15 15:16:25"}
{"level":"info","message":"::1 - - [15/May/2026:09:47:04 +0000] \"GET /api/v1/whiteboards HTTP/1.1\" 200 716 \"http://localhost:5173/\" \"Mozilla/5.0 (Windows NT 10.0; Win64; x64) AppleWebKit/537.36 (KHTML, like Gecko) Chrome/148.0.0.0 Safari/537.36\"","service":"visual-whiteboard-api","timestamp":"2026-05-15 15:17:04"}
{"level":"info","message":"::1 - - [15/May/2026:09:47:04 +0000] \"GET /api/v1/whiteboards HTTP/1.1\" 304 - \"http://localhost:5173/\" \"Mozilla/5.0 (Windows NT 10.0; Win64; x64) AppleWebKit/537.36 (KHTML, like Gecko) Chrome/148.0.0.0 Safari/537.36\"","service":"visual-whiteboard-api","timestamp":"2026-05-15 15:17:04"}
{"level":"info","message":"::1 - - [15/May/2026:09:47:10 +0000] \"GET /api/v1/whiteboards/6a06ea57af1816f5fe51d5f8 HTTP/1.1\" 304 - \"http://localhost:5173/\" \"Mozilla/5.0 (Windows NT 10.0; Win64; x64) AppleWebKit/537.36 (KHTML, like Gecko) Chrome/148.0.0.0 Safari/537.36\"","service":"visual-whiteboard-api","timestamp":"2026-05-15 15:17:10"}
{"level":"info","message":"::1 - - [15/May/2026:09:47:20 +0000] \"GET /api/v1/whiteboards HTTP/1.1\" 304 - \"http://localhost:5173/\" \"Mozilla/5.0 (Windows NT 10.0; Win64; x64) AppleWebKit/537.36 (KHTML, like Gecko) Chrome/148.0.0.0 Safari/537.36\"","service":"visual-whiteboard-api","timestamp":"2026-05-15 15:17:20"}
{"level":"info","message":"::1 - - [15/May/2026:09:47:20 +0000] \"GET /api/v1/whiteboards HTTP/1.1\" 304 - \"http://localhost:5173/\" \"Mozilla/5.0 (Windows NT 10.0; Win64; x64) AppleWebKit/537.36 (KHTML, like Gecko) Chrome/148.0.0.0 Safari/537.36\"","service":"visual-whiteboard-api","timestamp":"2026-05-15 15:17:20"}
{"level":"info","message":"::1 - - [15/May/2026:09:47:25 +0000] \"POST /api/v1/whiteboards HTTP/1.1\" 201 252 \"http://localhost:5173/\" \"Mozilla/5.0 (Windows NT 10.0; Win64; x64) AppleWebKit/537.36 (KHTML, like Gecko) Chrome/148.0.0.0 Safari/537.36\"","service":"visual-whiteboard-api","timestamp":"2026-05-15 15:17:25"}
{"level":"info","message":"::1 - - [15/May/2026:09:47:25 +0000] \"GET /api/v1/whiteboards/6a06ebadaf1816f5fe51d604 HTTP/1.1\" 200 327 \"http://localhost:5173/\" \"Mozilla/5.0 (Windows NT 10.0; Win64; x64) AppleWebKit/537.36 (KHTML, like Gecko) Chrome/148.0.0.0 Safari/537.36\"","service":"visual-whiteboard-api","timestamp":"2026-05-15 15:17:25"}
{"level":"info","message":"⚡ Socket connected: NxqE44D9DM9ESddCAAAu (User: test2@example.com)","service":"visual-whiteboard-api","timestamp":"2026-05-15 15:17:25"}
{"level":"info","message":"User test2@example.com joined room whiteboard:6a06ebadaf1816f5fe51d604","service":"visual-whiteboard-api","timestamp":"2026-05-15 15:17:25"}
{"level":"info","message":"::1 - - [15/May/2026:09:47:38 +0000] \"PUT /api/v1/whiteboards/6a06ebadaf1816f5fe51d604/canvas HTTP/1.1\" 200 58 \"http://localhost:5173/\" \"Mozilla/5.0 (Windows NT 10.0; Win64; x64) AppleWebKit/537.36 (KHTML, like Gecko) Chrome/148.0.0.0 Safari/537.36\"","service":"visual-whiteboard-api","timestamp":"2026-05-15 15:17:38"}
{"level":"info","message":"User test2@example.com left room whiteboard:6a06ebadaf1816f5fe51d604","service":"visual-whiteboard-api","timestamp":"2026-05-15 15:17:40"}
{"level":"info","message":"::1 - - [15/May/2026:09:47:40 +0000] \"GET /api/v1/whiteboards/6a06ebadaf1816f5fe51d604 HTTP/1.1\" 200 955 \"http://localhost:5173/\" \"Mozilla/5.0 (Windows NT 10.0; Win64; x64) AppleWebKit/537.36 (KHTML, like Gecko) Chrome/148.0.0.0 Safari/537.36\"","service":"visual-whiteboard-api","timestamp":"2026-05-15 15:17:40"}
{"level":"info","message":"::1 - - [15/May/2026:09:47:40 +0000] \"GET /api/v1/whiteboards/6a06ebadaf1816f5fe51d604 HTTP/1.1\" 304 - \"http://localhost:5173/\" \"Mozilla/5.0 (Windows NT 10.0; Win64; x64) AppleWebKit/537.36 (KHTML, like Gecko) Chrome/148.0.0.0 Safari/537.36\"","service":"visual-whiteboard-api","timestamp":"2026-05-15 15:17:40"}
{"level":"info","message":"Connected to MongoDB","service":"visual-whiteboard-api","timestamp":"2026-05-15 15:18:19"}
{"level":"info","message":"🚀 Connected to Redis","service":"visual-whiteboard-api","timestamp":"2026-05-15 15:18:19"}
{"level":"info","message":"Server running in development mode on port 5000","service":"visual-whiteboard-api","timestamp":"2026-05-15 15:18:19"}
{"level":"info","message":"🚀 Socket.io Redis Adapter configured","service":"visual-whiteboard-api","timestamp":"2026-05-15 15:18:19"}
{"level":"info","message":"Connected to MongoDB","service":"visual-whiteboard-api","timestamp":"2026-05-15 18:42:29"}
{"level":"info","message":"🚀 Connected to Redis","service":"visual-whiteboard-api","timestamp":"2026-05-15 18:42:29"}
{"level":"info","message":"Server running in development mode on port 5000","service":"visual-whiteboard-api","timestamp":"2026-05-15 18:42:29"}
{"level":"info","message":"🚀 Socket.io Redis Adapter configured","service":"visual-whiteboard-api","timestamp":"2026-05-15 18:42:29"}
{"level":"info","message":"::1 - - [15/May/2026:13:12:50 +0000] \"POST /api/v1/auth/login HTTP/1.1\" 200 392 \"http://localhost:5173/\" \"Mozilla/5.0 (Windows NT 10.0; Win64; x64) AppleWebKit/537.36 (KHTML, like Gecko) Chrome/148.0.0.0 Safari/537.36\"","service":"visual-whiteboard-api","timestamp":"2026-05-15 18:42:50"}
{"level":"info","message":"::1 - - [15/May/2026:13:12:50 +0000] \"GET /api/v1/whiteboards HTTP/1.1\" 200 1150 \"http://localhost:5173/\" \"Mozilla/5.0 (Windows NT 10.0; Win64; x64) AppleWebKit/537.36 (KHTML, like Gecko) Chrome/148.0.0.0 Safari/537.36\"","service":"visual-whiteboard-api","timestamp":"2026-05-15 18:42:50"}
{"level":"info","message":"::1 - - [15/May/2026:13:12:50 +0000] \"GET /api/v1/whiteboards HTTP/1.1\" 304 - \"http://localhost:5173/\" \"Mozilla/5.0 (Windows NT 10.0; Win64; x64) AppleWebKit/537.36 (KHTML, like Gecko) Chrome/148.0.0.0 Safari/537.36\"","service":"visual-whiteboard-api","timestamp":"2026-05-15 18:42:50"}
{"level":"info","message":"::1 - - [15/May/2026:13:12:51 +0000] \"GET /api/v1/whiteboards/6a06e877af1816f5fe51d5e5 HTTP/1.1\" 200 310 \"http://localhost:5173/\" \"Mozilla/5.0 (Windows NT 10.0; Win64; x64) AppleWebKit/537.36 (KHTML, like Gecko) Chrome/148.0.0.0 Safari/537.36\"","service":"visual-whiteboard-api","timestamp":"2026-05-15 18:42:51"}
{"level":"info","message":"⚡ Socket connected: E4f53yLcdmlsi3OJAAAC (User: a@a.com)","service":"visual-whiteboard-api","timestamp":"2026-05-15 18:42:51"}
{"level":"info","message":"User a@a.com joined room whiteboard:6a06e877af1816f5fe51d5e5","service":"visual-whiteboard-api","timestamp":"2026-05-15 18:42:51"}
{"level":"info","message":"::1 - - [15/May/2026:13:12:57 +0000] \"PUT /api/v1/whiteboards/6a06e877af1816f5fe51d5e5/canvas HTTP/1.1\" 200 58 \"http://localhost:5173/\" \"Mozilla/5.0 (Windows NT 10.0; Win64; x64) AppleWebKit/537.36 (KHTML, like Gecko) Chrome/148.0.0.0 Safari/537.36\"","service":"visual-whiteboard-api","timestamp":"2026-05-15 18:42:57"}
{"level":"info","message":"::1 - - [15/May/2026:13:13:02 +0000] \"PUT /api/v1/whiteboards/6a06e877af1816f5fe51d5e5/canvas HTTP/1.1\" 200 58 \"http://localhost:5173/\" \"Mozilla/5.0 (Windows NT 10.0; Win64; x64) AppleWebKit/537.36 (KHTML, like Gecko) Chrome/148.0.0.0 Safari/537.36\"","service":"visual-whiteboard-api","timestamp":"2026-05-15 18:43:02"}
{"level":"info","message":"::1 - - [15/May/2026:13:13:15 +0000] \"POST /api/v1/attachments/upload HTTP/1.1\" 201 485 \"http://localhost:5173/\" \"Mozilla/5.0 (Windows NT 10.0; Win64; x64) AppleWebKit/537.36 (KHTML, like Gecko) Chrome/148.0.0.0 Safari/537.36\"","service":"visual-whiteboard-api","timestamp":"2026-05-15 18:43:15"}
{"level":"info","message":"::1 - - [15/May/2026:13:13:34 +0000] \"PUT /api/v1/whiteboards/6a06e877af1816f5fe51d5e5/canvas HTTP/1.1\" 200 58 \"http://localhost:5173/\" \"Mozilla/5.0 (Windows NT 10.0; Win64; x64) AppleWebKit/537.36 (KHTML, like Gecko) Chrome/148.0.0.0 Safari/537.36\"","service":"visual-whiteboard-api","timestamp":"2026-05-15 18:43:34"}
{"level":"info","message":"::1 - - [15/May/2026:13:14:08 +0000] \"PUT /api/v1/whiteboards/6a06e877af1816f5fe51d5e5/canvas HTTP/1.1\" 200 58 \"http://localhost:5173/\" \"Mozilla/5.0 (Windows NT 10.0; Win64; x64) AppleWebKit/537.36 (KHTML, like Gecko) Chrome/148.0.0.0 Safari/537.36\"","service":"visual-whiteboard-api","timestamp":"2026-05-15 18:44:08"}
{"level":"info","message":"::1 - - [15/May/2026:13:14:10 +0000] \"PUT /api/v1/whiteboards/6a06e877af1816f5fe51d5e5/canvas HTTP/1.1\" 200 58 \"http://localhost:5173/\" \"Mozilla/5.0 (Windows NT 10.0; Win64; x64) AppleWebKit/537.36 (KHTML, like Gecko) Chrome/148.0.0.0 Safari/537.36\"","service":"visual-whiteboard-api","timestamp":"2026-05-15 18:44:10"}
{"level":"info","message":"::1 - - [15/May/2026:13:14:15 +0000] \"PUT /api/v1/whiteboards/6a06e877af1816f5fe51d5e5/canvas HTTP/1.1\" 200 58 \"http://localhost:5173/\" \"Mozilla/5.0 (Windows NT 10.0; Win64; x64) AppleWebKit/537.36 (KHTML, like Gecko) Chrome/148.0.0.0 Safari/537.36\"","service":"visual-whiteboard-api","timestamp":"2026-05-15 18:44:15"}
{"level":"info","message":"User a@a.com left room whiteboard:6a06e877af1816f5fe51d5e5","service":"visual-whiteboard-api","timestamp":"2026-05-15 18:44:23"}
{"level":"info","message":"::1 - - [15/May/2026:13:14:23 +0000] \"GET /api/v1/whiteboards HTTP/1.1\" 200 1150 \"http://localhost:5173/\" \"Mozilla/5.0 (Windows NT 10.0; Win64; x64) AppleWebKit/537.36 (KHTML, like Gecko) Chrome/148.0.0.0 Safari/537.36\"","service":"visual-whiteboard-api","timestamp":"2026-05-15 18:44:23"}
{"level":"info","message":"::1 - - [15/May/2026:13:14:23 +0000] \"GET /api/v1/whiteboards HTTP/1.1\" 304 - \"http://localhost:5173/\" \"Mozilla/5.0 (Windows NT 10.0; Win64; x64) AppleWebKit/537.36 (KHTML, like Gecko) Chrome/148.0.0.0 Safari/537.36\"","service":"visual-whiteboard-api","timestamp":"2026-05-15 18:44:23"}
{"level":"info","message":"::1 - - [15/May/2026:13:14:24 +0000] \"GET /api/v1/whiteboards/6a06e877af1816f5fe51d5e5 HTTP/1.1\" 200 7405 \"http://localhost:5173/\" \"Mozilla/5.0 (Windows NT 10.0; Win64; x64) AppleWebKit/537.36 (KHTML, like Gecko) Chrome/148.0.0.0 Safari/537.36\"","service":"visual-whiteboard-api","timestamp":"2026-05-15 18:44:24"}
{"level":"info","message":"::1 - - [15/May/2026:13:14:26 +0000] \"GET /api/v1/whiteboards/6a06e877af1816f5fe51d5e5 HTTP/1.1\" 304 - \"http://localhost:5173/\" \"Mozilla/5.0 (Windows NT 10.0; Win64; x64) AppleWebKit/537.36 (KHTML, like Gecko) Chrome/148.0.0.0 Safari/537.36\"","service":"visual-whiteboard-api","timestamp":"2026-05-15 18:44:26"}
{"level":"info","message":"::1 - - [15/May/2026:13:14:26 +0000] \"GET /api/v1/whiteboards/6a06e877af1816f5fe51d5e5 HTTP/1.1\" 304 - \"http://localhost:5173/\" \"Mozilla/5.0 (Windows NT 10.0; Win64; x64) AppleWebKit/537.36 (KHTML, like Gecko) Chrome/148.0.0.0 Safari/537.36\"","service":"visual-whiteboard-api","timestamp":"2026-05-15 18:44:26"}
{"level":"info","message":"::1 - - [15/May/2026:13:14:27 +0000] \"GET /api/v1/whiteboards/6a06e877af1816f5fe51d5e5 HTTP/1.1\" 304 - \"http://localhost:5173/\" \"Mozilla/5.0 (Windows NT 10.0; Win64; x64) AppleWebKit/537.36 (KHTML, like Gecko) Chrome/148.0.0.0 Safari/537.36\"","service":"visual-whiteboard-api","timestamp":"2026-05-15 18:44:27"}
{"level":"info","message":"::1 - - [15/May/2026:13:14:27 +0000] \"GET /api/v1/whiteboards/6a06e877af1816f5fe51d5e5 HTTP/1.1\" 304 - \"http://localhost:5173/\" \"Mozilla/5.0 (Windows NT 10.0; Win64; x64) AppleWebKit/537.36 (KHTML, like Gecko) Chrome/148.0.0.0 Safari/537.36\"","service":"visual-whiteboard-api","timestamp":"2026-05-15 18:44:27"}
{"level":"info","message":"::1 - - [15/May/2026:13:14:27 +0000] \"GET /api/v1/whiteboards/6a06e877af1816f5fe51d5e5 HTTP/1.1\" 304 - \"http://localhost:5173/\" \"Mozilla/5.0 (Windows NT 10.0; Win64; x64) AppleWebKit/537.36 (KHTML, like Gecko) Chrome/148.0.0.0 Safari/537.36\"","service":"visual-whiteboard-api","timestamp":"2026-05-15 18:44:27"}
{"level":"info","message":"::1 - - [15/May/2026:13:14:27 +0000] \"GET /api/v1/whiteboards/6a06e877af1816f5fe51d5e5 HTTP/1.1\" 304 - \"http://localhost:5173/\" \"Mozilla/5.0 (Windows NT 10.0; Win64; x64) AppleWebKit/537.36 (KHTML, like Gecko) Chrome/148.0.0.0 Safari/537.36\"","service":"visual-whiteboard-api","timestamp":"2026-05-15 18:44:27"}
{"level":"info","message":"::1 - - [15/May/2026:13:14:27 +0000] \"GET /api/v1/whiteboards/6a06e877af1816f5fe51d5e5 HTTP/1.1\" 304 - \"http://localhost:5173/\" \"Mozilla/5.0 (Windows NT 10.0; Win64; x64) AppleWebKit/537.36 (KHTML, like Gecko) Chrome/148.0.0.0 Safari/537.36\"","service":"visual-whiteboard-api","timestamp":"2026-05-15 18:44:27"}
{"level":"info","message":"::1 - - [15/May/2026:13:14:27 +0000] \"GET /api/v1/whiteboards/6a06e877af1816f5fe51d5e5 HTTP/1.1\" 304 - \"http://localhost:5173/\" \"Mozilla/5.0 (Windows NT 10.0; Win64; x64) AppleWebKit/537.36 (KHTML, like Gecko) Chrome/148.0.0.0 Safari/537.36\"","service":"visual-whiteboard-api","timestamp":"2026-05-15 18:44:27"}
{"level":"info","message":"::1 - - [15/May/2026:13:14:29 +0000] \"GET /api/v1/whiteboards HTTP/1.1\" 304 - \"http://localhost:5173/\" \"Mozilla/5.0 (Windows NT 10.0; Win64; x64) AppleWebKit/537.36 (KHTML, like Gecko) Chrome/148.0.0.0 Safari/537.36\"","service":"visual-whiteboard-api","timestamp":"2026-05-15 18:44:29"}
{"level":"info","message":"::1 - - [15/May/2026:13:14:29 +0000] \"GET /api/v1/whiteboards HTTP/1.1\" 304 - \"http://localhost:5173/\" \"Mozilla/5.0 (Windows NT 10.0; Win64; x64) AppleWebKit/537.36 (KHTML, like Gecko) Chrome/148.0.0.0 Safari/537.36\"","service":"visual-whiteboard-api","timestamp":"2026-05-15 18:44:29"}
{"level":"info","message":"::1 - - [15/May/2026:13:14:30 +0000] \"GET /api/v1/whiteboards/6a06e877af1816f5fe51d5e5 HTTP/1.1\" 304 - \"http://localhost:5173/\" \"Mozilla/5.0 (Windows NT 10.0; Win64; x64) AppleWebKit/537.36 (KHTML, like Gecko) Chrome/148.0.0.0 Safari/537.36\"","service":"visual-whiteboard-api","timestamp":"2026-05-15 18:44:30"}
{"level":"info","message":"::1 - - [15/May/2026:13:14:31 +0000] \"GET /api/v1/whiteboards/6a06e877af1816f5fe51d5e5 HTTP/1.1\" 304 - \"http://localhost:5173/\" \"Mozilla/5.0 (Windows NT 10.0; Win64; x64) AppleWebKit/537.36 (KHTML, like Gecko) Chrome/148.0.0.0 Safari/537.36\"","service":"visual-whiteboard-api","timestamp":"2026-05-15 18:44:31"}
{"level":"info","message":"::1 - - [15/May/2026:13:14:31 +0000] \"GET /api/v1/whiteboards/6a06e877af1816f5fe51d5e5 HTTP/1.1\" 304 - \"http://localhost:5173/\" \"Mozilla/5.0 (Windows NT 10.0; Win64; x64) AppleWebKit/537.36 (KHTML, like Gecko) Chrome/148.0.0.0 Safari/537.36\"","service":"visual-whiteboard-api","timestamp":"2026-05-15 18:44:31"}
{"level":"info","message":"::1 - - [15/May/2026:13:14:31 +0000] \"GET /api/v1/whiteboards/6a06e877af1816f5fe51d5e5 HTTP/1.1\" 304 - \"http://localhost:5173/\" \"Mozilla/5.0 (Windows NT 10.0; Win64; x64) AppleWebKit/537.36 (KHTML, like Gecko) Chrome/148.0.0.0 Safari/537.36\"","service":"visual-whiteboard-api","timestamp":"2026-05-15 18:44:31"}
{"level":"info","message":"::1 - - [15/May/2026:13:14:31 +0000] \"GET /api/v1/whiteboards/6a06e877af1816f5fe51d5e5 HTTP/1.1\" 304 - \"http://localhost:5173/\" \"Mozilla/5.0 (Windows NT 10.0; Win64; x64) AppleWebKit/537.36 (KHTML, like Gecko) Chrome/148.0.0.0 Safari/537.36\"","service":"visual-whiteboard-api","timestamp":"2026-05-15 18:44:31"}
{"level":"info","message":"::1 - - [15/May/2026:13:14:31 +0000] \"GET /api/v1/whiteboards/6a06e877af1816f5fe51d5e5 HTTP/1.1\" 304 - \"http://localhost:5173/\" \"Mozilla/5.0 (Windows NT 10.0; Win64; x64) AppleWebKit/537.36 (KHTML, like Gecko) Chrome/148.0.0.0 Safari/537.36\"","service":"visual-whiteboard-api","timestamp":"2026-05-15 18:44:31"}
{"level":"info","message":"::1 - - [15/May/2026:13:14:31 +0000] \"GET /api/v1/whiteboards/6a06e877af1816f5fe51d5e5 HTTP/1.1\" 304 - \"http://localhost:5173/\" \"Mozilla/5.0 (Windows NT 10.0; Win64; x64) AppleWebKit/537.36 (KHTML, like Gecko) Chrome/148.0.0.0 Safari/537.36\"","service":"visual-whiteboard-api","timestamp":"2026-05-15 18:44:31"}
{"level":"info","message":"::1 - - [15/May/2026:13:14:32 +0000] \"GET /api/v1/whiteboards/6a06e877af1816f5fe51d5e5 HTTP/1.1\" 304 - \"http://localhost:5173/\" \"Mozilla/5.0 (Windows NT 10.0; Win64; x64) AppleWebKit/537.36 (KHTML, like Gecko) Chrome/148.0.0.0 Safari/537.36\"","service":"visual-whiteboard-api","timestamp":"2026-05-15 18:44:32"}
{"level":"info","message":"::1 - - [15/May/2026:13:14:32 +0000] \"GET /api/v1/whiteboards/6a06e877af1816f5fe51d5e5 HTTP/1.1\" 304 - \"http://localhost:5173/\" \"Mozilla/5.0 (Windows NT 10.0; Win64; x64) AppleWebKit/537.36 (KHTML, like Gecko) Chrome/148.0.0.0 Safari/537.36\"","service":"visual-whiteboard-api","timestamp":"2026-05-15 18:44:32"}
{"level":"info","message":"::1 - - [15/May/2026:13:14:32 +0000] \"GET /api/v1/whiteboards/6a06e877af1816f5fe51d5e5 HTTP/1.1\" 304 - \"http://localhost:5173/\" \"Mozilla/5.0 (Windows NT 10.0; Win64; x64) AppleWebKit/537.36 (KHTML, like Gecko) Chrome/148.0.0.0 Safari/537.36\"","service":"visual-whiteboard-api","timestamp":"2026-05-15 18:44:32"}
{"level":"info","message":"::1 - - [15/May/2026:13:14:32 +0000] \"GET /api/v1/whiteboards/6a06e877af1816f5fe51d5e5 HTTP/1.1\" 304 - \"http://localhost:5173/\" \"Mozilla/5.0 (Windows NT 10.0; Win64; x64) AppleWebKit/537.36 (KHTML, like Gecko) Chrome/148.0.0.0 Safari/537.36\"","service":"visual-whiteboard-api","timestamp":"2026-05-15 18:44:32"}
{"level":"info","message":"::1 - - [15/May/2026:13:14:32 +0000] \"GET /api/v1/whiteboards/6a06e877af1816f5fe51d5e5 HTTP/1.1\" 304 - \"http://localhost:5173/\" \"Mozilla/5.0 (Windows NT 10.0; Win64; x64) AppleWebKit/537.36 (KHTML, like Gecko) Chrome/148.0.0.0 Safari/537.36\"","service":"visual-whiteboard-api","timestamp":"2026-05-15 18:44:32"}
{"level":"info","message":"::1 - - [15/May/2026:13:14:32 +0000] \"GET /api/v1/whiteboards/6a06e877af1816f5fe51d5e5 HTTP/1.1\" 304 - \"http://localhost:5173/\" \"Mozilla/5.0 (Windows NT 10.0; Win64; x64) AppleWebKit/537.36 (KHTML, like Gecko) Chrome/148.0.0.0 Safari/537.36\"","service":"visual-whiteboard-api","timestamp":"2026-05-15 18:44:32"}
{"level":"info","message":"::1 - - [15/May/2026:13:14:39 +0000] \"GET /api/v1/whiteboards HTTP/1.1\" 304 - \"http://localhost:5173/\" \"Mozilla/5.0 (Windows NT 10.0; Win64; x64) AppleWebKit/537.36 (KHTML, like Gecko) Chrome/148.0.0.0 Safari/537.36\"","service":"visual-whiteboard-api","timestamp":"2026-05-15 18:44:39"}
{"level":"info","message":"::1 - - [15/May/2026:13:14:39 +0000] \"GET /api/v1/whiteboards HTTP/1.1\" 304 - \"http://localhost:5173/\" \"Mozilla/5.0 (Windows NT 10.0; Win64; x64) AppleWebKit/537.36 (KHTML, like Gecko) Chrome/148.0.0.0 Safari/537.36\"","service":"visual-whiteboard-api","timestamp":"2026-05-15 18:44:39"}
{"level":"info","message":"::1 - - [15/May/2026:13:14:39 +0000] \"GET /api/v1/whiteboards HTTP/1.1\" 304 - \"http://localhost:5173/\" \"Mozilla/5.0 (Windows NT 10.0; Win64; x64) AppleWebKit/537.36 (KHTML, like Gecko) Chrome/148.0.0.0 Safari/537.36\"","service":"visual-whiteboard-api","timestamp":"2026-05-15 18:44:39"}
{"level":"info","message":"::1 - - [15/May/2026:13:14:39 +0000] \"GET /api/v1/whiteboards HTTP/1.1\" 304 - \"http://localhost:5173/\" \"Mozilla/5.0 (Windows NT 10.0; Win64; x64) AppleWebKit/537.36 (KHTML, like Gecko) Chrome/148.0.0.0 Safari/537.36\"","service":"visual-whiteboard-api","timestamp":"2026-05-15 18:44:39"}
{"level":"info","message":"::1 - - [15/May/2026:13:14:49 +0000] \"POST /api/v1/auth/login HTTP/1.1\" 200 392 \"http://localhost:5173/\" \"Mozilla/5.0 (Windows NT 10.0; Win64; x64) AppleWebKit/537.36 (KHTML, like Gecko) Chrome/148.0.0.0 Safari/537.36\"","service":"visual-whiteboard-api","timestamp":"2026-05-15 18:44:49"}
{"level":"info","message":"::1 - - [15/May/2026:13:14:49 +0000] \"GET /api/v1/whiteboards HTTP/1.1\" 304 - \"http://localhost:5173/\" \"Mozilla/5.0 (Windows NT 10.0; Win64; x64) AppleWebKit/537.36 (KHTML, like Gecko) Chrome/148.0.0.0 Safari/537.36\"","service":"visual-whiteboard-api","timestamp":"2026-05-15 18:44:49"}
{"level":"info","message":"::1 - - [15/May/2026:13:14:49 +0000] \"GET /api/v1/whiteboards HTTP/1.1\" 304 - \"http://localhost:5173/\" \"Mozilla/5.0 (Windows NT 10.0; Win64; x64) AppleWebKit/537.36 (KHTML, like Gecko) Chrome/148.0.0.0 Safari/537.36\"","service":"visual-whiteboard-api","timestamp":"2026-05-15 18:44:49"}
{"level":"info","message":"::1 - - [15/May/2026:13:14:50 +0000] \"GET /api/v1/whiteboards/6a06e877af1816f5fe51d5e5 HTTP/1.1\" 304 - \"http://localhost:5173/\" \"Mozilla/5.0 (Windows NT 10.0; Win64; x64) AppleWebKit/537.36 (KHTML, like Gecko) Chrome/148.0.0.0 Safari/537.36\"","service":"visual-whiteboard-api","timestamp":"2026-05-15 18:44:50"}
{"level":"info","message":"::1 - - [15/May/2026:13:15:02 +0000] \"GET /api/v1/whiteboards/6a06e877af1816f5fe51d5e5 HTTP/1.1\" 304 - \"http://localhost:5173/\" \"Mozilla/5.0 (Windows NT 10.0; Win64; x64) AppleWebKit/537.36 (KHTML, like Gecko) Chrome/148.0.0.0 Safari/537.36\"","service":"visual-whiteboard-api","timestamp":"2026-05-15 18:45:02"}
{"level":"info","message":"::1 - - [15/May/2026:13:15:02 +0000] \"GET /api/v1/whiteboards/6a06e877af1816f5fe51d5e5 HTTP/1.1\" 304 - \"http://localhost:5173/\" \"Mozilla/5.0 (Windows NT 10.0; Win64; x64) AppleWebKit/537.36 (KHTML, like Gecko) Chrome/148.0.0.0 Safari/537.36\"","service":"visual-whiteboard-api","timestamp":"2026-05-15 18:45:02"}
{"level":"info","message":"::1 - - [15/May/2026:13:15:03 +0000] \"GET /api/v1/whiteboards/6a06e877af1816f5fe51d5e5 HTTP/1.1\" 304 - \"http://localhost:5173/\" \"Mozilla/5.0 (Windows NT 10.0; Win64; x64) AppleWebKit/537.36 (KHTML, like Gecko) Chrome/148.0.0.0 Safari/537.36\"","service":"visual-whiteboard-api","timestamp":"2026-05-15 18:45:03"}
{"level":"info","message":"::1 - - [15/May/2026:13:15:03 +0000] \"GET /api/v1/whiteboards/6a06e877af1816f5fe51d5e5 HTTP/1.1\" 304 - \"http://localhost:5173/\" \"Mozilla/5.0 (Windows NT 10.0; Win64; x64) AppleWebKit/537.36 (KHTML, like Gecko) Chrome/148.0.0.0 Safari/537.36\"","service":"visual-whiteboard-api","timestamp":"2026-05-15 18:45:03"}
{"level":"info","message":"::1 - - [15/May/2026:13:15:05 +0000] \"GET /api/v1/whiteboards HTTP/1.1\" 304 - \"http://localhost:5173/\" \"Mozilla/5.0 (Windows NT 10.0; Win64; x64) AppleWebKit/537.36 (KHTML, like Gecko) Chrome/148.0.0.0 Safari/537.36\"","service":"visual-whiteboard-api","timestamp":"2026-05-15 18:45:05"}
{"level":"info","message":"::1 - - [15/May/2026:13:15:05 +0000] \"GET /api/v1/whiteboards HTTP/1.1\" 304 - \"http://localhost:5173/\" \"Mozilla/5.0 (Windows NT 10.0; Win64; x64) AppleWebKit/537.36 (KHTML, like Gecko) Chrome/148.0.0.0 Safari/537.36\"","service":"visual-whiteboard-api","timestamp":"2026-05-15 18:45:05"}
{"level":"info","message":"::1 - - [15/May/2026:13:15:06 +0000] \"GET /api/v1/whiteboards/6a05cf718682f6fbf2a25894 HTTP/1.1\" 200 356 \"http://localhost:5173/\" \"Mozilla/5.0 (Windows NT 10.0; Win64; x64) AppleWebKit/537.36 (KHTML, like Gecko) Chrome/148.0.0.0 Safari/537.36\"","service":"visual-whiteboard-api","timestamp":"2026-05-15 18:45:06"}
{"level":"info","message":"::1 - - [15/May/2026:13:15:07 +0000] \"GET /api/v1/whiteboards/6a05cf718682f6fbf2a25894 HTTP/1.1\" 304 - \"http://localhost:5173/\" \"Mozilla/5.0 (Windows NT 10.0; Win64; x64) AppleWebKit/537.36 (KHTML, like Gecko) Chrome/148.0.0.0 Safari/537.36\"","service":"visual-whiteboard-api","timestamp":"2026-05-15 18:45:07"}
{"level":"info","message":"::1 - - [15/May/2026:13:15:07 +0000] \"GET /api/v1/whiteboards/6a05cf718682f6fbf2a25894 HTTP/1.1\" 304 - \"http://localhost:5173/\" \"Mozilla/5.0 (Windows NT 10.0; Win64; x64) AppleWebKit/537.36 (KHTML, like Gecko) Chrome/148.0.0.0 Safari/537.36\"","service":"visual-whiteboard-api","timestamp":"2026-05-15 18:45:07"}
{"level":"info","message":"::1 - - [15/May/2026:13:15:10 +0000] \"GET /api/v1/whiteboards HTTP/1.1\" 304 - \"http://localhost:5173/\" \"Mozilla/5.0 (Windows NT 10.0; Win64; x64) AppleWebKit/537.36 (KHTML, like Gecko) Chrome/148.0.0.0 Safari/537.36\"","service":"visual-whiteboard-api","timestamp":"2026-05-15 18:45:10"}
{"level":"info","message":"::1 - - [15/May/2026:13:15:10 +0000] \"GET /api/v1/whiteboards HTTP/1.1\" 304 - \"http://localhost:5173/\" \"Mozilla/5.0 (Windows NT 10.0; Win64; x64) AppleWebKit/537.36 (KHTML, like Gecko) Chrome/148.0.0.0 Safari/537.36\"","service":"visual-whiteboard-api","timestamp":"2026-05-15 18:45:10"}
{"level":"error","message":"Authentication error: jwt expired","service":"visual-whiteboard-api","timestamp":"2026-05-15 18:46:55"}
{"level":"info","message":"::1 - - [15/May/2026:13:16:55 +0000] \"GET /api/v1/whiteboards HTTP/1.1\" 401 81 \"http://localhost:5173/\" \"Mozilla/5.0 (Windows NT 10.0; Win64; x64) AppleWebKit/537.36 (KHTML, like Gecko) Chrome/148.0.0.0 Safari/537.36\"","service":"visual-whiteboard-api","timestamp":"2026-05-15 18:46:55"}
{"level":"error","message":"Authentication error: jwt expired","service":"visual-whiteboard-api","timestamp":"2026-05-15 18:46:55"}
{"level":"info","message":"::1 - - [15/May/2026:13:16:55 +0000] \"GET /api/v1/whiteboards HTTP/1.1\" 401 81 \"http://localhost:5173/\" \"Mozilla/5.0 (Windows NT 10.0; Win64; x64) AppleWebKit/537.36 (KHTML, like Gecko) Chrome/148.0.0.0 Safari/537.36\"","service":"visual-whiteboard-api","timestamp":"2026-05-15 18:46:55"}
{"level":"info","message":"::1 - - [15/May/2026:13:17:34 +0000] \"POST /api/v1/auth/register HTTP/1.1\" 201 412 \"http://localhost:5173/\" \"Mozilla/5.0 (Windows NT 10.0; Win64; x64) AppleWebKit/537.36 (KHTML, like Gecko) Chrome/148.0.0.0 Safari/537.36\"","service":"visual-whiteboard-api","timestamp":"2026-05-15 18:47:34"}
{"level":"info","message":"::1 - - [15/May/2026:13:17:34 +0000] \"GET /api/v1/whiteboards HTTP/1.1\" 200 42 \"http://localhost:5173/\" \"Mozilla/5.0 (Windows NT 10.0; Win64; x64) AppleWebKit/537.36 (KHTML, like Gecko) Chrome/148.0.0.0 Safari/537.36\"","service":"visual-whiteboard-api","timestamp":"2026-05-15 18:47:34"}
{"level":"info","message":"::1 - - [15/May/2026:13:17:34 +0000] \"GET /api/v1/whiteboards HTTP/1.1\" 304 - \"http://localhost:5173/\" \"Mozilla/5.0 (Windows NT 10.0; Win64; x64) AppleWebKit/537.36 (KHTML, like Gecko) Chrome/148.0.0.0 Safari/537.36\"","service":"visual-whiteboard-api","timestamp":"2026-05-15 18:47:34"}
{"level":"info","message":"::1 - - [15/May/2026:13:17:45 +0000] \"POST /api/v1/whiteboards HTTP/1.1\" 201 252 \"http://localhost:5173/\" \"Mozilla/5.0 (Windows NT 10.0; Win64; x64) AppleWebKit/537.36 (KHTML, like Gecko) Chrome/148.0.0.0 Safari/537.36\"","service":"visual-whiteboard-api","timestamp":"2026-05-15 18:47:45"}
{"level":"info","message":"::1 - - [15/May/2026:13:17:45 +0000] \"GET /api/v1/whiteboards/6a071cf98881ec521412ca66 HTTP/1.1\" 200 330 \"http://localhost:5173/\" \"Mozilla/5.0 (Windows NT 10.0; Win64; x64) AppleWebKit/537.36 (KHTML, like Gecko) Chrome/148.0.0.0 Safari/537.36\"","service":"visual-whiteboard-api","timestamp":"2026-05-15 18:47:45"}
{"level":"info","message":"⚡ Socket connected: LYLuTJ2ay7sL8S5zAAAW (User: testuser@example.com)","service":"visual-whiteboard-api","timestamp":"2026-05-15 18:47:45"}
{"level":"info","message":"User testuser@example.com joined room whiteboard:6a071cf98881ec521412ca66","service":"visual-whiteboard-api","timestamp":"2026-05-15 18:47:45"}
{"level":"info","message":"::1 - - [15/May/2026:13:18:01 +0000] \"PUT /api/v1/whiteboards/6a071cf98881ec521412ca66/canvas HTTP/1.1\" 200 58 \"http://localhost:5173/\" \"Mozilla/5.0 (Windows NT 10.0; Win64; x64) AppleWebKit/537.36 (KHTML, like Gecko) Chrome/148.0.0.0 Safari/537.36\"","service":"visual-whiteboard-api","timestamp":"2026-05-15 18:48:01"}
{"level":"info","message":"::1 - - [15/May/2026:13:18:33 +0000] \"PUT /api/v1/whiteboards/6a071cf98881ec521412ca66/canvas HTTP/1.1\" 200 58 \"http://localhost:5173/\" \"Mozilla/5.0 (Windows NT 10.0; Win64; x64) AppleWebKit/537.36 (KHTML, like Gecko) Chrome/148.0.0.0 Safari/537.36\"","service":"visual-whiteboard-api","timestamp":"2026-05-15 18:48:33"}
{"level":"info","message":"User testuser@example.com left room whiteboard:6a071cf98881ec521412ca66","service":"visual-whiteboard-api","timestamp":"2026-05-15 18:48:58"}
{"level":"info","message":"::1 - - [15/May/2026:13:18:58 +0000] \"GET /api/v1/whiteboards HTTP/1.1\" 200 266 \"http://localhost:5173/\" \"Mozilla/5.0 (Windows NT 10.0; Win64; x64) AppleWebKit/537.36 (KHTML, like Gecko) Chrome/148.0.0.0 Safari/537.36\"","service":"visual-whiteboard-api","timestamp":"2026-05-15 18:48:58"}
{"level":"info","message":"::1 - - [15/May/2026:13:18:58 +0000] \"GET /api/v1/whiteboards HTTP/1.1\" 304 - \"http://localhost:5173/\" \"Mozilla/5.0 (Windows NT 10.0; Win64; x64) AppleWebKit/537.36 (KHTML, like Gecko) Chrome/148.0.0.0 Safari/537.36\"","service":"visual-whiteboard-api","timestamp":"2026-05-15 18:48:58"}
{"level":"info","message":"::1 - - [15/May/2026:13:19:09 +0000] \"GET /api/v1/whiteboards/6a071cf98881ec521412ca66 HTTP/1.1\" 200 1561 \"http://localhost:5173/\" \"Mozilla/5.0 (Windows NT 10.0; Win64; x64) AppleWebKit/537.36 (KHTML, like Gecko) Chrome/148.0.0.0 Safari/537.36\"","service":"visual-whiteboard-api","timestamp":"2026-05-15 18:49:09"}
{"level":"info","message":"::1 - - [15/May/2026:13:19:36 +0000] \"GET /api/v1/whiteboards/6a071cf98881ec521412ca66 HTTP/1.1\" 304 - \"http://localhost:5173/\" \"Mozilla/5.0 (Windows NT 10.0; Win64; x64) AppleWebKit/537.36 (KHTML, like Gecko) Chrome/148.0.0.0 Safari/537.36\"","service":"visual-whiteboard-api","timestamp":"2026-05-15 18:49:36"}
{"level":"info","message":"::1 - - [15/May/2026:13:19:36 +0000] \"GET /api/v1/whiteboards/6a071cf98881ec521412ca66 HTTP/1.1\" 304 - \"http://localhost:5173/\" \"Mozilla/5.0 (Windows NT 10.0; Win64; x64) AppleWebKit/537.36 (KHTML, like Gecko) Chrome/148.0.0.0 Safari/537.36\"","service":"visual-whiteboard-api","timestamp":"2026-05-15 18:49:36"}
{"level":"info","message":"⚡ Socket connected: 2QmjN0gK4kvlBa2xAAAc (User: testuser@example.com)","service":"visual-whiteboard-api","timestamp":"2026-05-15 18:50:28"}
{"level":"info","message":"User testuser@example.com joined room whiteboard:6a071cf98881ec521412ca66","service":"visual-whiteboard-api","timestamp":"2026-05-15 18:50:28"}
{"level":"info","message":"User testuser@example.com left room whiteboard:6a071cf98881ec521412ca66","service":"visual-whiteboard-api","timestamp":"2026-05-15 18:52:17"}
{"level":"info","message":"::1 - - [15/May/2026:13:22:17 +0000] \"GET /api/v1/whiteboards HTTP/1.1\" 304 - \"http://localhost:5173/\" \"Mozilla/5.0 (Windows NT 10.0; Win64; x64) AppleWebKit/537.36 (KHTML, like Gecko) Chrome/148.0.0.0 Safari/537.36\"","service":"visual-whiteboard-api","timestamp":"2026-05-15 18:52:17"}
{"level":"info","message":"::1 - - [15/May/2026:13:22:17 +0000] \"GET /api/v1/whiteboards HTTP/1.1\" 304 - \"http://localhost:5173/\" \"Mozilla/5.0 (Windows NT 10.0; Win64; x64) AppleWebKit/537.36 (KHTML, like Gecko) Chrome/148.0.0.0 Safari/537.36\"","service":"visual-whiteboard-api","timestamp":"2026-05-15 18:52:17"}
{"level":"info","message":"::1 - - [15/May/2026:13:22:30 +0000] \"POST /api/v1/auth/login HTTP/1.1\" 200 392 \"http://localhost:5173/\" \"Mozilla/5.0 (Windows NT 10.0; Win64; x64) AppleWebKit/537.36 (KHTML, like Gecko) Chrome/148.0.0.0 Safari/537.36\"","service":"visual-whiteboard-api","timestamp":"2026-05-15 18:52:30"}
{"level":"info","message":"::1 - - [15/May/2026:13:22:30 +0000] \"GET /api/v1/whiteboards HTTP/1.1\" 304 - \"http://localhost:5173/\" \"Mozilla/5.0 (Windows NT 10.0; Win64; x64) AppleWebKit/537.36 (KHTML, like Gecko) Chrome/148.0.0.0 Safari/537.36\"","service":"visual-whiteboard-api","timestamp":"2026-05-15 18:52:30"}
{"level":"info","message":"::1 - - [15/May/2026:13:22:30 +0000] \"GET /api/v1/whiteboards HTTP/1.1\" 304 - \"http://localhost:5173/\" \"Mozilla/5.0 (Windows NT 10.0; Win64; x64) AppleWebKit/537.36 (KHTML, like Gecko) Chrome/148.0.0.0 Safari/537.36\"","service":"visual-whiteboard-api","timestamp":"2026-05-15 18:52:30"}
{"level":"info","message":"::1 - - [15/May/2026:13:22:31 +0000] \"GET /api/v1/whiteboards/6a06e877af1816f5fe51d5e5 HTTP/1.1\" 304 - \"http://localhost:5173/\" \"Mozilla/5.0 (Windows NT 10.0; Win64; x64) AppleWebKit/537.36 (KHTML, like Gecko) Chrome/148.0.0.0 Safari/537.36\"","service":"visual-whiteboard-api","timestamp":"2026-05-15 18:52:31"}
{"level":"info","message":"⚡ Socket connected: ZpkO79M0mnWMK4plAAAf (User: a@a.com)","service":"visual-whiteboard-api","timestamp":"2026-05-15 18:52:31"}
{"level":"info","message":"User a@a.com joined room whiteboard:6a06e877af1816f5fe51d5e5","service":"visual-whiteboard-api","timestamp":"2026-05-15 18:52:31"}
{"level":"info","message":"::1 - - [15/May/2026:13:22:37 +0000] \"PUT /api/v1/whiteboards/6a06e877af1816f5fe51d5e5/canvas HTTP/1.1\" 200 58 \"http://localhost:5173/\" \"Mozilla/5.0 (Windows NT 10.0; Win64; x64) AppleWebKit/537.36 (KHTML, like Gecko) Chrome/148.0.0.0 Safari/537.36\"","service":"visual-whiteboard-api","timestamp":"2026-05-15 18:52:37"}
{"level":"info","message":"::1 - - [15/May/2026:13:22:43 +0000] \"PUT /api/v1/whiteboards/6a06e877af1816f5fe51d5e5/canvas HTTP/1.1\" 200 58 \"http://localhost:5173/\" \"Mozilla/5.0 (Windows NT 10.0; Win64; x64) AppleWebKit/537.36 (KHTML, like Gecko) Chrome/148.0.0.0 Safari/537.36\"","service":"visual-whiteboard-api","timestamp":"2026-05-15 18:52:43"}
{"level":"info","message":"::1 - - [15/May/2026:13:22:47 +0000] \"PUT /api/v1/whiteboards/6a06e877af1816f5fe51d5e5/canvas HTTP/1.1\" 200 58 \"http://localhost:5173/\" \"Mozilla/5.0 (Windows NT 10.0; Win64; x64) AppleWebKit/537.36 (KHTML, like Gecko) Chrome/148.0.0.0 Safari/537.36\"","service":"visual-whiteboard-api","timestamp":"2026-05-15 18:52:47"}
{"level":"info","message":"::1 - - [15/May/2026:13:22:52 +0000] \"PUT /api/v1/whiteboards/6a06e877af1816f5fe51d5e5/canvas HTTP/1.1\" 200 58 \"http://localhost:5173/\" \"Mozilla/5.0 (Windows NT 10.0; Win64; x64) AppleWebKit/537.36 (KHTML, like Gecko) Chrome/148.0.0.0 Safari/537.36\"","service":"visual-whiteboard-api","timestamp":"2026-05-15 18:52:52"}
{"level":"info","message":"::1 - - [15/May/2026:13:22:55 +0000] \"PUT /api/v1/whiteboards/6a06e877af1816f5fe51d5e5/canvas HTTP/1.1\" 200 58 \"http://localhost:5173/\" \"Mozilla/5.0 (Windows NT 10.0; Win64; x64) AppleWebKit/537.36 (KHTML, like Gecko) Chrome/148.0.0.0 Safari/537.36\"","service":"visual-whiteboard-api","timestamp":"2026-05-15 18:52:55"}
{"level":"info","message":"::1 - - [15/May/2026:13:23:00 +0000] \"PUT /api/v1/whiteboards/6a06e877af1816f5fe51d5e5/canvas HTTP/1.1\" 200 58 \"http://localhost:5173/\" \"Mozilla/5.0 (Windows NT 10.0; Win64; x64) AppleWebKit/537.36 (KHTML, like Gecko) Chrome/148.0.0.0 Safari/537.36\"","service":"visual-whiteboard-api","timestamp":"2026-05-15 18:53:00"}
{"level":"info","message":"::1 - - [15/May/2026:13:23:02 +0000] \"PUT /api/v1/whiteboards/6a06e877af1816f5fe51d5e5/canvas HTTP/1.1\" 200 58 \"http://localhost:5173/\" \"Mozilla/5.0 (Windows NT 10.0; Win64; x64) AppleWebKit/537.36 (KHTML, like Gecko) Chrome/148.0.0.0 Safari/537.36\"","service":"visual-whiteboard-api","timestamp":"2026-05-15 18:53:02"}
{"level":"info","message":"::1 - - [15/May/2026:13:23:07 +0000] \"PUT /api/v1/whiteboards/6a06e877af1816f5fe51d5e5/canvas HTTP/1.1\" 200 58 \"http://localhost:5173/\" \"Mozilla/5.0 (Windows NT 10.0; Win64; x64) AppleWebKit/537.36 (KHTML, like Gecko) Chrome/148.0.0.0 Safari/537.36\"","service":"visual-whiteboard-api","timestamp":"2026-05-15 18:53:07"}
{"level":"info","message":"::1 - - [15/May/2026:13:23:10 +0000] \"PUT /api/v1/whiteboards/6a06e877af1816f5fe51d5e5/canvas HTTP/1.1\" 200 58 \"http://localhost:5173/\" \"Mozilla/5.0 (Windows NT 10.0; Win64; x64) AppleWebKit/537.36 (KHTML, like Gecko) Chrome/148.0.0.0 Safari/537.36\"","service":"visual-whiteboard-api","timestamp":"2026-05-15 18:53:10"}
{"level":"info","message":"::1 - - [15/May/2026:13:23:14 +0000] \"PUT /api/v1/whiteboards/6a06e877af1816f5fe51d5e5/canvas HTTP/1.1\" 200 58 \"http://localhost:5173/\" \"Mozilla/5.0 (Windows NT 10.0; Win64; x64) AppleWebKit/537.36 (KHTML, like Gecko) Chrome/148.0.0.0 Safari/537.36\"","service":"visual-whiteboard-api","timestamp":"2026-05-15 18:53:14"}
{"level":"info","message":"::1 - - [15/May/2026:13:23:16 +0000] \"PUT /api/v1/whiteboards/6a06e877af1816f5fe51d5e5/canvas HTTP/1.1\" 200 58 \"http://localhost:5173/\" \"Mozilla/5.0 (Windows NT 10.0; Win64; x64) AppleWebKit/537.36 (KHTML, like Gecko) Chrome/148.0.0.0 Safari/537.36\"","service":"visual-whiteboard-api","timestamp":"2026-05-15 18:53:16"}
{"level":"info","message":"::1 - - [15/May/2026:13:23:19 +0000] \"PUT /api/v1/whiteboards/6a06e877af1816f5fe51d5e5/canvas HTTP/1.1\" 200 58 \"http://localhost:5173/\" \"Mozilla/5.0 (Windows NT 10.0; Win64; x64) AppleWebKit/537.36 (KHTML, like Gecko) Chrome/148.0.0.0 Safari/537.36\"","service":"visual-whiteboard-api","timestamp":"2026-05-15 18:53:19"}
{"level":"info","message":"::1 - - [15/May/2026:13:23:23 +0000] \"PUT /api/v1/whiteboards/6a06e877af1816f5fe51d5e5/canvas HTTP/1.1\" 200 58 \"http://localhost:5173/\" \"Mozilla/5.0 (Windows NT 10.0; Win64; x64) AppleWebKit/537.36 (KHTML, like Gecko) Chrome/148.0.0.0 Safari/537.36\"","service":"visual-whiteboard-api","timestamp":"2026-05-15 18:53:23"}
{"level":"info","message":"::1 - - [15/May/2026:13:23:26 +0000] \"PUT /api/v1/whiteboards/6a06e877af1816f5fe51d5e5/canvas HTTP/1.1\" 200 58 \"http://localhost:5173/\" \"Mozilla/5.0 (Windows NT 10.0; Win64; x64) AppleWebKit/537.36 (KHTML, like Gecko) Chrome/148.0.0.0 Safari/537.36\"","service":"visual-whiteboard-api","timestamp":"2026-05-15 18:53:26"}
{"level":"info","message":"::1 - - [15/May/2026:13:23:28 +0000] \"PUT /api/v1/whiteboards/6a06e877af1816f5fe51d5e5/canvas HTTP/1.1\" 200 58 \"http://localhost:5173/\" \"Mozilla/5.0 (Windows NT 10.0; Win64; x64) AppleWebKit/537.36 (KHTML, like Gecko) Chrome/148.0.0.0 Safari/537.36\"","service":"visual-whiteboard-api","timestamp":"2026-05-15 18:53:28"}
{"level":"info","message":"::1 - - [15/May/2026:13:23:32 +0000] \"PUT /api/v1/whiteboards/6a06e877af1816f5fe51d5e5/canvas HTTP/1.1\" 200 58 \"http://localhost:5173/\" \"Mozilla/5.0 (Windows NT 10.0; Win64; x64) AppleWebKit/537.36 (KHTML, like Gecko) Chrome/148.0.0.0 Safari/537.36\"","service":"visual-whiteboard-api","timestamp":"2026-05-15 18:53:32"}
{"level":"info","message":"::1 - - [15/May/2026:13:23:35 +0000] \"PUT /api/v1/whiteboards/6a06e877af1816f5fe51d5e5/canvas HTTP/1.1\" 200 58 \"http://localhost:5173/\" \"Mozilla/5.0 (Windows NT 10.0; Win64; x64) AppleWebKit/537.36 (KHTML, like Gecko) Chrome/148.0.0.0 Safari/537.36\"","service":"visual-whiteboard-api","timestamp":"2026-05-15 18:53:35"}
{"level":"info","message":"::1 - - [15/May/2026:13:23:42 +0000] \"PUT /api/v1/whiteboards/6a06e877af1816f5fe51d5e5/canvas HTTP/1.1\" 200 58 \"http://localhost:5173/\" \"Mozilla/5.0 (Windows NT 10.0; Win64; x64) AppleWebKit/537.36 (KHTML, like Gecko) Chrome/148.0.0.0 Safari/537.36\"","service":"visual-whiteboard-api","timestamp":"2026-05-15 18:53:42"}
{"level":"info","message":"::1 - - [15/May/2026:13:23:47 +0000] \"PUT /api/v1/whiteboards/6a06e877af1816f5fe51d5e5/canvas HTTP/1.1\" 200 58 \"http://localhost:5173/\" \"Mozilla/5.0 (Windows NT 10.0; Win64; x64) AppleWebKit/537.36 (KHTML, like Gecko) Chrome/148.0.0.0 Safari/537.36\"","service":"visual-whiteboard-api","timestamp":"2026-05-15 18:53:47"}
{"level":"info","message":"::1 - - [15/May/2026:13:23:51 +0000] \"PUT /api/v1/whiteboards/6a06e877af1816f5fe51d5e5/canvas HTTP/1.1\" 200 58 \"http://localhost:5173/\" \"Mozilla/5.0 (Windows NT 10.0; Win64; x64) AppleWebKit/537.36 (KHTML, like Gecko) Chrome/148.0.0.0 Safari/537.36\"","service":"visual-whiteboard-api","timestamp":"2026-05-15 18:53:51"}
{"level":"info","message":"::1 - - [15/May/2026:13:23:54 +0000] \"PUT /api/v1/whiteboards/6a06e877af1816f5fe51d5e5/canvas HTTP/1.1\" 200 58 \"http://localhost:5173/\" \"Mozilla/5.0 (Windows NT 10.0; Win64; x64) AppleWebKit/537.36 (KHTML, like Gecko) Chrome/148.0.0.0 Safari/537.36\"","service":"visual-whiteboard-api","timestamp":"2026-05-15 18:53:54"}
{"level":"info","message":"::1 - - [15/May/2026:13:23:59 +0000] \"PUT /api/v1/whiteboards/6a06e877af1816f5fe51d5e5/canvas HTTP/1.1\" 200 58 \"http://localhost:5173/\" \"Mozilla/5.0 (Windows NT 10.0; Win64; x64) AppleWebKit/537.36 (KHTML, like Gecko) Chrome/148.0.0.0 Safari/537.36\"","service":"visual-whiteboard-api","timestamp":"2026-05-15 18:53:59"}
{"level":"info","message":"::1 - - [15/May/2026:13:24:17 +0000] \"PUT /api/v1/whiteboards/6a06e877af1816f5fe51d5e5/canvas HTTP/1.1\" 200 58 \"http://localhost:5173/\" \"Mozilla/5.0 (Windows NT 10.0; Win64; x64) AppleWebKit/537.36 (KHTML, like Gecko) Chrome/148.0.0.0 Safari/537.36\"","service":"visual-whiteboard-api","timestamp":"2026-05-15 18:54:17"}
{"level":"info","message":"::1 - - [15/May/2026:13:24:22 +0000] \"PUT /api/v1/whiteboards/6a06e877af1816f5fe51d5e5/canvas HTTP/1.1\" 200 58 \"http://localhost:5173/\" \"Mozilla/5.0 (Windows NT 10.0; Win64; x64) AppleWebKit/537.36 (KHTML, like Gecko) Chrome/148.0.0.0 Safari/537.36\"","service":"visual-whiteboard-api","timestamp":"2026-05-15 18:54:22"}
{"level":"info","message":"User a@a.com left room whiteboard:6a06e877af1816f5fe51d5e5","service":"visual-whiteboard-api","timestamp":"2026-05-15 18:55:08"}
{"level":"info","message":"Graceful shutdown initiated...","service":"visual-whiteboard-api","timestamp":"2026-05-15 18:56:06"}
{"level":"info","message":"Connected to MongoDB","service":"visual-whiteboard-api","timestamp":"2026-05-15 18:56:09"}
{"level":"info","message":"🚀 Connected to Redis","service":"visual-whiteboard-api","timestamp":"2026-05-15 18:56:09"}
{"level":"info","message":"Server running in development mode on port 5000","service":"visual-whiteboard-api","timestamp":"2026-05-15 18:56:09"}
{"level":"info","message":"🚀 Socket.io Redis Adapter configured","service":"visual-whiteboard-api","timestamp":"2026-05-15 18:56:09"}
{"level":"info","message":"::1 - - [15/May/2026:13:26:16 +0000] \"POST /api/v1/auth/login HTTP/1.1\" 200 392 \"http://localhost:5173/\" \"Mozilla/5.0 (Windows NT 10.0; Win64; x64) AppleWebKit/537.36 (KHTML, like Gecko) Chrome/148.0.0.0 Safari/537.36\"","service":"visual-whiteboard-api","timestamp":"2026-05-15 18:56:16"}
{"level":"info","message":"::1 - - [15/May/2026:13:26:16 +0000] \"GET /api/v1/whiteboards HTTP/1.1\" 200 1150 \"http://localhost:5173/\" \"Mozilla/5.0 (Windows NT 10.0; Win64; x64) AppleWebKit/537.36 (KHTML, like Gecko) Chrome/148.0.0.0 Safari/537.36\"","service":"visual-whiteboard-api","timestamp":"2026-05-15 18:56:16"}
{"level":"info","message":"::1 - - [15/May/2026:13:26:16 +0000] \"GET /api/v1/whiteboards HTTP/1.1\" 304 - \"http://localhost:5173/\" \"Mozilla/5.0 (Windows NT 10.0; Win64; x64) AppleWebKit/537.36 (KHTML, like Gecko) Chrome/148.0.0.0 Safari/537.36\"","service":"visual-whiteboard-api","timestamp":"2026-05-15 18:56:16"}
{"level":"info","message":"::1 - - [15/May/2026:13:26:17 +0000] \"GET /api/v1/whiteboards/6a06e877af1816f5fe51d5e5 HTTP/1.1\" 200 9429 \"http://localhost:5173/\" \"Mozilla/5.0 (Windows NT 10.0; Win64; x64) AppleWebKit/537.36 (KHTML, like Gecko) Chrome/148.0.0.0 Safari/537.36\"","service":"visual-whiteboard-api","timestamp":"2026-05-15 18:56:17"}
{"level":"info","message":"⚡ Socket connected: 3P5V8fFCr4d9kKgJAAAC (User: a@a.com)","service":"visual-whiteboard-api","timestamp":"2026-05-15 18:56:17"}
{"level":"info","message":"User a@a.com joined room whiteboard:6a06e877af1816f5fe51d5e5","service":"visual-whiteboard-api","timestamp":"2026-05-15 18:56:17"}
{"level":"info","message":"User a@a.com left room whiteboard:6a06e877af1816f5fe51d5e5","service":"visual-whiteboard-api","timestamp":"2026-05-15 18:56:23"}
{"level":"info","message":"::1 - - [15/May/2026:13:26:23 +0000] \"GET /api/v1/whiteboards HTTP/1.1\" 304 - \"http://localhost:5173/\" \"Mozilla/5.0 (Windows NT 10.0; Win64; x64) AppleWebKit/537.36 (KHTML, like Gecko) Chrome/148.0.0.0 Safari/537.36\"","service":"visual-whiteboard-api","timestamp":"2026-05-15 18:56:23"}
{"level":"info","message":"::1 - - [15/May/2026:13:26:23 +0000] \"GET /api/v1/whiteboards HTTP/1.1\" 304 - \"http://localhost:5173/\" \"Mozilla/5.0 (Windows NT 10.0; Win64; x64) AppleWebKit/537.36 (KHTML, like Gecko) Chrome/148.0.0.0 Safari/537.36\"","service":"visual-whiteboard-api","timestamp":"2026-05-15 18:56:23"}
{"level":"info","message":"::1 - - [15/May/2026:13:26:24 +0000] \"GET /api/v1/whiteboards/6a06e877af1816f5fe51d5e5 HTTP/1.1\" 304 - \"http://localhost:5173/\" \"Mozilla/5.0 (Windows NT 10.0; Win64; x64) AppleWebKit/537.36 (KHTML, like Gecko) Chrome/148.0.0.0 Safari/537.36\"","service":"visual-whiteboard-api","timestamp":"2026-05-15 18:56:24"}
{"level":"info","message":"⚡ Socket connected: CnsgfDTo2P_2Xk_PAAAF (User: a@a.com)","service":"visual-whiteboard-api","timestamp":"2026-05-15 18:56:24"}
{"level":"info","message":"User a@a.com joined room whiteboard:6a06e877af1816f5fe51d5e5","service":"visual-whiteboard-api","timestamp":"2026-05-15 18:56:24"}
{"level":"info","message":"User a@a.com left room whiteboard:6a06e877af1816f5fe51d5e5","service":"visual-whiteboard-api","timestamp":"2026-05-15 18:56:29"}
{"level":"info","message":"::1 - - [15/May/2026:13:26:29 +0000] \"GET /api/v1/whiteboards HTTP/1.1\" 304 - \"http://localhost:5173/\" \"Mozilla/5.0 (Windows NT 10.0; Win64; x64) AppleWebKit/537.36 (KHTML, like Gecko) Chrome/148.0.0.0 Safari/537.36\"","service":"visual-whiteboard-api","timestamp":"2026-05-15 18:56:29"}
{"level":"info","message":"::1 - - [15/May/2026:13:26:29 +0000] \"GET /api/v1/whiteboards HTTP/1.1\" 304 - \"http://localhost:5173/\" \"Mozilla/5.0 (Windows NT 10.0; Win64; x64) AppleWebKit/537.36 (KHTML, like Gecko) Chrome/148.0.0.0 Safari/537.36\"","service":"visual-whiteboard-api","timestamp":"2026-05-15 18:56:29"}
{"level":"info","message":"::1 - - [15/May/2026:13:26:31 +0000] \"GET /api/v1/whiteboards/6a05cf718682f6fbf2a25894 HTTP/1.1\" 200 356 \"http://localhost:5173/\" \"Mozilla/5.0 (Windows NT 10.0; Win64; x64) AppleWebKit/537.36 (KHTML, like Gecko) Chrome/148.0.0.0 Safari/537.36\"","service":"visual-whiteboard-api","timestamp":"2026-05-15 18:56:31"}
{"level":"info","message":"⚡ Socket connected: Wa780uGcvldWRrvNAAAI (User: a@a.com)","service":"visual-whiteboard-api","timestamp":"2026-05-15 18:56:31"}
{"level":"info","message":"User a@a.com joined room whiteboard:6a05cf718682f6fbf2a25894","service":"visual-whiteboard-api","timestamp":"2026-05-15 18:56:31"}
{"level":"info","message":"User a@a.com left room whiteboard:6a05cf718682f6fbf2a25894","service":"visual-whiteboard-api","timestamp":"2026-05-15 18:56:33"}
{"level":"info","message":"::1 - - [15/May/2026:13:26:33 +0000] \"GET /api/v1/whiteboards HTTP/1.1\" 304 - \"http://localhost:5173/\" \"Mozilla/5.0 (Windows NT 10.0; Win64; x64) AppleWebKit/537.36 (KHTML, like Gecko) Chrome/148.0.0.0 Safari/537.36\"","service":"visual-whiteboard-api","timestamp":"2026-05-15 18:56:33"}
{"level":"info","message":"::1 - - [15/May/2026:13:26:33 +0000] \"GET /api/v1/whiteboards HTTP/1.1\" 304 - \"http://localhost:5173/\" \"Mozilla/5.0 (Windows NT 10.0; Win64; x64) AppleWebKit/537.36 (KHTML, like Gecko) Chrome/148.0.0.0 Safari/537.36\"","service":"visual-whiteboard-api","timestamp":"2026-05-15 18:56:33"}
{"level":"info","message":"::1 - - [15/May/2026:13:26:34 +0000] \"GET /api/v1/whiteboards/6a05cc351bb76127c8040194 HTTP/1.1\" 200 302 \"http://localhost:5173/\" \"Mozilla/5.0 (Windows NT 10.0; Win64; x64) AppleWebKit/537.36 (KHTML, like Gecko) Chrome/148.0.0.0 Safari/537.36\"","service":"visual-whiteboard-api","timestamp":"2026-05-15 18:56:34"}
{"level":"info","message":"⚡ Socket connected: Hb3bt6Gk13Y30l13AAAL (User: a@a.com)","service":"visual-whiteboard-api","timestamp":"2026-05-15 18:56:34"}
{"level":"info","message":"User a@a.com joined room whiteboard:6a05cc351bb76127c8040194","service":"visual-whiteboard-api","timestamp":"2026-05-15 18:56:34"}
{"level":"info","message":"User a@a.com left room whiteboard:6a05cc351bb76127c8040194","service":"visual-whiteboard-api","timestamp":"2026-05-15 18:56:36"}
{"level":"info","message":"::1 - - [15/May/2026:13:26:36 +0000] \"GET /api/v1/whiteboards HTTP/1.1\" 304 - \"http://localhost:5173/\" \"Mozilla/5.0 (Windows NT 10.0; Win64; x64) AppleWebKit/537.36 (KHTML, like Gecko) Chrome/148.0.0.0 Safari/537.36\"","service":"visual-whiteboard-api","timestamp":"2026-05-15 18:56:36"}
{"level":"info","message":"::1 - - [15/May/2026:13:26:36 +0000] \"GET /api/v1/whiteboards HTTP/1.1\" 304 - \"http://localhost:5173/\" \"Mozilla/5.0 (Windows NT 10.0; Win64; x64) AppleWebKit/537.36 (KHTML, like Gecko) Chrome/148.0.0.0 Safari/537.36\"","service":"visual-whiteboard-api","timestamp":"2026-05-15 18:56:36"}
{"level":"info","message":"::1 - - [15/May/2026:13:26:37 +0000] \"GET /api/v1/whiteboards/6a05c8a4d94f91fab1284c49 HTTP/1.1\" 200 302 \"http://localhost:5173/\" \"Mozilla/5.0 (Windows NT 10.0; Win64; x64) AppleWebKit/537.36 (KHTML, like Gecko) Chrome/148.0.0.0 Safari/537.36\"","service":"visual-whiteboard-api","timestamp":"2026-05-15 18:56:37"}
{"level":"info","message":"⚡ Socket connected: OcSKT1N6XUy6CMj4AAAO (User: a@a.com)","service":"visual-whiteboard-api","timestamp":"2026-05-15 18:56:37"}
{"level":"info","message":"User a@a.com joined room whiteboard:6a05c8a4d94f91fab1284c49","service":"visual-whiteboard-api","timestamp":"2026-05-15 18:56:37"}
{"level":"info","message":"User a@a.com left room whiteboard:6a05c8a4d94f91fab1284c49","service":"visual-whiteboard-api","timestamp":"2026-05-15 18:56:38"}
{"level":"info","message":"::1 - - [15/May/2026:13:26:38 +0000] \"GET /api/v1/whiteboards HTTP/1.1\" 304 - \"http://localhost:5173/\" \"Mozilla/5.0 (Windows NT 10.0; Win64; x64) AppleWebKit/537.36 (KHTML, like Gecko) Chrome/148.0.0.0 Safari/537.36\"","service":"visual-whiteboard-api","timestamp":"2026-05-15 18:56:38"}
{"level":"info","message":"::1 - - [15/May/2026:13:26:38 +0000] \"GET /api/v1/whiteboards HTTP/1.1\" 304 - \"http://localhost:5173/\" \"Mozilla/5.0 (Windows NT 10.0; Win64; x64) AppleWebKit/537.36 (KHTML, like Gecko) Chrome/148.0.0.0 Safari/537.36\"","service":"visual-whiteboard-api","timestamp":"2026-05-15 18:56:38"}
{"level":"info","message":"::1 - - [15/May/2026:13:28:22 +0000] \"GET /api/v1/whiteboards/6a05cf678682f6fbf2a25893 HTTP/1.1\" 200 310 \"http://localhost:5173/\" \"Mozilla/5.0 (Windows NT 10.0; Win64; x64) AppleWebKit/537.36 (KHTML, like Gecko) Chrome/148.0.0.0 Safari/537.36\"","service":"visual-whiteboard-api","timestamp":"2026-05-15 18:58:22"}
{"level":"info","message":"⚡ Socket connected: ubL3C3L4Bz3SGh8GAAAR (User: a@a.com)","service":"visual-whiteboard-api","timestamp":"2026-05-15 18:58:22"}
{"level":"info","message":"User a@a.com joined room whiteboard:6a05cf678682f6fbf2a25893","service":"visual-whiteboard-api","timestamp":"2026-05-15 18:58:22"}
{"level":"info","message":"User a@a.com left room whiteboard:6a05cf678682f6fbf2a25893","service":"visual-whiteboard-api","timestamp":"2026-05-15 18:58:25"}
{"level":"info","message":"::1 - - [15/May/2026:13:28:25 +0000] \"GET /api/v1/whiteboards HTTP/1.1\" 304 - \"http://localhost:5173/\" \"Mozilla/5.0 (Windows NT 10.0; Win64; x64) AppleWebKit/537.36 (KHTML, like Gecko) Chrome/148.0.0.0 Safari/537.36\"","service":"visual-whiteboard-api","timestamp":"2026-05-15 18:58:25"}
{"level":"info","message":"::1 - - [15/May/2026:13:28:25 +0000] \"GET /api/v1/whiteboards HTTP/1.1\" 304 - \"http://localhost:5173/\" \"Mozilla/5.0 (Windows NT 10.0; Win64; x64) AppleWebKit/537.36 (KHTML, like Gecko) Chrome/148.0.0.0 Safari/537.36\"","service":"visual-whiteboard-api","timestamp":"2026-05-15 18:58:25"}
{"level":"info","message":"::1 - - [15/May/2026:13:28:27 +0000] \"GET /api/v1/whiteboards/6a05cf718682f6fbf2a25894 HTTP/1.1\" 304 - \"http://localhost:5173/\" \"Mozilla/5.0 (Windows NT 10.0; Win64; x64) AppleWebKit/537.36 (KHTML, like Gecko) Chrome/148.0.0.0 Safari/537.36\"","service":"visual-whiteboard-api","timestamp":"2026-05-15 18:58:27"}
{"level":"info","message":"⚡ Socket connected: rAkpUKrPnSzNNZqtAAAU (User: a@a.com)","service":"visual-whiteboard-api","timestamp":"2026-05-15 18:58:27"}
{"level":"info","message":"User a@a.com joined room whiteboard:6a05cf718682f6fbf2a25894","service":"visual-whiteboard-api","timestamp":"2026-05-15 18:58:27"}
{"level":"info","message":"User a@a.com left room whiteboard:6a05cf718682f6fbf2a25894","service":"visual-whiteboard-api","timestamp":"2026-05-15 18:58:28"}
{"level":"info","message":"::1 - - [15/May/2026:13:28:28 +0000] \"GET /api/v1/whiteboards HTTP/1.1\" 304 - \"http://localhost:5173/\" \"Mozilla/5.0 (Windows NT 10.0; Win64; x64) AppleWebKit/537.36 (KHTML, like Gecko) Chrome/148.0.0.0 Safari/537.36\"","service":"visual-whiteboard-api","timestamp":"2026-05-15 18:58:28"}
{"level":"info","message":"::1 - - [15/May/2026:13:28:28 +0000] \"GET /api/v1/whiteboards HTTP/1.1\" 304 - \"http://localhost:5173/\" \"Mozilla/5.0 (Windows NT 10.0; Win64; x64) AppleWebKit/537.36 (KHTML, like Gecko) Chrome/148.0.0.0 Safari/537.36\"","service":"visual-whiteboard-api","timestamp":"2026-05-15 18:58:28"}
{"level":"info","message":"::1 - - [15/May/2026:13:28:43 +0000] \"GET /api/v1/whiteboards/6a06e877af1816f5fe51d5e5 HTTP/1.1\" 304 - \"http://localhost:5173/\" \"Mozilla/5.0 (Windows NT 10.0; Win64; x64) AppleWebKit/537.36 (KHTML, like Gecko) Chrome/148.0.0.0 Safari/537.36\"","service":"visual-whiteboard-api","timestamp":"2026-05-15 18:58:43"}
{"level":"info","message":"⚡ Socket connected: pu28HO1Bn9vSFFJxAAAX (User: a@a.com)","service":"visual-whiteboard-api","timestamp":"2026-05-15 18:58:43"}
{"level":"info","message":"User a@a.com joined room whiteboard:6a06e877af1816f5fe51d5e5","service":"visual-whiteboard-api","timestamp":"2026-05-15 18:58:43"}
{"level":"info","message":"User a@a.com left room whiteboard:6a06e877af1816f5fe51d5e5","service":"visual-whiteboard-api","timestamp":"2026-05-15 19:02:58"}
{"level":"info","message":"::1 - - [15/May/2026:13:32:58 +0000] \"GET /api/v1/whiteboards HTTP/1.1\" 304 - \"http://localhost:5173/\" \"Mozilla/5.0 (Windows NT 10.0; Win64; x64) AppleWebKit/537.36 (KHTML, like Gecko) Chrome/148.0.0.0 Safari/537.36\"","service":"visual-whiteboard-api","timestamp":"2026-05-15 19:02:58"}
{"level":"info","message":"::1 - - [15/May/2026:13:32:58 +0000] \"GET /api/v1/whiteboards HTTP/1.1\" 304 - \"http://localhost:5173/\" \"Mozilla/5.0 (Windows NT 10.0; Win64; x64) AppleWebKit/537.36 (KHTML, like Gecko) Chrome/148.0.0.0 Safari/537.36\"","service":"visual-whiteboard-api","timestamp":"2026-05-15 19:02:58"}
{"level":"info","message":"::1 - - [15/May/2026:13:32:59 +0000] \"GET /api/v1/whiteboards HTTP/1.1\" 304 - \"http://localhost:5173/\" \"Mozilla/5.0 (Windows NT 10.0; Win64; x64) AppleWebKit/537.36 (KHTML, like Gecko) Chrome/148.0.0.0 Safari/537.36\"","service":"visual-whiteboard-api","timestamp":"2026-05-15 19:02:59"}
{"level":"info","message":"::1 - - [15/May/2026:13:32:59 +0000] \"GET /api/v1/whiteboards HTTP/1.1\" 304 - \"http://localhost:5173/\" \"Mozilla/5.0 (Windows NT 10.0; Win64; x64) AppleWebKit/537.36 (KHTML, like Gecko) Chrome/148.0.0.0 Safari/537.36\"","service":"visual-whiteboard-api","timestamp":"2026-05-15 19:02:59"}
{"level":"info","message":"::1 - - [15/May/2026:13:32:59 +0000] \"GET /api/v1/whiteboards HTTP/1.1\" 304 - \"http://localhost:5173/\" \"Mozilla/5.0 (Windows NT 10.0; Win64; x64) AppleWebKit/537.36 (KHTML, like Gecko) Chrome/148.0.0.0 Safari/537.36\"","service":"visual-whiteboard-api","timestamp":"2026-05-15 19:02:59"}
{"level":"info","message":"::1 - - [15/May/2026:13:32:59 +0000] \"GET /api/v1/whiteboards HTTP/1.1\" 304 - \"http://localhost:5173/\" \"Mozilla/5.0 (Windows NT 10.0; Win64; x64) AppleWebKit/537.36 (KHTML, like Gecko) Chrome/148.0.0.0 Safari/537.36\"","service":"visual-whiteboard-api","timestamp":"2026-05-15 19:02:59"}
{"level":"info","message":"::1 - - [15/May/2026:13:33:07 +0000] \"POST /api/v1/auth/login HTTP/1.1\" 200 392 \"http://localhost:5173/\" \"Mozilla/5.0 (Windows NT 10.0; Win64; x64) AppleWebKit/537.36 (KHTML, like Gecko) Chrome/148.0.0.0 Safari/537.36\"","service":"visual-whiteboard-api","timestamp":"2026-05-15 19:03:07"}
{"level":"info","message":"::1 - - [15/May/2026:13:33:07 +0000] \"GET /api/v1/whiteboards HTTP/1.1\" 304 - \"http://localhost:5173/\" \"Mozilla/5.0 (Windows NT 10.0; Win64; x64) AppleWebKit/537.36 (KHTML, like Gecko) Chrome/148.0.0.0 Safari/537.36\"","service":"visual-whiteboard-api","timestamp":"2026-05-15 19:03:07"}
{"level":"info","message":"::1 - - [15/May/2026:13:33:07 +0000] \"GET /api/v1/whiteboards HTTP/1.1\" 304 - \"http://localhost:5173/\" \"Mozilla/5.0 (Windows NT 10.0; Win64; x64) AppleWebKit/537.36 (KHTML, like Gecko) Chrome/148.0.0.0 Safari/537.36\"","service":"visual-whiteboard-api","timestamp":"2026-05-15 19:03:07"}
{"level":"info","message":"::1 - - [15/May/2026:13:33:09 +0000] \"GET /api/v1/whiteboards/6a06e877af1816f5fe51d5e5 HTTP/1.1\" 304 - \"http://localhost:5173/\" \"Mozilla/5.0 (Windows NT 10.0; Win64; x64) AppleWebKit/537.36 (KHTML, like Gecko) Chrome/148.0.0.0 Safari/537.36\"","service":"visual-whiteboard-api","timestamp":"2026-05-15 19:03:09"}
{"level":"info","message":"⚡ Socket connected: LjVIP2EFPDOWqvWlAAAa (User: a@a.com)","service":"visual-whiteboard-api","timestamp":"2026-05-15 19:03:09"}
{"level":"info","message":"User a@a.com joined room whiteboard:6a06e877af1816f5fe51d5e5","service":"visual-whiteboard-api","timestamp":"2026-05-15 19:03:09"}
{"level":"info","message":"::1 - - [15/May/2026:13:33:24 +0000] \"PUT /api/v1/whiteboards/6a06e877af1816f5fe51d5e5/canvas HTTP/1.1\" 200 58 \"http://localhost:5173/\" \"Mozilla/5.0 (Windows NT 10.0; Win64; x64) AppleWebKit/537.36 (KHTML, like Gecko) Chrome/148.0.0.0 Safari/537.36\"","service":"visual-whiteboard-api","timestamp":"2026-05-15 19:03:24"}
{"level":"info","message":"User a@a.com left room whiteboard:6a06e877af1816f5fe51d5e5","service":"visual-whiteboard-api","timestamp":"2026-05-15 19:03:30"}
{"level":"info","message":"::1 - - [15/May/2026:13:33:30 +0000] \"GET /api/v1/whiteboards HTTP/1.1\" 200 1150 \"http://localhost:5173/\" \"Mozilla/5.0 (Windows NT 10.0; Win64; x64) AppleWebKit/537.36 (KHTML, like Gecko) Chrome/148.0.0.0 Safari/537.36\"","service":"visual-whiteboard-api","timestamp":"2026-05-15 19:03:30"}
{"level":"info","message":"::1 - - [15/May/2026:13:33:30 +0000] \"GET /api/v1/whiteboards HTTP/1.1\" 304 - \"http://localhost:5173/\" \"Mozilla/5.0 (Windows NT 10.0; Win64; x64) AppleWebKit/537.36 (KHTML, like Gecko) Chrome/148.0.0.0 Safari/537.36\"","service":"visual-whiteboard-api","timestamp":"2026-05-15 19:03:30"}
{"level":"info","message":"::1 - - [15/May/2026:13:33:31 +0000] \"GET /api/v1/whiteboards/6a06e877af1816f5fe51d5e5 HTTP/1.1\" 200 9407 \"http://localhost:5173/\" \"Mozilla/5.0 (Windows NT 10.0; Win64; x64) AppleWebKit/537.36 (KHTML, like Gecko) Chrome/148.0.0.0 Safari/537.36\"","service":"visual-whiteboard-api","timestamp":"2026-05-15 19:03:31"}
{"level":"info","message":"⚡ Socket connected: GLxLEtEj1HgY3Ah6AAAd (User: a@a.com)","service":"visual-whiteboard-api","timestamp":"2026-05-15 19:03:32"}
{"level":"info","message":"User a@a.com joined room whiteboard:6a06e877af1816f5fe51d5e5","service":"visual-whiteboard-api","timestamp":"2026-05-15 19:03:32"}
{"level":"info","message":"User a@a.com left room whiteboard:6a06e877af1816f5fe51d5e5","service":"visual-whiteboard-api","timestamp":"2026-05-15 19:05:14"}
{"level":"info","message":"⚡ Socket connected: tRPGYLB6Edtjq4LcAAAf (User: a@a.com)","service":"visual-whiteboard-api","timestamp":"2026-05-15 19:05:14"}
{"level":"info","message":"User a@a.com joined room whiteboard:6a06e877af1816f5fe51d5e5","service":"visual-whiteboard-api","timestamp":"2026-05-15 19:05:14"}
{"level":"info","message":"User a@a.com left room whiteboard:6a06e877af1816f5fe51d5e5","service":"visual-whiteboard-api","timestamp":"2026-05-15 19:05:36"}
{"level":"info","message":"⚡ Socket connected: Npp8y7fcuYoCu9GpAAAh (User: a@a.com)","service":"visual-whiteboard-api","timestamp":"2026-05-15 19:05:36"}
{"level":"info","message":"User a@a.com joined room whiteboard:6a06e877af1816f5fe51d5e5","service":"visual-whiteboard-api","timestamp":"2026-05-15 19:05:36"}
{"level":"info","message":"User a@a.com left room whiteboard:6a06e877af1816f5fe51d5e5","service":"visual-whiteboard-api","timestamp":"2026-05-15 19:06:33"}
{"level":"info","message":"⚡ Socket connected: I_aHxkuPwlMIsx6EAAAj (User: a@a.com)","service":"visual-whiteboard-api","timestamp":"2026-05-15 19:06:33"}
{"level":"info","message":"User a@a.com joined room whiteboard:6a06e877af1816f5fe51d5e5","service":"visual-whiteboard-api","timestamp":"2026-05-15 19:06:33"}
{"level":"info","message":"::1 - - [15/May/2026:13:36:52 +0000] \"PUT /api/v1/whiteboards/6a06e877af1816f5fe51d5e5/canvas HTTP/1.1\" 200 58 \"http://localhost:5173/\" \"Mozilla/5.0 (Windows NT 10.0; Win64; x64) AppleWebKit/537.36 (KHTML, like Gecko) Chrome/148.0.0.0 Safari/537.36\"","service":"visual-whiteboard-api","timestamp":"2026-05-15 19:06:52"}
{"level":"info","message":"::1 - - [15/May/2026:13:37:06 +0000] \"PUT /api/v1/whiteboards/6a06e877af1816f5fe51d5e5/canvas HTTP/1.1\" 200 58 \"http://localhost:5173/\" \"Mozilla/5.0 (Windows NT 10.0; Win64; x64) AppleWebKit/537.36 (KHTML, like Gecko) Chrome/148.0.0.0 Safari/537.36\"","service":"visual-whiteboard-api","timestamp":"2026-05-15 19:07:06"}
{"level":"info","message":"::1 - - [15/May/2026:13:37:12 +0000] \"PUT /api/v1/whiteboards/6a06e877af1816f5fe51d5e5/canvas HTTP/1.1\" 200 58 \"http://localhost:5173/\" \"Mozilla/5.0 (Windows NT 10.0; Win64; x64) AppleWebKit/537.36 (KHTML, like Gecko) Chrome/148.0.0.0 Safari/537.36\"","service":"visual-whiteboard-api","timestamp":"2026-05-15 19:07:12"}
{"level":"info","message":"::1 - - [15/May/2026:13:37:16 +0000] \"PUT /api/v1/whiteboards/6a06e877af1816f5fe51d5e5/canvas HTTP/1.1\" 200 58 \"http://localhost:5173/\" \"Mozilla/5.0 (Windows NT 10.0; Win64; x64) AppleWebKit/537.36 (KHTML, like Gecko) Chrome/148.0.0.0 Safari/537.36\"","service":"visual-whiteboard-api","timestamp":"2026-05-15 19:07:16"}
{"level":"error","message":"PayloadTooLargeError: request entity too large\n    at readStream (D:\\Dhanush\\javaScriptNode\\rove\\backend\\node_modules\\raw-body\\index.js:163:17)\n    at getRawBody (D:\\Dhanush\\javaScriptNode\\rove\\backend\\node_modules\\raw-body\\index.js:116:12)\n    at read (D:\\Dhanush\\javaScriptNode\\rove\\backend\\node_modules\\body-parser\\lib\\read.js:113:3)\n    at jsonParser (D:\\Dhanush\\javaScriptNode\\rove\\backend\\node_modules\\body-parser\\lib\\types\\json.js:88:5)\n    at Layer.handleRequest (D:\\Dhanush\\javaScriptNode\\rove\\backend\\node_modules\\router\\lib\\layer.js:152:17)\n    at trimPrefix (D:\\Dhanush\\javaScriptNode\\rove\\backend\\node_modules\\router\\index.js:342:13)\n    at D:\\Dhanush\\javaScriptNode\\rove\\backend\\node_modules\\router\\index.js:297:9\n    at processParams (D:\\Dhanush\\javaScriptNode\\rove\\backend\\node_modules\\router\\index.js:582:12)\n    at next (D:\\Dhanush\\javaScriptNode\\rove\\backend\\node_modules\\router\\index.js:291:5)\n    at D:\\Dhanush\\javaScriptNode\\rove\\backend\\node_modules\\express-rate-limit\\dist\\index.cjs:999:7","service":"visual-whiteboard-api","timestamp":"2026-05-15 19:07:23"}
{"level":"error","message":"PayloadTooLargeError: request entity too large\n    at readStream (D:\\Dhanush\\javaScriptNode\\rove\\backend\\node_modules\\raw-body\\index.js:163:17)\n    at getRawBody (D:\\Dhanush\\javaScriptNode\\rove\\backend\\node_modules\\raw-body\\index.js:116:12)\n    at read (D:\\Dhanush\\javaScriptNode\\rove\\backend\\node_modules\\body-parser\\lib\\read.js:113:3)\n    at jsonParser (D:\\Dhanush\\javaScriptNode\\rove\\backend\\node_modules\\body-parser\\lib\\types\\json.js:88:5)\n    at Layer.handleRequest (D:\\Dhanush\\javaScriptNode\\rove\\backend\\node_modules\\router\\lib\\layer.js:152:17)\n    at trimPrefix (D:\\Dhanush\\javaScriptNode\\rove\\backend\\node_modules\\router\\index.js:342:13)\n    at D:\\Dhanush\\javaScriptNode\\rove\\backend\\node_modules\\router\\index.js:297:9\n    at processParams (D:\\Dhanush\\javaScriptNode\\rove\\backend\\node_modules\\router\\index.js:582:12)\n    at next (D:\\Dhanush\\javaScriptNode\\rove\\backend\\node_modules\\router\\index.js:291:5)\n    at D:\\Dhanush\\javaScriptNode\\rove\\backend\\node_modules\\express-rate-limit\\dist\\index.cjs:999:7","service":"visual-whiteboard-api","timestamp":"2026-05-15 19:07:26"}
{"level":"error","message":"PayloadTooLargeError: request entity too large\n    at readStream (D:\\Dhanush\\javaScriptNode\\rove\\backend\\node_modules\\raw-body\\index.js:163:17)\n    at getRawBody (D:\\Dhanush\\javaScriptNode\\rove\\backend\\node_modules\\raw-body\\index.js:116:12)\n    at read (D:\\Dhanush\\javaScriptNode\\rove\\backend\\node_modules\\body-parser\\lib\\read.js:113:3)\n    at jsonParser (D:\\Dhanush\\javaScriptNode\\rove\\backend\\node_modules\\body-parser\\lib\\types\\json.js:88:5)\n    at Layer.handleRequest (D:\\Dhanush\\javaScriptNode\\rove\\backend\\node_modules\\router\\lib\\layer.js:152:17)\n    at trimPrefix (D:\\Dhanush\\javaScriptNode\\rove\\backend\\node_modules\\router\\index.js:342:13)\n    at D:\\Dhanush\\javaScriptNode\\rove\\backend\\node_modules\\router\\index.js:297:9\n    at processParams (D:\\Dhanush\\javaScriptNode\\rove\\backend\\node_modules\\router\\index.js:582:12)\n    at next (D:\\Dhanush\\javaScriptNode\\rove\\backend\\node_modules\\router\\index.js:291:5)\n    at D:\\Dhanush\\javaScriptNode\\rove\\backend\\node_modules\\express-rate-limit\\dist\\index.cjs:999:7","service":"visual-whiteboard-api","timestamp":"2026-05-15 19:07:29"}
{"level":"error","message":"PayloadTooLargeError: request entity too large\n    at readStream (D:\\Dhanush\\javaScriptNode\\rove\\backend\\node_modules\\raw-body\\index.js:163:17)\n    at getRawBody (D:\\Dhanush\\javaScriptNode\\rove\\backend\\node_modules\\raw-body\\index.js:116:12)\n    at read (D:\\Dhanush\\javaScriptNode\\rove\\backend\\node_modules\\body-parser\\lib\\read.js:113:3)\n    at jsonParser (D:\\Dhanush\\javaScriptNode\\rove\\backend\\node_modules\\body-parser\\lib\\types\\json.js:88:5)\n    at Layer.handleRequest (D:\\Dhanush\\javaScriptNode\\rove\\backend\\node_modules\\router\\lib\\layer.js:152:17)\n    at trimPrefix (D:\\Dhanush\\javaScriptNode\\rove\\backend\\node_modules\\router\\index.js:342:13)\n    at D:\\Dhanush\\javaScriptNode\\rove\\backend\\node_modules\\router\\index.js:297:9\n    at processParams (D:\\Dhanush\\javaScriptNode\\rove\\backend\\node_modules\\router\\index.js:582:12)\n    at next (D:\\Dhanush\\javaScriptNode\\rove\\backend\\node_modules\\router\\index.js:291:5)\n    at D:\\Dhanush\\javaScriptNode\\rove\\backend\\node_modules\\express-rate-limit\\dist\\index.cjs:999:7","service":"visual-whiteboard-api","timestamp":"2026-05-15 19:07:32"}
{"level":"error","message":"PayloadTooLargeError: request entity too large\n    at readStream (D:\\Dhanush\\javaScriptNode\\rove\\backend\\node_modules\\raw-body\\index.js:163:17)\n    at getRawBody (D:\\Dhanush\\javaScriptNode\\rove\\backend\\node_modules\\raw-body\\index.js:116:12)\n    at read (D:\\Dhanush\\javaScriptNode\\rove\\backend\\node_modules\\body-parser\\lib\\read.js:113:3)\n    at jsonParser (D:\\Dhanush\\javaScriptNode\\rove\\backend\\node_modules\\body-parser\\lib\\types\\json.js:88:5)\n    at Layer.handleRequest (D:\\Dhanush\\javaScriptNode\\rove\\backend\\node_modules\\router\\lib\\layer.js:152:17)\n    at trimPrefix (D:\\Dhanush\\javaScriptNode\\rove\\backend\\node_modules\\router\\index.js:342:13)\n    at D:\\Dhanush\\javaScriptNode\\rove\\backend\\node_modules\\router\\index.js:297:9\n    at processParams (D:\\Dhanush\\javaScriptNode\\rove\\backend\\node_modules\\router\\index.js:582:12)\n    at next (D:\\Dhanush\\javaScriptNode\\rove\\backend\\node_modules\\router\\index.js:291:5)\n    at D:\\Dhanush\\javaScriptNode\\rove\\backend\\node_modules\\express-rate-limit\\dist\\index.cjs:999:7","service":"visual-whiteboard-api","timestamp":"2026-05-15 19:07:36"}
{"level":"error","message":"PayloadTooLargeError: request entity too large\n    at readStream (D:\\Dhanush\\javaScriptNode\\rove\\backend\\node_modules\\raw-body\\index.js:163:17)\n    at getRawBody (D:\\Dhanush\\javaScriptNode\\rove\\backend\\node_modules\\raw-body\\index.js:116:12)\n    at read (D:\\Dhanush\\javaScriptNode\\rove\\backend\\node_modules\\body-parser\\lib\\read.js:113:3)\n    at jsonParser (D:\\Dhanush\\javaScriptNode\\rove\\backend\\node_modules\\body-parser\\lib\\types\\json.js:88:5)\n    at Layer.handleRequest (D:\\Dhanush\\javaScriptNode\\rove\\backend\\node_modules\\router\\lib\\layer.js:152:17)\n    at trimPrefix (D:\\Dhanush\\javaScriptNode\\rove\\backend\\node_modules\\router\\index.js:342:13)\n    at D:\\Dhanush\\javaScriptNode\\rove\\backend\\node_modules\\router\\index.js:297:9\n    at processParams (D:\\Dhanush\\javaScriptNode\\rove\\backend\\node_modules\\router\\index.js:582:12)\n    at next (D:\\Dhanush\\javaScriptNode\\rove\\backend\\node_modules\\router\\index.js:291:5)\n    at D:\\Dhanush\\javaScriptNode\\rove\\backend\\node_modules\\express-rate-limit\\dist\\index.cjs:999:7","service":"visual-whiteboard-api","timestamp":"2026-05-15 19:07:39"}
{"level":"error","message":"PayloadTooLargeError: request entity too large\n    at readStream (D:\\Dhanush\\javaScriptNode\\rove\\backend\\node_modules\\raw-body\\index.js:163:17)\n    at getRawBody (D:\\Dhanush\\javaScriptNode\\rove\\backend\\node_modules\\raw-body\\index.js:116:12)\n    at read (D:\\Dhanush\\javaScriptNode\\rove\\backend\\node_modules\\body-parser\\lib\\read.js:113:3)\n    at jsonParser (D:\\Dhanush\\javaScriptNode\\rove\\backend\\node_modules\\body-parser\\lib\\types\\json.js:88:5)\n    at Layer.handleRequest (D:\\Dhanush\\javaScriptNode\\rove\\backend\\node_modules\\router\\lib\\layer.js:152:17)\n    at trimPrefix (D:\\Dhanush\\javaScriptNode\\rove\\backend\\node_modules\\router\\index.js:342:13)\n    at D:\\Dhanush\\javaScriptNode\\rove\\backend\\node_modules\\router\\index.js:297:9\n    at processParams (D:\\Dhanush\\javaScriptNode\\rove\\backend\\node_modules\\router\\index.js:582:12)\n    at next (D:\\Dhanush\\javaScriptNode\\rove\\backend\\node_modules\\router\\index.js:291:5)\n    at D:\\Dhanush\\javaScriptNode\\rove\\backend\\node_modules\\express-rate-limit\\dist\\index.cjs:999:7","service":"visual-whiteboard-api","timestamp":"2026-05-15 19:07:43"}
{"level":"error","message":"PayloadTooLargeError: request entity too large\n    at readStream (D:\\Dhanush\\javaScriptNode\\rove\\backend\\node_modules\\raw-body\\index.js:163:17)\n    at getRawBody (D:\\Dhanush\\javaScriptNode\\rove\\backend\\node_modules\\raw-body\\index.js:116:12)\n    at read (D:\\Dhanush\\javaScriptNode\\rove\\backend\\node_modules\\body-parser\\lib\\read.js:113:3)\n    at jsonParser (D:\\Dhanush\\javaScriptNode\\rove\\backend\\node_modules\\body-parser\\lib\\types\\json.js:88:5)\n    at Layer.handleRequest (D:\\Dhanush\\javaScriptNode\\rove\\backend\\node_modules\\router\\lib\\layer.js:152:17)\n    at trimPrefix (D:\\Dhanush\\javaScriptNode\\rove\\backend\\node_modules\\router\\index.js:342:13)\n    at D:\\Dhanush\\javaScriptNode\\rove\\backend\\node_modules\\router\\index.js:297:9\n    at processParams (D:\\Dhanush\\javaScriptNode\\rove\\backend\\node_modules\\router\\index.js:582:12)\n    at next (D:\\Dhanush\\javaScriptNode\\rove\\backend\\node_modules\\router\\index.js:291:5)\n    at D:\\Dhanush\\javaScriptNode\\rove\\backend\\node_modules\\express-rate-limit\\dist\\index.cjs:999:7","service":"visual-whiteboard-api","timestamp":"2026-05-15 19:07:48"}
{"level":"error","message":"PayloadTooLargeError: request entity too large\n    at readStream (D:\\Dhanush\\javaScriptNode\\rove\\backend\\node_modules\\raw-body\\index.js:163:17)\n    at getRawBody (D:\\Dhanush\\javaScriptNode\\rove\\backend\\node_modules\\raw-body\\index.js:116:12)\n    at read (D:\\Dhanush\\javaScriptNode\\rove\\backend\\node_modules\\body-parser\\lib\\read.js:113:3)\n    at jsonParser (D:\\Dhanush\\javaScriptNode\\rove\\backend\\node_modules\\body-parser\\lib\\types\\json.js:88:5)\n    at Layer.handleRequest (D:\\Dhanush\\javaScriptNode\\rove\\backend\\node_modules\\router\\lib\\layer.js:152:17)\n    at trimPrefix (D:\\Dhanush\\javaScriptNode\\rove\\backend\\node_modules\\router\\index.js:342:13)\n    at D:\\Dhanush\\javaScriptNode\\rove\\backend\\node_modules\\router\\index.js:297:9\n    at processParams (D:\\Dhanush\\javaScriptNode\\rove\\backend\\node_modules\\router\\index.js:582:12)\n    at next (D:\\Dhanush\\javaScriptNode\\rove\\backend\\node_modules\\router\\index.js:291:5)\n    at D:\\Dhanush\\javaScriptNode\\rove\\backend\\node_modules\\express-rate-limit\\dist\\index.cjs:999:7","service":"visual-whiteboard-api","timestamp":"2026-05-15 19:07:53"}
{"level":"error","message":"PayloadTooLargeError: request entity too large\n    at readStream (D:\\Dhanush\\javaScriptNode\\rove\\backend\\node_modules\\raw-body\\index.js:163:17)\n    at getRawBody (D:\\Dhanush\\javaScriptNode\\rove\\backend\\node_modules\\raw-body\\index.js:116:12)\n    at read (D:\\Dhanush\\javaScriptNode\\rove\\backend\\node_modules\\body-parser\\lib\\read.js:113:3)\n    at jsonParser (D:\\Dhanush\\javaScriptNode\\rove\\backend\\node_modules\\body-parser\\lib\\types\\json.js:88:5)\n    at Layer.handleRequest (D:\\Dhanush\\javaScriptNode\\rove\\backend\\node_modules\\router\\lib\\layer.js:152:17)\n    at trimPrefix (D:\\Dhanush\\javaScriptNode\\rove\\backend\\node_modules\\router\\index.js:342:13)\n    at D:\\Dhanush\\javaScriptNode\\rove\\backend\\node_modules\\router\\index.js:297:9\n    at processParams (D:\\Dhanush\\javaScriptNode\\rove\\backend\\node_modules\\router\\index.js:582:12)\n    at next (D:\\Dhanush\\javaScriptNode\\rove\\backend\\node_modules\\router\\index.js:291:5)\n    at D:\\Dhanush\\javaScriptNode\\rove\\backend\\node_modules\\express-rate-limit\\dist\\index.cjs:999:7","service":"visual-whiteboard-api","timestamp":"2026-05-15 19:07:55"}
{"level":"error","message":"PayloadTooLargeError: request entity too large\n    at readStream (D:\\Dhanush\\javaScriptNode\\rove\\backend\\node_modules\\raw-body\\index.js:163:17)\n    at getRawBody (D:\\Dhanush\\javaScriptNode\\rove\\backend\\node_modules\\raw-body\\index.js:116:12)\n    at read (D:\\Dhanush\\javaScriptNode\\rove\\backend\\node_modules\\body-parser\\lib\\read.js:113:3)\n    at jsonParser (D:\\Dhanush\\javaScriptNode\\rove\\backend\\node_modules\\body-parser\\lib\\types\\json.js:88:5)\n    at Layer.handleRequest (D:\\Dhanush\\javaScriptNode\\rove\\backend\\node_modules\\router\\lib\\layer.js:152:17)\n    at trimPrefix (D:\\Dhanush\\javaScriptNode\\rove\\backend\\node_modules\\router\\index.js:342:13)\n    at D:\\Dhanush\\javaScriptNode\\rove\\backend\\node_modules\\router\\index.js:297:9\n    at processParams (D:\\Dhanush\\javaScriptNode\\rove\\backend\\node_modules\\router\\index.js:582:12)\n    at next (D:\\Dhanush\\javaScriptNode\\rove\\backend\\node_modules\\router\\index.js:291:5)\n    at D:\\Dhanush\\javaScriptNode\\rove\\backend\\node_modules\\express-rate-limit\\dist\\index.cjs:999:7","service":"visual-whiteboard-api","timestamp":"2026-05-15 19:08:00"}
{"level":"error","message":"PayloadTooLargeError: request entity too large\n    at readStream (D:\\Dhanush\\javaScriptNode\\rove\\backend\\node_modules\\raw-body\\index.js:163:17)\n    at getRawBody (D:\\Dhanush\\javaScriptNode\\rove\\backend\\node_modules\\raw-body\\index.js:116:12)\n    at read (D:\\Dhanush\\javaScriptNode\\rove\\backend\\node_modules\\body-parser\\lib\\read.js:113:3)\n    at jsonParser (D:\\Dhanush\\javaScriptNode\\rove\\backend\\node_modules\\body-parser\\lib\\types\\json.js:88:5)\n    at Layer.handleRequest (D:\\Dhanush\\javaScriptNode\\rove\\backend\\node_modules\\router\\lib\\layer.js:152:17)\n    at trimPrefix (D:\\Dhanush\\javaScriptNode\\rove\\backend\\node_modules\\router\\index.js:342:13)\n    at D:\\Dhanush\\javaScriptNode\\rove\\backend\\node_modules\\router\\index.js:297:9\n    at processParams (D:\\Dhanush\\javaScriptNode\\rove\\backend\\node_modules\\router\\index.js:582:12)\n    at next (D:\\Dhanush\\javaScriptNode\\rove\\backend\\node_modules\\router\\index.js:291:5)\n    at D:\\Dhanush\\javaScriptNode\\rove\\backend\\node_modules\\express-rate-limit\\dist\\index.cjs:999:7","service":"visual-whiteboard-api","timestamp":"2026-05-15 19:08:03"}
{"level":"error","message":"PayloadTooLargeError: request entity too large\n    at readStream (D:\\Dhanush\\javaScriptNode\\rove\\backend\\node_modules\\raw-body\\index.js:163:17)\n    at getRawBody (D:\\Dhanush\\javaScriptNode\\rove\\backend\\node_modules\\raw-body\\index.js:116:12)\n    at read (D:\\Dhanush\\javaScriptNode\\rove\\backend\\node_modules\\body-parser\\lib\\read.js:113:3)\n    at jsonParser (D:\\Dhanush\\javaScriptNode\\rove\\backend\\node_modules\\body-parser\\lib\\types\\json.js:88:5)\n    at Layer.handleRequest (D:\\Dhanush\\javaScriptNode\\rove\\backend\\node_modules\\router\\lib\\layer.js:152:17)\n    at trimPrefix (D:\\Dhanush\\javaScriptNode\\rove\\backend\\node_modules\\router\\index.js:342:13)\n    at D:\\Dhanush\\javaScriptNode\\rove\\backend\\node_modules\\router\\index.js:297:9\n    at processParams (D:\\Dhanush\\javaScriptNode\\rove\\backend\\node_modules\\router\\index.js:582:12)\n    at next (D:\\Dhanush\\javaScriptNode\\rove\\backend\\node_modules\\router\\index.js:291:5)\n    at D:\\Dhanush\\javaScriptNode\\rove\\backend\\node_modules\\express-rate-limit\\dist\\index.cjs:999:7","service":"visual-whiteboard-api","timestamp":"2026-05-15 19:08:11"}
{"level":"error","message":"PayloadTooLargeError: request entity too large\n    at readStream (D:\\Dhanush\\javaScriptNode\\rove\\backend\\node_modules\\raw-body\\index.js:163:17)\n    at getRawBody (D:\\Dhanush\\javaScriptNode\\rove\\backend\\node_modules\\raw-body\\index.js:116:12)\n    at read (D:\\Dhanush\\javaScriptNode\\rove\\backend\\node_modules\\body-parser\\lib\\read.js:113:3)\n    at jsonParser (D:\\Dhanush\\javaScriptNode\\rove\\backend\\node_modules\\body-parser\\lib\\types\\json.js:88:5)\n    at Layer.handleRequest (D:\\Dhanush\\javaScriptNode\\rove\\backend\\node_modules\\router\\lib\\layer.js:152:17)\n    at trimPrefix (D:\\Dhanush\\javaScriptNode\\rove\\backend\\node_modules\\router\\index.js:342:13)\n    at D:\\Dhanush\\javaScriptNode\\rove\\backend\\node_modules\\router\\index.js:297:9\n    at processParams (D:\\Dhanush\\javaScriptNode\\rove\\backend\\node_modules\\router\\index.js:582:12)\n    at next (D:\\Dhanush\\javaScriptNode\\rove\\backend\\node_modules\\router\\index.js:291:5)\n    at D:\\Dhanush\\javaScriptNode\\rove\\backend\\node_modules\\express-rate-limit\\dist\\index.cjs:999:7","service":"visual-whiteboard-api","timestamp":"2026-05-15 19:08:15"}
{"level":"error","message":"PayloadTooLargeError: request entity too large\n    at readStream (D:\\Dhanush\\javaScriptNode\\rove\\backend\\node_modules\\raw-body\\index.js:163:17)\n    at getRawBody (D:\\Dhanush\\javaScriptNode\\rove\\backend\\node_modules\\raw-body\\index.js:116:12)\n    at read (D:\\Dhanush\\javaScriptNode\\rove\\backend\\node_modules\\body-parser\\lib\\read.js:113:3)\n    at jsonParser (D:\\Dhanush\\javaScriptNode\\rove\\backend\\node_modules\\body-parser\\lib\\types\\json.js:88:5)\n    at Layer.handleRequest (D:\\Dhanush\\javaScriptNode\\rove\\backend\\node_modules\\router\\lib\\layer.js:152:17)\n    at trimPrefix (D:\\Dhanush\\javaScriptNode\\rove\\backend\\node_modules\\router\\index.js:342:13)\n    at D:\\Dhanush\\javaScriptNode\\rove\\backend\\node_modules\\router\\index.js:297:9\n    at processParams (D:\\Dhanush\\javaScriptNode\\rove\\backend\\node_modules\\router\\index.js:582:12)\n    at next (D:\\Dhanush\\javaScriptNode\\rove\\backend\\node_modules\\router\\index.js:291:5)\n    at D:\\Dhanush\\javaScriptNode\\rove\\backend\\node_modules\\express-rate-limit\\dist\\index.cjs:999:7","service":"visual-whiteboard-api","timestamp":"2026-05-15 19:08:20"}
{"level":"error","message":"PayloadTooLargeError: request entity too large\n    at readStream (D:\\Dhanush\\javaScriptNode\\rove\\backend\\node_modules\\raw-body\\index.js:163:17)\n    at getRawBody (D:\\Dhanush\\javaScriptNode\\rove\\backend\\node_modules\\raw-body\\index.js:116:12)\n    at read (D:\\Dhanush\\javaScriptNode\\rove\\backend\\node_modules\\body-parser\\lib\\read.js:113:3)\n    at jsonParser (D:\\Dhanush\\javaScriptNode\\rove\\backend\\node_modules\\body-parser\\lib\\types\\json.js:88:5)\n    at Layer.handleRequest (D:\\Dhanush\\javaScriptNode\\rove\\backend\\node_modules\\router\\lib\\layer.js:152:17)\n    at trimPrefix (D:\\Dhanush\\javaScriptNode\\rove\\backend\\node_modules\\router\\index.js:342:13)\n    at D:\\Dhanush\\javaScriptNode\\rove\\backend\\node_modules\\router\\index.js:297:9\n    at processParams (D:\\Dhanush\\javaScriptNode\\rove\\backend\\node_modules\\router\\index.js:582:12)\n    at next (D:\\Dhanush\\javaScriptNode\\rove\\backend\\node_modules\\router\\index.js:291:5)\n    at D:\\Dhanush\\javaScriptNode\\rove\\backend\\node_modules\\express-rate-limit\\dist\\index.cjs:999:7","service":"visual-whiteboard-api","timestamp":"2026-05-15 19:08:26"}
{"level":"error","message":"PayloadTooLargeError: request entity too large\n    at readStream (D:\\Dhanush\\javaScriptNode\\rove\\backend\\node_modules\\raw-body\\index.js:163:17)\n    at getRawBody (D:\\Dhanush\\javaScriptNode\\rove\\backend\\node_modules\\raw-body\\index.js:116:12)\n    at read (D:\\Dhanush\\javaScriptNode\\rove\\backend\\node_modules\\body-parser\\lib\\read.js:113:3)\n    at jsonParser (D:\\Dhanush\\javaScriptNode\\rove\\backend\\node_modules\\body-parser\\lib\\types\\json.js:88:5)\n    at Layer.handleRequest (D:\\Dhanush\\javaScriptNode\\rove\\backend\\node_modules\\router\\lib\\layer.js:152:17)\n    at trimPrefix (D:\\Dhanush\\javaScriptNode\\rove\\backend\\node_modules\\router\\index.js:342:13)\n    at D:\\Dhanush\\javaScriptNode\\rove\\backend\\node_modules\\router\\index.js:297:9\n    at processParams (D:\\Dhanush\\javaScriptNode\\rove\\backend\\node_modules\\router\\index.js:582:12)\n    at next (D:\\Dhanush\\javaScriptNode\\rove\\backend\\node_modules\\router\\index.js:291:5)\n    at D:\\Dhanush\\javaScriptNode\\rove\\backend\\node_modules\\express-rate-limit\\dist\\index.cjs:999:7","service":"visual-whiteboard-api","timestamp":"2026-05-15 19:08:31"}
{"level":"error","message":"PayloadTooLargeError: request entity too large\n    at readStream (D:\\Dhanush\\javaScriptNode\\rove\\backend\\node_modules\\raw-body\\index.js:163:17)\n    at getRawBody (D:\\Dhanush\\javaScriptNode\\rove\\backend\\node_modules\\raw-body\\index.js:116:12)\n    at read (D:\\Dhanush\\javaScriptNode\\rove\\backend\\node_modules\\body-parser\\lib\\read.js:113:3)\n    at jsonParser (D:\\Dhanush\\javaScriptNode\\rove\\backend\\node_modules\\body-parser\\lib\\types\\json.js:88:5)\n    at Layer.handleRequest (D:\\Dhanush\\javaScriptNode\\rove\\backend\\node_modules\\router\\lib\\layer.js:152:17)\n    at trimPrefix (D:\\Dhanush\\javaScriptNode\\rove\\backend\\node_modules\\router\\index.js:342:13)\n    at D:\\Dhanush\\javaScriptNode\\rove\\backend\\node_modules\\router\\index.js:297:9\n    at processParams (D:\\Dhanush\\javaScriptNode\\rove\\backend\\node_modules\\router\\index.js:582:12)\n    at next (D:\\Dhanush\\javaScriptNode\\rove\\backend\\node_modules\\router\\index.js:291:5)\n    at D:\\Dhanush\\javaScriptNode\\rove\\backend\\node_modules\\express-rate-limit\\dist\\index.cjs:999:7","service":"visual-whiteboard-api","timestamp":"2026-05-15 19:08:35"}
{"level":"error","message":"PayloadTooLargeError: request entity too large\n    at readStream (D:\\Dhanush\\javaScriptNode\\rove\\backend\\node_modules\\raw-body\\index.js:163:17)\n    at getRawBody (D:\\Dhanush\\javaScriptNode\\rove\\backend\\node_modules\\raw-body\\index.js:116:12)\n    at read (D:\\Dhanush\\javaScriptNode\\rove\\backend\\node_modules\\body-parser\\lib\\read.js:113:3)\n    at jsonParser (D:\\Dhanush\\javaScriptNode\\rove\\backend\\node_modules\\body-parser\\lib\\types\\json.js:88:5)\n    at Layer.handleRequest (D:\\Dhanush\\javaScriptNode\\rove\\backend\\node_modules\\router\\lib\\layer.js:152:17)\n    at trimPrefix (D:\\Dhanush\\javaScriptNode\\rove\\backend\\node_modules\\router\\index.js:342:13)\n    at D:\\Dhanush\\javaScriptNode\\rove\\backend\\node_modules\\router\\index.js:297:9\n    at processParams (D:\\Dhanush\\javaScriptNode\\rove\\backend\\node_modules\\router\\index.js:582:12)\n    at next (D:\\Dhanush\\javaScriptNode\\rove\\backend\\node_modules\\router\\index.js:291:5)\n    at D:\\Dhanush\\javaScriptNode\\rove\\backend\\node_modules\\express-rate-limit\\dist\\index.cjs:999:7","service":"visual-whiteboard-api","timestamp":"2026-05-15 19:08:39"}
{"level":"info","message":"Connected to MongoDB","service":"visual-whiteboard-api","timestamp":"2026-05-15 19:11:44"}
{"level":"info","message":"🚀 Connected to Redis","service":"visual-whiteboard-api","timestamp":"2026-05-15 19:11:44"}
{"level":"info","message":"Server running in development mode on port 5000","service":"visual-whiteboard-api","timestamp":"2026-05-15 19:11:44"}
{"level":"info","message":"🚀 Socket.io Redis Adapter configured","service":"visual-whiteboard-api","timestamp":"2026-05-15 19:11:44"}
{"level":"info","message":"⚡ Socket connected: Xe0nkftgUqOvLiQ2AAAB (User: a@a.com)","service":"visual-whiteboard-api","timestamp":"2026-05-15 19:11:44"}
{"level":"info","message":"User a@a.com joined room whiteboard:6a06e877af1816f5fe51d5e5","service":"visual-whiteboard-api","timestamp":"2026-05-15 19:11:44"}
{"level":"info","message":"::1 - - [15/May/2026:13:44:27 +0000] \"POST /api/v1/auth/register HTTP/1.1\" 201 405 \"http://localhost:5173/\" \"Mozilla/5.0 (Windows NT 10.0; Win64; x64) AppleWebKit/537.36 (KHTML, like Gecko) Chrome/148.0.0.0 Safari/537.36\"","service":"visual-whiteboard-api","timestamp":"2026-05-15 19:14:27"}
{"level":"info","message":"::1 - - [15/May/2026:13:44:27 +0000] \"GET /api/v1/whiteboards HTTP/1.1\" 200 42 \"http://localhost:5173/\" \"Mozilla/5.0 (Windows NT 10.0; Win64; x64) AppleWebKit/537.36 (KHTML, like Gecko) Chrome/148.0.0.0 Safari/537.36\"","service":"visual-whiteboard-api","timestamp":"2026-05-15 19:14:27"}
{"level":"info","message":"::1 - - [15/May/2026:13:44:27 +0000] \"GET /api/v1/whiteboards HTTP/1.1\" 304 - \"http://localhost:5173/\" \"Mozilla/5.0 (Windows NT 10.0; Win64; x64) AppleWebKit/537.36 (KHTML, like Gecko) Chrome/148.0.0.0 Safari/537.36\"","service":"visual-whiteboard-api","timestamp":"2026-05-15 19:14:27"}
{"level":"info","message":"::1 - - [15/May/2026:13:44:42 +0000] \"POST /api/v1/whiteboards HTTP/1.1\" 201 252 \"http://localhost:5173/\" \"Mozilla/5.0 (Windows NT 10.0; Win64; x64) AppleWebKit/537.36 (KHTML, like Gecko) Chrome/148.0.0.0 Safari/537.36\"","service":"visual-whiteboard-api","timestamp":"2026-05-15 19:14:42"}
{"level":"info","message":"::1 - - [15/May/2026:13:44:42 +0000] \"GET /api/v1/whiteboards/6a07234ae2fea6e779a638f4 HTTP/1.1\" 200 323 \"http://localhost:5173/\" \"Mozilla/5.0 (Windows NT 10.0; Win64; x64) AppleWebKit/537.36 (KHTML, like Gecko) Chrome/148.0.0.0 Safari/537.36\"","service":"visual-whiteboard-api","timestamp":"2026-05-15 19:14:42"}
{"level":"info","message":"⚡ Socket connected: iHzzr2IBoQIj_H3PAAAE (User: test@example.com)","service":"visual-whiteboard-api","timestamp":"2026-05-15 19:14:42"}
{"level":"info","message":"User test@example.com joined room whiteboard:6a07234ae2fea6e779a638f4","service":"visual-whiteboard-api","timestamp":"2026-05-15 19:14:42"}
{"level":"info","message":"::1 - - [15/May/2026:13:45:01 +0000] \"PUT /api/v1/whiteboards/6a07234ae2fea6e779a638f4/canvas HTTP/1.1\" 200 58 \"http://localhost:5173/\" \"Mozilla/5.0 (Windows NT 10.0; Win64; x64) AppleWebKit/537.36 (KHTML, like Gecko) Chrome/148.0.0.0 Safari/537.36\"","service":"visual-whiteboard-api","timestamp":"2026-05-15 19:15:01"}
{"level":"info","message":"::1 - - [15/May/2026:13:45:17 +0000] \"PUT /api/v1/whiteboards/6a07234ae2fea6e779a638f4/canvas HTTP/1.1\" 200 58 \"http://localhost:5173/\" \"Mozilla/5.0 (Windows NT 10.0; Win64; x64) AppleWebKit/537.36 (KHTML, like Gecko) Chrome/148.0.0.0 Safari/537.36\"","service":"visual-whiteboard-api","timestamp":"2026-05-15 19:15:17"}
{"level":"info","message":"::1 - - [15/May/2026:13:45:49 +0000] \"PUT /api/v1/whiteboards/6a07234ae2fea6e779a638f4/canvas HTTP/1.1\" 200 58 \"http://localhost:5173/\" \"Mozilla/5.0 (Windows NT 10.0; Win64; x64) AppleWebKit/537.36 (KHTML, like Gecko) Chrome/148.0.0.0 Safari/537.36\"","service":"visual-whiteboard-api","timestamp":"2026-05-15 19:15:49"}
{"level":"info","message":"::1 - - [15/May/2026:13:46:01 +0000] \"PUT /api/v1/whiteboards/6a07234ae2fea6e779a638f4/canvas HTTP/1.1\" 200 58 \"http://localhost:5173/\" \"Mozilla/5.0 (Windows NT 10.0; Win64; x64) AppleWebKit/537.36 (KHTML, like Gecko) Chrome/148.0.0.0 Safari/537.36\"","service":"visual-whiteboard-api","timestamp":"2026-05-15 19:16:01"}
{"level":"info","message":"::1 - - [15/May/2026:13:46:24 +0000] \"PUT /api/v1/whiteboards/6a07234ae2fea6e779a638f4/canvas HTTP/1.1\" 200 58 \"http://localhost:5173/\" \"Mozilla/5.0 (Windows NT 10.0; Win64; x64) AppleWebKit/537.36 (KHTML, like Gecko) Chrome/148.0.0.0 Safari/537.36\"","service":"visual-whiteboard-api","timestamp":"2026-05-15 19:16:24"}
{"level":"info","message":"::1 - - [15/May/2026:13:46:38 +0000] \"PUT /api/v1/whiteboards/6a07234ae2fea6e779a638f4/canvas HTTP/1.1\" 200 58 \"http://localhost:5173/\" \"Mozilla/5.0 (Windows NT 10.0; Win64; x64) AppleWebKit/537.36 (KHTML, like Gecko) Chrome/148.0.0.0 Safari/537.36\"","service":"visual-whiteboard-api","timestamp":"2026-05-15 19:16:38"}
{"level":"info","message":"User test@example.com left room whiteboard:6a07234ae2fea6e779a638f4","service":"visual-whiteboard-api","timestamp":"2026-05-15 19:20:33"}
{"level":"info","message":"::1 - - [15/May/2026:13:50:33 +0000] \"GET /api/v1/whiteboards HTTP/1.1\" 200 266 \"http://localhost:5173/\" \"Mozilla/5.0 (Windows NT 10.0; Win64; x64) AppleWebKit/537.36 (KHTML, like Gecko) Chrome/148.0.0.0 Safari/537.36\"","service":"visual-whiteboard-api","timestamp":"2026-05-15 19:20:33"}
{"level":"info","message":"::1 - - [15/May/2026:13:50:33 +0000] \"GET /api/v1/whiteboards HTTP/1.1\" 304 - \"http://localhost:5173/\" \"Mozilla/5.0 (Windows NT 10.0; Win64; x64) AppleWebKit/537.36 (KHTML, like Gecko) Chrome/148.0.0.0 Safari/537.36\"","service":"visual-whiteboard-api","timestamp":"2026-05-15 19:20:33"}
{"level":"info","message":"Graceful shutdown initiated...","service":"visual-whiteboard-api","timestamp":"2026-05-15 19:20:40"}
{"level":"info","message":"Connected to MongoDB","service":"visual-whiteboard-api","timestamp":"2026-05-15 19:20:43"}
{"level":"info","message":"🚀 Connected to Redis","service":"visual-whiteboard-api","timestamp":"2026-05-15 19:20:43"}
{"level":"info","message":"Server running in development mode on port 5000","service":"visual-whiteboard-api","timestamp":"2026-05-15 19:20:43"}
{"level":"info","message":"🚀 Socket.io Redis Adapter configured","service":"visual-whiteboard-api","timestamp":"2026-05-15 19:20:43"}
{"level":"error","message":"Authentication error: jwt expired","service":"visual-whiteboard-api","timestamp":"2026-05-15 19:20:47"}
{"level":"info","message":"::1 - - [15/May/2026:13:50:47 +0000] \"GET /api/v1/whiteboards/6a06e877af1816f5fe51d5e5 HTTP/1.1\" 401 81 \"http://localhost:5173/\" \"Mozilla/5.0 (Windows NT 10.0; Win64; x64) AppleWebKit/537.36 (KHTML, like Gecko) Chrome/148.0.0.0 Safari/537.36\"","service":"visual-whiteboard-api","timestamp":"2026-05-15 19:20:47"}
{"level":"error","message":"Authentication error: jwt expired","service":"visual-whiteboard-api","timestamp":"2026-05-15 19:20:47"}
{"level":"info","message":"::1 - - [15/May/2026:13:50:47 +0000] \"GET /api/v1/whiteboards/6a06e877af1816f5fe51d5e5 HTTP/1.1\" 401 81 \"http://localhost:5173/\" \"Mozilla/5.0 (Windows NT 10.0; Win64; x64) AppleWebKit/537.36 (KHTML, like Gecko) Chrome/148.0.0.0 Safari/537.36\"","service":"visual-whiteboard-api","timestamp":"2026-05-15 19:20:47"}
{"level":"error","message":"Authentication error: jwt expired","service":"visual-whiteboard-api","timestamp":"2026-05-15 19:20:47"}
{"level":"info","message":"::1 - - [15/May/2026:13:50:47 +0000] \"GET /api/v1/whiteboards HTTP/1.1\" 401 81 \"http://localhost:5173/\" \"Mozilla/5.0 (Windows NT 10.0; Win64; x64) AppleWebKit/537.36 (KHTML, like Gecko) Chrome/148.0.0.0 Safari/537.36\"","service":"visual-whiteboard-api","timestamp":"2026-05-15 19:20:47"}
{"level":"error","message":"Authentication error: jwt expired","service":"visual-whiteboard-api","timestamp":"2026-05-15 19:20:47"}
{"level":"info","message":"::1 - - [15/May/2026:13:50:47 +0000] \"GET /api/v1/whiteboards HTTP/1.1\" 401 81 \"http://localhost:5173/\" \"Mozilla/5.0 (Windows NT 10.0; Win64; x64) AppleWebKit/537.36 (KHTML, like Gecko) Chrome/148.0.0.0 Safari/537.36\"","service":"visual-whiteboard-api","timestamp":"2026-05-15 19:20:47"}
{"level":"info","message":"::1 - - [15/May/2026:13:51:34 +0000] \"POST /api/v1/auth/login HTTP/1.1\" 200 392 \"http://localhost:5173/\" \"Mozilla/5.0 (Windows NT 10.0; Win64; x64) AppleWebKit/537.36 (KHTML, like Gecko) Chrome/148.0.0.0 Safari/537.36\"","service":"visual-whiteboard-api","timestamp":"2026-05-15 19:21:34"}
{"level":"info","message":"::1 - - [15/May/2026:13:51:34 +0000] \"GET /api/v1/whiteboards HTTP/1.1\" 200 1150 \"http://localhost:5173/\" \"Mozilla/5.0 (Windows NT 10.0; Win64; x64) AppleWebKit/537.36 (KHTML, like Gecko) Chrome/148.0.0.0 Safari/537.36\"","service":"visual-whiteboard-api","timestamp":"2026-05-15 19:21:34"}
{"level":"info","message":"::1 - - [15/May/2026:13:51:34 +0000] \"GET /api/v1/whiteboards HTTP/1.1\" 304 - \"http://localhost:5173/\" \"Mozilla/5.0 (Windows NT 10.0; Win64; x64) AppleWebKit/537.36 (KHTML, like Gecko) Chrome/148.0.0.0 Safari/537.36\"","service":"visual-whiteboard-api","timestamp":"2026-05-15 19:21:34"}
{"level":"info","message":"::1 - - [15/May/2026:13:51:35 +0000] \"GET /api/v1/whiteboards/6a06e877af1816f5fe51d5e5 HTTP/1.1\" 200 10123 \"http://localhost:5173/\" \"Mozilla/5.0 (Windows NT 10.0; Win64; x64) AppleWebKit/537.36 (KHTML, like Gecko) Chrome/148.0.0.0 Safari/537.36\"","service":"visual-whiteboard-api","timestamp":"2026-05-15 19:21:35"}
{"level":"info","message":"⚡ Socket connected: XfX7cGCwLdvV6yV2AAAE (User: a@a.com)","service":"visual-whiteboard-api","timestamp":"2026-05-15 19:21:35"}
{"level":"info","message":"User a@a.com joined room whiteboard:6a06e877af1816f5fe51d5e5","service":"visual-whiteboard-api","timestamp":"2026-05-15 19:21:35"}
{"level":"info","message":"::1 - - [15/May/2026:13:52:09 +0000] \"PUT /api/v1/whiteboards/6a06e877af1816f5fe51d5e5/canvas HTTP/1.1\" 200 58 \"http://localhost:5173/\" \"Mozilla/5.0 (Windows NT 10.0; Win64; x64) AppleWebKit/537.36 (KHTML, like Gecko) Chrome/148.0.0.0 Safari/537.36\"","service":"visual-whiteboard-api","timestamp":"2026-05-15 19:22:09"}
{"level":"info","message":"::1 - - [15/May/2026:13:52:14 +0000] \"PUT /api/v1/whiteboards/6a06e877af1816f5fe51d5e5/canvas HTTP/1.1\" 200 58 \"http://localhost:5173/\" \"Mozilla/5.0 (Windows NT 10.0; Win64; x64) AppleWebKit/537.36 (KHTML, like Gecko) Chrome/148.0.0.0 Safari/537.36\"","service":"visual-whiteboard-api","timestamp":"2026-05-15 19:22:14"}
{"level":"info","message":"::1 - - [15/May/2026:13:52:18 +0000] \"PUT /api/v1/whiteboards/6a06e877af1816f5fe51d5e5/canvas HTTP/1.1\" 200 58 \"http://localhost:5173/\" \"Mozilla/5.0 (Windows NT 10.0; Win64; x64) AppleWebKit/537.36 (KHTML, like Gecko) Chrome/148.0.0.0 Safari/537.36\"","service":"visual-whiteboard-api","timestamp":"2026-05-15 19:22:18"}
{"level":"info","message":"::1 - - [15/May/2026:13:52:22 +0000] \"PUT /api/v1/whiteboards/6a06e877af1816f5fe51d5e5/canvas HTTP/1.1\" 200 58 \"http://localhost:5173/\" \"Mozilla/5.0 (Windows NT 10.0; Win64; x64) AppleWebKit/537.36 (KHTML, like Gecko) Chrome/148.0.0.0 Safari/537.36\"","service":"visual-whiteboard-api","timestamp":"2026-05-15 19:22:22"}
{"level":"info","message":"::1 - - [15/May/2026:13:52:26 +0000] \"PUT /api/v1/whiteboards/6a06e877af1816f5fe51d5e5/canvas HTTP/1.1\" 200 58 \"http://localhost:5173/\" \"Mozilla/5.0 (Windows NT 10.0; Win64; x64) AppleWebKit/537.36 (KHTML, like Gecko) Chrome/148.0.0.0 Safari/537.36\"","service":"visual-whiteboard-api","timestamp":"2026-05-15 19:22:26"}
{"level":"info","message":"::1 - - [15/May/2026:13:52:29 +0000] \"PUT /api/v1/whiteboards/6a06e877af1816f5fe51d5e5/canvas HTTP/1.1\" 200 58 \"http://localhost:5173/\" \"Mozilla/5.0 (Windows NT 10.0; Win64; x64) AppleWebKit/537.36 (KHTML, like Gecko) Chrome/148.0.0.0 Safari/537.36\"","service":"visual-whiteboard-api","timestamp":"2026-05-15 19:22:29"}
{"level":"info","message":"::1 - - [15/May/2026:13:52:36 +0000] \"PUT /api/v1/whiteboards/6a06e877af1816f5fe51d5e5/canvas HTTP/1.1\" 200 58 \"http://localhost:5173/\" \"Mozilla/5.0 (Windows NT 10.0; Win64; x64) AppleWebKit/537.36 (KHTML, like Gecko) Chrome/148.0.0.0 Safari/537.36\"","service":"visual-whiteboard-api","timestamp":"2026-05-15 19:22:36"}
{"level":"info","message":"::1 - - [15/May/2026:13:52:40 +0000] \"PUT /api/v1/whiteboards/6a06e877af1816f5fe51d5e5/canvas HTTP/1.1\" 200 58 \"http://localhost:5173/\" \"Mozilla/5.0 (Windows NT 10.0; Win64; x64) AppleWebKit/537.36 (KHTML, like Gecko) Chrome/148.0.0.0 Safari/537.36\"","service":"visual-whiteboard-api","timestamp":"2026-05-15 19:22:40"}
{"level":"info","message":"User a@a.com left room whiteboard:6a06e877af1816f5fe51d5e5","service":"visual-whiteboard-api","timestamp":"2026-05-15 19:40:29"}
{"level":"error","message":"Authentication error: jwt expired","service":"visual-whiteboard-api","timestamp":"2026-05-15 20:06:23"}
{"level":"info","message":"::1 - - [15/May/2026:14:36:23 +0000] \"GET /api/v1/whiteboards/6a06e877af1816f5fe51d5e5 HTTP/1.1\" 401 81 \"http://localhost:5173/\" \"Mozilla/5.0 (Windows NT 10.0; Win64; x64) AppleWebKit/537.36 (KHTML, like Gecko) Chrome/148.0.0.0 Safari/537.36\"","service":"visual-whiteboard-api","timestamp":"2026-05-15 20:06:23"}
{"level":"error","message":"Authentication error: jwt expired","service":"visual-whiteboard-api","timestamp":"2026-05-15 20:06:23"}
{"level":"info","message":"::1 - - [15/May/2026:14:36:23 +0000] \"GET /api/v1/whiteboards/6a06e877af1816f5fe51d5e5 HTTP/1.1\" 401 81 \"http://localhost:5173/\" \"Mozilla/5.0 (Windows NT 10.0; Win64; x64) AppleWebKit/537.36 (KHTML, like Gecko) Chrome/148.0.0.0 Safari/537.36\"","service":"visual-whiteboard-api","timestamp":"2026-05-15 20:06:23"}
{"level":"error","message":"Authentication error: jwt expired","service":"visual-whiteboard-api","timestamp":"2026-05-15 20:06:23"}
{"level":"info","message":"::1 - - [15/May/2026:14:36:23 +0000] \"GET /api/v1/whiteboards HTTP/1.1\" 401 81 \"http://localhost:5173/\" \"Mozilla/5.0 (Windows NT 10.0; Win64; x64) AppleWebKit/537.36 (KHTML, like Gecko) Chrome/148.0.0.0 Safari/537.36\"","service":"visual-whiteboard-api","timestamp":"2026-05-15 20:06:23"}
{"level":"error","message":"Authentication error: jwt expired","service":"visual-whiteboard-api","timestamp":"2026-05-15 20:06:23"}
{"level":"info","message":"::1 - - [15/May/2026:14:36:23 +0000] \"GET /api/v1/whiteboards HTTP/1.1\" 401 81 \"http://localhost:5173/\" \"Mozilla/5.0 (Windows NT 10.0; Win64; x64) AppleWebKit/537.36 (KHTML, like Gecko) Chrome/148.0.0.0 Safari/537.36\"","service":"visual-whiteboard-api","timestamp":"2026-05-15 20:06:23"}
{"level":"info","message":"::1 - - [15/May/2026:14:36:45 +0000] \"POST /api/v1/auth/login HTTP/1.1\" 200 392 \"http://localhost:5173/\" \"Mozilla/5.0 (Windows NT 10.0; Win64; x64) AppleWebKit/537.36 (KHTML, like Gecko) Chrome/148.0.0.0 Safari/537.36\"","service":"visual-whiteboard-api","timestamp":"2026-05-15 20:06:45"}
{"level":"info","message":"::1 - - [15/May/2026:14:36:45 +0000] \"GET /api/v1/whiteboards HTTP/1.1\" 200 1150 \"http://localhost:5173/\" \"Mozilla/5.0 (Windows NT 10.0; Win64; x64) AppleWebKit/537.36 (KHTML, like Gecko) Chrome/148.0.0.0 Safari/537.36\"","service":"visual-whiteboard-api","timestamp":"2026-05-15 20:06:45"}
{"level":"info","message":"::1 - - [15/May/2026:14:36:45 +0000] \"GET /api/v1/whiteboards HTTP/1.1\" 304 - \"http://localhost:5173/\" \"Mozilla/5.0 (Windows NT 10.0; Win64; x64) AppleWebKit/537.36 (KHTML, like Gecko) Chrome/148.0.0.0 Safari/537.36\"","service":"visual-whiteboard-api","timestamp":"2026-05-15 20:06:45"}
{"level":"info","message":"::1 - - [15/May/2026:14:36:46 +0000] \"GET /api/v1/whiteboards/6a06e877af1816f5fe51d5e5 HTTP/1.1\" 200 14127 \"http://localhost:5173/\" \"Mozilla/5.0 (Windows NT 10.0; Win64; x64) AppleWebKit/537.36 (KHTML, like Gecko) Chrome/148.0.0.0 Safari/537.36\"","service":"visual-whiteboard-api","timestamp":"2026-05-15 20:06:46"}
{"level":"info","message":"⚡ Socket connected: xewijUMaUu2vso7uAAAJ (User: a@a.com)","service":"visual-whiteboard-api","timestamp":"2026-05-15 20:06:46"}
{"level":"info","message":"User a@a.com joined room whiteboard:6a06e877af1816f5fe51d5e5","service":"visual-whiteboard-api","timestamp":"2026-05-15 20:06:46"}
{"level":"info","message":"::1 - - [15/May/2026:14:37:36 +0000] \"PUT /api/v1/whiteboards/6a06e877af1816f5fe51d5e5/canvas HTTP/1.1\" 200 58 \"http://localhost:5173/\" \"Mozilla/5.0 (Windows NT 10.0; Win64; x64) AppleWebKit/537.36 (KHTML, like Gecko) Chrome/148.0.0.0 Safari/537.36\"","service":"visual-whiteboard-api","timestamp":"2026-05-15 20:07:36"}
{"level":"info","message":"::1 - - [15/May/2026:14:37:48 +0000] \"PUT /api/v1/whiteboards/6a06e877af1816f5fe51d5e5/canvas HTTP/1.1\" 200 58 \"http://localhost:5173/\" \"Mozilla/5.0 (Windows NT 10.0; Win64; x64) AppleWebKit/537.36 (KHTML, like Gecko) Chrome/148.0.0.0 Safari/537.36\"","service":"visual-whiteboard-api","timestamp":"2026-05-15 20:07:48"}
{"level":"info","message":"::1 - - [15/May/2026:14:37:50 +0000] \"PUT /api/v1/whiteboards/6a06e877af1816f5fe51d5e5/canvas HTTP/1.1\" 200 58 \"http://localhost:5173/\" \"Mozilla/5.0 (Windows NT 10.0; Win64; x64) AppleWebKit/537.36 (KHTML, like Gecko) Chrome/148.0.0.0 Safari/537.36\"","service":"visual-whiteboard-api","timestamp":"2026-05-15 20:07:50"}
{"level":"info","message":"::1 - - [15/May/2026:14:37:52 +0000] \"PUT /api/v1/whiteboards/6a06e877af1816f5fe51d5e5/canvas HTTP/1.1\" 200 58 \"http://localhost:5173/\" \"Mozilla/5.0 (Windows NT 10.0; Win64; x64) AppleWebKit/537.36 (KHTML, like Gecko) Chrome/148.0.0.0 Safari/537.36\"","service":"visual-whiteboard-api","timestamp":"2026-05-15 20:07:52"}
{"level":"info","message":"::1 - - [15/May/2026:14:38:00 +0000] \"PUT /api/v1/whiteboards/6a06e877af1816f5fe51d5e5/canvas HTTP/1.1\" 200 58 \"http://localhost:5173/\" \"Mozilla/5.0 (Windows NT 10.0; Win64; x64) AppleWebKit/537.36 (KHTML, like Gecko) Chrome/148.0.0.0 Safari/537.36\"","service":"visual-whiteboard-api","timestamp":"2026-05-15 20:08:00"}
{"level":"info","message":"::1 - - [15/May/2026:14:38:03 +0000] \"PUT /api/v1/whiteboards/6a06e877af1816f5fe51d5e5/canvas HTTP/1.1\" 200 58 \"http://localhost:5173/\" \"Mozilla/5.0 (Windows NT 10.0; Win64; x64) AppleWebKit/537.36 (KHTML, like Gecko) Chrome/148.0.0.0 Safari/537.36\"","service":"visual-whiteboard-api","timestamp":"2026-05-15 20:08:03"}
{"level":"info","message":"::1 - - [15/May/2026:14:38:14 +0000] \"PUT /api/v1/whiteboards/6a06e877af1816f5fe51d5e5/canvas HTTP/1.1\" 200 58 \"http://localhost:5173/\" \"Mozilla/5.0 (Windows NT 10.0; Win64; x64) AppleWebKit/537.36 (KHTML, like Gecko) Chrome/148.0.0.0 Safari/537.36\"","service":"visual-whiteboard-api","timestamp":"2026-05-15 20:08:14"}
{"level":"info","message":"::1 - - [15/May/2026:14:38:18 +0000] \"PUT /api/v1/whiteboards/6a06e877af1816f5fe51d5e5/canvas HTTP/1.1\" 200 58 \"http://localhost:5173/\" \"Mozilla/5.0 (Windows NT 10.0; Win64; x64) AppleWebKit/537.36 (KHTML, like Gecko) Chrome/148.0.0.0 Safari/537.36\"","service":"visual-whiteboard-api","timestamp":"2026-05-15 20:08:18"}
{"level":"info","message":"::1 - - [15/May/2026:14:38:22 +0000] \"PUT /api/v1/whiteboards/6a06e877af1816f5fe51d5e5/canvas HTTP/1.1\" 200 58 \"http://localhost:5173/\" \"Mozilla/5.0 (Windows NT 10.0; Win64; x64) AppleWebKit/537.36 (KHTML, like Gecko) Chrome/148.0.0.0 Safari/537.36\"","service":"visual-whiteboard-api","timestamp":"2026-05-15 20:08:22"}
{"level":"info","message":"::1 - - [15/May/2026:14:38:28 +0000] \"PUT /api/v1/whiteboards/6a06e877af1816f5fe51d5e5/canvas HTTP/1.1\" 200 58 \"http://localhost:5173/\" \"Mozilla/5.0 (Windows NT 10.0; Win64; x64) AppleWebKit/537.36 (KHTML, like Gecko) Chrome/148.0.0.0 Safari/537.36\"","service":"visual-whiteboard-api","timestamp":"2026-05-15 20:08:28"}
{"level":"info","message":"::1 - - [15/May/2026:14:38:53 +0000] \"PUT /api/v1/whiteboards/6a06e877af1816f5fe51d5e5/canvas HTTP/1.1\" 200 58 \"http://localhost:5173/\" \"Mozilla/5.0 (Windows NT 10.0; Win64; x64) AppleWebKit/537.36 (KHTML, like Gecko) Chrome/148.0.0.0 Safari/537.36\"","service":"visual-whiteboard-api","timestamp":"2026-05-15 20:08:53"}
{"level":"info","message":"::1 - - [15/May/2026:14:38:56 +0000] \"PUT /api/v1/whiteboards/6a06e877af1816f5fe51d5e5/canvas HTTP/1.1\" 200 58 \"http://localhost:5173/\" \"Mozilla/5.0 (Windows NT 10.0; Win64; x64) AppleWebKit/537.36 (KHTML, like Gecko) Chrome/148.0.0.0 Safari/537.36\"","service":"visual-whiteboard-api","timestamp":"2026-05-15 20:08:56"}
{"level":"info","message":"::1 - - [15/May/2026:14:39:04 +0000] \"PUT /api/v1/whiteboards/6a06e877af1816f5fe51d5e5/canvas HTTP/1.1\" 200 58 \"http://localhost:5173/\" \"Mozilla/5.0 (Windows NT 10.0; Win64; x64) AppleWebKit/537.36 (KHTML, like Gecko) Chrome/148.0.0.0 Safari/537.36\"","service":"visual-whiteboard-api","timestamp":"2026-05-15 20:09:04"}
{"level":"info","message":"::1 - - [15/May/2026:14:39:09 +0000] \"PUT /api/v1/whiteboards/6a06e877af1816f5fe51d5e5/canvas HTTP/1.1\" 200 58 \"http://localhost:5173/\" \"Mozilla/5.0 (Windows NT 10.0; Win64; x64) AppleWebKit/537.36 (KHTML, like Gecko) Chrome/148.0.0.0 Safari/537.36\"","service":"visual-whiteboard-api","timestamp":"2026-05-15 20:09:09"}
{"level":"info","message":"User a@a.com left room whiteboard:6a06e877af1816f5fe51d5e5","service":"visual-whiteboard-api","timestamp":"2026-05-15 20:15:31"}
{"level":"info","message":"⚡ Socket connected: cgWX8xHuSKT18VuTAAAL (User: a@a.com)","service":"visual-whiteboard-api","timestamp":"2026-05-15 20:15:32"}
{"level":"info","message":"User a@a.com joined room whiteboard:6a06e877af1816f5fe51d5e5","service":"visual-whiteboard-api","timestamp":"2026-05-15 20:15:32"}
{"level":"info","message":"User a@a.com left room whiteboard:6a06e877af1816f5fe51d5e5","service":"visual-whiteboard-api","timestamp":"2026-05-15 20:15:32"}
{"level":"info","message":"::1 - - [15/May/2026:14:45:33 +0000] \"GET /api/v1/whiteboards/6a06e877af1816f5fe51d5e5 HTTP/1.1\" 200 10459 \"http://localhost:5173/\" \"Mozilla/5.0 (Windows NT 10.0; Win64; x64) AppleWebKit/537.36 (KHTML, like Gecko) Chrome/148.0.0.0 Safari/537.36\"","service":"visual-whiteboard-api","timestamp":"2026-05-15 20:15:33"}
{"level":"info","message":"::1 - - [15/May/2026:14:45:33 +0000] \"GET /api/v1/whiteboards/6a06e877af1816f5fe51d5e5 HTTP/1.1\" 304 - \"http://localhost:5173/\" \"Mozilla/5.0 (Windows NT 10.0; Win64; x64) AppleWebKit/537.36 (KHTML, like Gecko) Chrome/148.0.0.0 Safari/537.36\"","service":"visual-whiteboard-api","timestamp":"2026-05-15 20:15:33"}
{"level":"info","message":"⚡ Socket connected: ksv0m62B6d_4dcWSAAAO (User: a@a.com)","service":"visual-whiteboard-api","timestamp":"2026-05-15 20:15:33"}
{"level":"info","message":"User a@a.com joined room whiteboard:6a06e877af1816f5fe51d5e5","service":"visual-whiteboard-api","timestamp":"2026-05-15 20:15:33"}
{"level":"info","message":"User a@a.com left room whiteboard:6a06e877af1816f5fe51d5e5","service":"visual-whiteboard-api","timestamp":"2026-05-15 20:16:17"}
{"level":"info","message":"⚡ Socket connected: H_AYFRKNhfDgUs-kAAAQ (User: a@a.com)","service":"visual-whiteboard-api","timestamp":"2026-05-15 20:16:17"}
{"level":"info","message":"User a@a.com joined room whiteboard:6a06e877af1816f5fe51d5e5","service":"visual-whiteboard-api","timestamp":"2026-05-15 20:16:17"}
{"level":"info","message":"User a@a.com left room whiteboard:6a06e877af1816f5fe51d5e5","service":"visual-whiteboard-api","timestamp":"2026-05-15 20:28:04"}
{"level":"error","message":"Authentication error: jwt expired","service":"visual-whiteboard-api","timestamp":"2026-05-15 20:33:45"}
{"level":"info","message":"::1 - - [15/May/2026:15:03:45 +0000] \"GET /api/v1/whiteboards/6a06e877af1816f5fe51d5e5 HTTP/1.1\" 401 81 \"http://localhost:5173/\" \"Mozilla/5.0 (Windows NT 10.0; Win64; x64) AppleWebKit/537.36 (KHTML, like Gecko) Chrome/148.0.0.0 Safari/537.36\"","service":"visual-whiteboard-api","timestamp":"2026-05-15 20:33:45"}
{"level":"error","message":"Authentication error: jwt expired","service":"visual-whiteboard-api","timestamp":"2026-05-15 20:33:45"}
{"level":"info","message":"::1 - - [15/May/2026:15:03:45 +0000] \"GET /api/v1/whiteboards/6a06e877af1816f5fe51d5e5 HTTP/1.1\" 401 81 \"http://localhost:5173/\" \"Mozilla/5.0 (Windows NT 10.0; Win64; x64) AppleWebKit/537.36 (KHTML, like Gecko) Chrome/148.0.0.0 Safari/537.36\"","service":"visual-whiteboard-api","timestamp":"2026-05-15 20:33:45"}
{"level":"error","message":"Authentication error: jwt expired","service":"visual-whiteboard-api","timestamp":"2026-05-15 20:33:45"}
{"level":"info","message":"::1 - - [15/May/2026:15:03:45 +0000] \"GET /api/v1/whiteboards HTTP/1.1\" 401 81 \"http://localhost:5173/\" \"Mozilla/5.0 (Windows NT 10.0; Win64; x64) AppleWebKit/537.36 (KHTML, like Gecko) Chrome/148.0.0.0 Safari/537.36\"","service":"visual-whiteboard-api","timestamp":"2026-05-15 20:33:45"}
{"level":"error","message":"Authentication error: jwt expired","service":"visual-whiteboard-api","timestamp":"2026-05-15 20:33:45"}
{"level":"info","message":"::1 - - [15/May/2026:15:03:45 +0000] \"GET /api/v1/whiteboards HTTP/1.1\" 401 81 \"http://localhost:5173/\" \"Mozilla/5.0 (Windows NT 10.0; Win64; x64) AppleWebKit/537.36 (KHTML, like Gecko) Chrome/148.0.0.0 Safari/537.36\"","service":"visual-whiteboard-api","timestamp":"2026-05-15 20:33:45"}
{"level":"info","message":"::1 - - [15/May/2026:15:04:13 +0000] \"POST /api/v1/auth/login HTTP/1.1\" 200 392 \"http://localhost:5173/\" \"Mozilla/5.0 (Windows NT 10.0; Win64; x64) AppleWebKit/537.36 (KHTML, like Gecko) Chrome/148.0.0.0 Safari/537.36\"","service":"visual-whiteboard-api","timestamp":"2026-05-15 20:34:13"}
{"level":"info","message":"::1 - - [15/May/2026:15:04:13 +0000] \"GET /api/v1/whiteboards HTTP/1.1\" 200 1150 \"http://localhost:5173/\" \"Mozilla/5.0 (Windows NT 10.0; Win64; x64) AppleWebKit/537.36 (KHTML, like Gecko) Chrome/148.0.0.0 Safari/537.36\"","service":"visual-whiteboard-api","timestamp":"2026-05-15 20:34:13"}
{"level":"info","message":"::1 - - [15/May/2026:15:04:13 +0000] \"GET /api/v1/whiteboards HTTP/1.1\" 304 - \"http://localhost:5173/\" \"Mozilla/5.0 (Windows NT 10.0; Win64; x64) AppleWebKit/537.36 (KHTML, like Gecko) Chrome/148.0.0.0 Safari/537.36\"","service":"visual-whiteboard-api","timestamp":"2026-05-15 20:34:13"}
{"level":"info","message":"::1 - - [15/May/2026:15:04:23 +0000] \"GET /api/v1/whiteboards/6a06e877af1816f5fe51d5e5 HTTP/1.1\" 304 - \"http://localhost:5173/\" \"Mozilla/5.0 (Windows NT 10.0; Win64; x64) AppleWebKit/537.36 (KHTML, like Gecko) Chrome/148.0.0.0 Safari/537.36\"","service":"visual-whiteboard-api","timestamp":"2026-05-15 20:34:23"}
{"level":"info","message":"⚡ Socket connected: gxlBrA2pS3OxmSYbAAAV (User: a@a.com)","service":"visual-whiteboard-api","timestamp":"2026-05-15 20:34:23"}
{"level":"info","message":"User a@a.com joined room whiteboard:6a06e877af1816f5fe51d5e5","service":"visual-whiteboard-api","timestamp":"2026-05-15 20:34:23"}
{"level":"info","message":"::1 - - [15/May/2026:15:04:41 +0000] \"PUT /api/v1/whiteboards/6a06e877af1816f5fe51d5e5/canvas HTTP/1.1\" 200 58 \"http://localhost:5173/\" \"Mozilla/5.0 (Windows NT 10.0; Win64; x64) AppleWebKit/537.36 (KHTML, like Gecko) Chrome/148.0.0.0 Safari/537.36\"","service":"visual-whiteboard-api","timestamp":"2026-05-15 20:34:41"}
{"level":"info","message":"::1 - - [15/May/2026:15:04:43 +0000] \"PUT /api/v1/whiteboards/6a06e877af1816f5fe51d5e5/canvas HTTP/1.1\" 200 58 \"http://localhost:5173/\" \"Mozilla/5.0 (Windows NT 10.0; Win64; x64) AppleWebKit/537.36 (KHTML, like Gecko) Chrome/148.0.0.0 Safari/537.36\"","service":"visual-whiteboard-api","timestamp":"2026-05-15 20:34:43"}
{"level":"info","message":"::1 - - [15/May/2026:15:04:47 +0000] \"PUT /api/v1/whiteboards/6a06e877af1816f5fe51d5e5/canvas HTTP/1.1\" 200 58 \"http://localhost:5173/\" \"Mozilla/5.0 (Windows NT 10.0; Win64; x64) AppleWebKit/537.36 (KHTML, like Gecko) Chrome/148.0.0.0 Safari/537.36\"","service":"visual-whiteboard-api","timestamp":"2026-05-15 20:34:47"}
{"level":"info","message":"::1 - - [15/May/2026:15:04:52 +0000] \"PUT /api/v1/whiteboards/6a06e877af1816f5fe51d5e5/canvas HTTP/1.1\" 200 58 \"http://localhost:5173/\" \"Mozilla/5.0 (Windows NT 10.0; Win64; x64) AppleWebKit/537.36 (KHTML, like Gecko) Chrome/148.0.0.0 Safari/537.36\"","service":"visual-whiteboard-api","timestamp":"2026-05-15 20:34:52"}
{"level":"info","message":"::1 - - [15/May/2026:15:05:10 +0000] \"PUT /api/v1/whiteboards/6a06e877af1816f5fe51d5e5/canvas HTTP/1.1\" 200 58 \"http://localhost:5173/\" \"Mozilla/5.0 (Windows NT 10.0; Win64; x64) AppleWebKit/537.36 (KHTML, like Gecko) Chrome/148.0.0.0 Safari/537.36\"","service":"visual-whiteboard-api","timestamp":"2026-05-15 20:35:10"}
{"level":"info","message":"::1 - - [15/May/2026:15:05:19 +0000] \"PUT /api/v1/whiteboards/6a06e877af1816f5fe51d5e5/canvas HTTP/1.1\" 200 58 \"http://localhost:5173/\" \"Mozilla/5.0 (Windows NT 10.0; Win64; x64) AppleWebKit/537.36 (KHTML, like Gecko) Chrome/148.0.0.0 Safari/537.36\"","service":"visual-whiteboard-api","timestamp":"2026-05-15 20:35:19"}
{"level":"info","message":"::1 - - [15/May/2026:15:05:24 +0000] \"PUT /api/v1/whiteboards/6a06e877af1816f5fe51d5e5/canvas HTTP/1.1\" 200 58 \"http://localhost:5173/\" \"Mozilla/5.0 (Windows NT 10.0; Win64; x64) AppleWebKit/537.36 (KHTML, like Gecko) Chrome/148.0.0.0 Safari/537.36\"","service":"visual-whiteboard-api","timestamp":"2026-05-15 20:35:24"}
{"level":"info","message":"::1 - - [15/May/2026:15:05:36 +0000] \"PUT /api/v1/whiteboards/6a06e877af1816f5fe51d5e5/canvas HTTP/1.1\" 200 58 \"http://localhost:5173/\" \"Mozilla/5.0 (Windows NT 10.0; Win64; x64) AppleWebKit/537.36 (KHTML, like Gecko) Chrome/148.0.0.0 Safari/537.36\"","service":"visual-whiteboard-api","timestamp":"2026-05-15 20:35:36"}
{"level":"info","message":"::1 - - [15/May/2026:15:05:46 +0000] \"PUT /api/v1/whiteboards/6a06e877af1816f5fe51d5e5/canvas HTTP/1.1\" 200 58 \"http://localhost:5173/\" \"Mozilla/5.0 (Windows NT 10.0; Win64; x64) AppleWebKit/537.36 (KHTML, like Gecko) Chrome/148.0.0.0 Safari/537.36\"","service":"visual-whiteboard-api","timestamp":"2026-05-15 20:35:46"}
{"level":"info","message":"::1 - - [15/May/2026:15:06:18 +0000] \"PUT /api/v1/whiteboards/6a06e877af1816f5fe51d5e5/canvas HTTP/1.1\" 200 58 \"http://localhost:5173/\" \"Mozilla/5.0 (Windows NT 10.0; Win64; x64) AppleWebKit/537.36 (KHTML, like Gecko) Chrome/148.0.0.0 Safari/537.36\"","service":"visual-whiteboard-api","timestamp":"2026-05-15 20:36:18"}
{"level":"info","message":"::1 - - [15/May/2026:15:06:23 +0000] \"PUT /api/v1/whiteboards/6a06e877af1816f5fe51d5e5/canvas HTTP/1.1\" 200 58 \"http://localhost:5173/\" \"Mozilla/5.0 (Windows NT 10.0; Win64; x64) AppleWebKit/537.36 (KHTML, like Gecko) Chrome/148.0.0.0 Safari/537.36\"","service":"visual-whiteboard-api","timestamp":"2026-05-15 20:36:23"}
{"level":"info","message":"::1 - - [15/May/2026:15:06:31 +0000] \"PUT /api/v1/whiteboards/6a06e877af1816f5fe51d5e5/canvas HTTP/1.1\" 200 58 \"http://localhost:5173/\" \"Mozilla/5.0 (Windows NT 10.0; Win64; x64) AppleWebKit/537.36 (KHTML, like Gecko) Chrome/148.0.0.0 Safari/537.36\"","service":"visual-whiteboard-api","timestamp":"2026-05-15 20:36:31"}
{"level":"info","message":"User a@a.com left room whiteboard:6a06e877af1816f5fe51d5e5","service":"visual-whiteboard-api","timestamp":"2026-05-15 20:37:34"}
{"level":"info","message":"Graceful shutdown initiated...","service":"visual-whiteboard-api","timestamp":"2026-05-15 20:37:49"}
{"level":"info","message":"Connected to MongoDB","service":"visual-whiteboard-api","timestamp":"2026-05-17 02:04:42"}
{"code":"ECONNREFUSED","level":"error","message":"Redis Client Error","service":"visual-whiteboard-api","stack":"AggregateError [ECONNREFUSED]: \n    at internalConnectMultiple (node:net:1142:49)\n    at afterConnectMultiple (node:net:1723:7)","timestamp":"2026-05-17 02:04:42"}
{"code":"ECONNREFUSED","level":"error","message":"Redis Client Error","service":"visual-whiteboard-api","stack":"AggregateError [ECONNREFUSED]: \n    at internalConnectMultiple (node:net:1142:49)\n    at afterConnectMultiple (node:net:1723:7)","timestamp":"2026-05-17 02:04:42"}
{"code":"ECONNREFUSED","level":"error","message":"Redis Client Error","service":"visual-whiteboard-api","stack":"AggregateError [ECONNREFUSED]: \n    at internalConnectMultiple (node:net:1142:49)\n    at afterConnectMultiple (node:net:1723:7)","timestamp":"2026-05-17 02:04:42"}
{"code":"ECONNREFUSED","level":"error","message":"Redis Client Error","service":"visual-whiteboard-api","stack":"AggregateError [ECONNREFUSED]: \n    at internalConnectMultiple (node:net:1142:49)\n    at afterConnectMultiple (node:net:1723:7)","timestamp":"2026-05-17 02:04:43"}
{"code":"ECONNREFUSED","level":"error","message":"Redis Client Error","service":"visual-whiteboard-api","stack":"AggregateError [ECONNREFUSED]: \n    at internalConnectMultiple (node:net:1142:49)\n    at afterConnectMultiple (node:net:1723:7)","timestamp":"2026-05-17 02:04:43"}
{"code":"ECONNREFUSED","level":"error","message":"Redis Client Error","service":"visual-whiteboard-api","stack":"AggregateError [ECONNREFUSED]: \n    at internalConnectMultiple (node:net:1142:49)\n    at afterConnectMultiple (node:net:1723:7)","timestamp":"2026-05-17 02:04:44"}
{"code":"ECONNREFUSED","level":"error","message":"Redis Client Error","service":"visual-whiteboard-api","stack":"AggregateError [ECONNREFUSED]: \n    at internalConnectMultiple (node:net:1142:49)\n    at afterConnectMultiple (node:net:1723:7)","timestamp":"2026-05-17 02:04:46"}
{"code":"ECONNREFUSED","level":"error","message":"Redis Client Error","service":"visual-whiteboard-api","stack":"AggregateError [ECONNREFUSED]: \n    at internalConnectMultiple (node:net:1142:49)\n    at afterConnectMultiple (node:net:1723:7)","timestamp":"2026-05-17 02:04:48"}
{"code":"ECONNREFUSED","level":"error","message":"Redis Client Error","service":"visual-whiteboard-api","stack":"AggregateError [ECONNREFUSED]: \n    at internalConnectMultiple (node:net:1142:49)\n    at afterConnectMultiple (node:net:1723:7)","timestamp":"2026-05-17 02:04:50"}
{"code":"ECONNREFUSED","level":"error","message":"Redis Client Error","service":"visual-whiteboard-api","stack":"AggregateError [ECONNREFUSED]: \n    at internalConnectMultiple (node:net:1142:49)\n    at afterConnectMultiple (node:net:1723:7)","timestamp":"2026-05-17 02:04:52"}
{"code":"ECONNREFUSED","level":"error","message":"Redis Client Error","service":"visual-whiteboard-api","stack":"AggregateError [ECONNREFUSED]: \n    at internalConnectMultiple (node:net:1142:49)\n    at afterConnectMultiple (node:net:1723:7)","timestamp":"2026-05-17 02:04:54"}
{"code":"ECONNREFUSED","level":"error","message":"Redis Client Error","service":"visual-whiteboard-api","stack":"AggregateError [ECONNREFUSED]: \n    at internalConnectMultiple (node:net:1142:49)\n    at afterConnectMultiple (node:net:1723:7)","timestamp":"2026-05-17 02:04:56"}
{"level":"info","message":"🚀 Connected to Redis","service":"visual-whiteboard-api","timestamp":"2026-05-17 02:04:58"}
{"level":"info","message":"Server running in development mode on port 5000","service":"visual-whiteboard-api","timestamp":"2026-05-17 02:04:58"}
{"level":"info","message":"🚀 Socket.io Redis Adapter configured","service":"visual-whiteboard-api","timestamp":"2026-05-17 02:04:58"}
{"level":"info","message":"::1 - - [16/May/2026:20:35:45 +0000] \"POST /api/v1/auth/login HTTP/1.1\" 200 392 \"http://localhost:5173/\" \"Mozilla/5.0 (Windows NT 10.0; Win64; x64) AppleWebKit/537.36 (KHTML, like Gecko) Chrome/148.0.0.0 Safari/537.36\"","service":"visual-whiteboard-api","timestamp":"2026-05-17 02:05:45"}
{"level":"info","message":"::1 - - [16/May/2026:20:35:45 +0000] \"GET /api/v1/whiteboards HTTP/1.1\" 200 1150 \"http://localhost:5173/\" \"Mozilla/5.0 (Windows NT 10.0; Win64; x64) AppleWebKit/537.36 (KHTML, like Gecko) Chrome/148.0.0.0 Safari/537.36\"","service":"visual-whiteboard-api","timestamp":"2026-05-17 02:05:45"}
{"level":"info","message":"::1 - - [16/May/2026:20:35:45 +0000] \"GET /api/v1/whiteboards HTTP/1.1\" 304 - \"http://localhost:5173/\" \"Mozilla/5.0 (Windows NT 10.0; Win64; x64) AppleWebKit/537.36 (KHTML, like Gecko) Chrome/148.0.0.0 Safari/537.36\"","service":"visual-whiteboard-api","timestamp":"2026-05-17 02:05:45"}
{"level":"info","message":"::1 - - [16/May/2026:20:35:46 +0000] \"GET /api/v1/whiteboards/6a06e877af1816f5fe51d5e5 HTTP/1.1\" 200 13335 \"http://localhost:5173/\" \"Mozilla/5.0 (Windows NT 10.0; Win64; x64) AppleWebKit/537.36 (KHTML, like Gecko) Chrome/148.0.0.0 Safari/537.36\"","service":"visual-whiteboard-api","timestamp":"2026-05-17 02:05:46"}
{"level":"info","message":"⚡ Socket connected: GONve2hJFnYpUijhAAAC (User: a@a.com)","service":"visual-whiteboard-api","timestamp":"2026-05-17 02:05:46"}
{"level":"info","message":"User a@a.com joined room whiteboard:6a06e877af1816f5fe51d5e5","service":"visual-whiteboard-api","timestamp":"2026-05-17 02:05:46"}
{"level":"info","message":"::1 - - [16/May/2026:20:36:04 +0000] \"PUT /api/v1/whiteboards/6a06e877af1816f5fe51d5e5/canvas HTTP/1.1\" 200 58 \"http://localhost:5173/\" \"Mozilla/5.0 (Windows NT 10.0; Win64; x64) AppleWebKit/537.36 (KHTML, like Gecko) Chrome/148.0.0.0 Safari/537.36\"","service":"visual-whiteboard-api","timestamp":"2026-05-17 02:06:04"}
{"level":"info","message":"::1 - - [16/May/2026:20:37:17 +0000] \"PUT /api/v1/whiteboards/6a06e877af1816f5fe51d5e5/canvas HTTP/1.1\" 200 58 \"http://localhost:5173/\" \"Mozilla/5.0 (Windows NT 10.0; Win64; x64) AppleWebKit/537.36 (KHTML, like Gecko) Chrome/148.0.0.0 Safari/537.36\"","service":"visual-whiteboard-api","timestamp":"2026-05-17 02:07:17"}
{"level":"info","message":"User a@a.com left room whiteboard:6a06e877af1816f5fe51d5e5","service":"visual-whiteboard-api","timestamp":"2026-05-17 02:07:18"}
{"level":"info","message":"::1 - - [16/May/2026:20:37:18 +0000] \"GET /api/v1/whiteboards HTTP/1.1\" 200 1150 \"http://localhost:5173/\" \"Mozilla/5.0 (Windows NT 10.0; Win64; x64) AppleWebKit/537.36 (KHTML, like Gecko) Chrome/148.0.0.0 Safari/537.36\"","service":"visual-whiteboard-api","timestamp":"2026-05-17 02:07:18"}
{"level":"info","message":"::1 - - [16/May/2026:20:37:18 +0000] \"GET /api/v1/whiteboards HTTP/1.1\" 304 - \"http://localhost:5173/\" \"Mozilla/5.0 (Windows NT 10.0; Win64; x64) AppleWebKit/537.36 (KHTML, like Gecko) Chrome/148.0.0.0 Safari/537.36\"","service":"visual-whiteboard-api","timestamp":"2026-05-17 02:07:18"}
{"level":"info","message":"::1 - - [16/May/2026:20:37:19 +0000] \"GET /api/v1/whiteboards/6a06e877af1816f5fe51d5e5 HTTP/1.1\" 200 62256 \"http://localhost:5173/\" \"Mozilla/5.0 (Windows NT 10.0; Win64; x64) AppleWebKit/537.36 (KHTML, like Gecko) Chrome/148.0.0.0 Safari/537.36\"","service":"visual-whiteboard-api","timestamp":"2026-05-17 02:07:19"}
{"level":"info","message":"⚡ Socket connected: _DXRxFPLarSNUEuWAAAF (User: a@a.com)","service":"visual-whiteboard-api","timestamp":"2026-05-17 02:07:19"}
{"level":"info","message":"User a@a.com joined room whiteboard:6a06e877af1816f5fe51d5e5","service":"visual-whiteboard-api","timestamp":"2026-05-17 02:07:19"}
{"level":"info","message":"::1 - - [16/May/2026:20:37:30 +0000] \"PUT /api/v1/whiteboards/6a06e877af1816f5fe51d5e5/canvas HTTP/1.1\" 200 58 \"http://localhost:5173/\" \"Mozilla/5.0 (Windows NT 10.0; Win64; x64) AppleWebKit/537.36 (KHTML, like Gecko) Chrome/148.0.0.0 Safari/537.36\"","service":"visual-whiteboard-api","timestamp":"2026-05-17 02:07:30"}
{"level":"info","message":"Connected to MongoDB","service":"visual-whiteboard-api","timestamp":"2026-05-17 02:21:26"}
{"level":"info","message":"🚀 Connected to Redis","service":"visual-whiteboard-api","timestamp":"2026-05-17 02:21:26"}
{"level":"info","message":"Server running in development mode on port 5000","service":"visual-whiteboard-api","timestamp":"2026-05-17 02:21:26"}
{"level":"info","message":"🚀 Socket.io Redis Adapter configured","service":"visual-whiteboard-api","timestamp":"2026-05-17 02:21:26"}
{"level":"info","message":"Connected to MongoDB","service":"visual-whiteboard-api","timestamp":"2026-05-17 02:21:54"}
{"level":"info","message":"🚀 Connected to Redis","service":"visual-whiteboard-api","timestamp":"2026-05-17 02:21:54"}
{"level":"info","message":"Server running in development mode on port 5000","service":"visual-whiteboard-api","timestamp":"2026-05-17 02:21:54"}
{"level":"info","message":"🚀 Socket.io Redis Adapter configured","service":"visual-whiteboard-api","timestamp":"2026-05-17 02:21:54"}
{"level":"info","message":"Connected to MongoDB","service":"visual-whiteboard-api","timestamp":"2026-05-17 02:21:56"}
{"level":"info","message":"🚀 Connected to Redis","service":"visual-whiteboard-api","timestamp":"2026-05-17 02:21:56"}
{"level":"info","message":"Server running in development mode on port 5000","service":"visual-whiteboard-api","timestamp":"2026-05-17 02:21:56"}
{"level":"info","message":"🚀 Socket.io Redis Adapter configured","service":"visual-whiteboard-api","timestamp":"2026-05-17 02:21:56"}
{"level":"info","message":"Connected to MongoDB","service":"visual-whiteboard-api","timestamp":"2026-05-17 02:22:07"}
{"level":"info","message":"🚀 Connected to Redis","service":"visual-whiteboard-api","timestamp":"2026-05-17 02:22:07"}
{"level":"info","message":"Server running in development mode on port 5000","service":"visual-whiteboard-api","timestamp":"2026-05-17 02:22:07"}
{"level":"info","message":"🚀 Socket.io Redis Adapter configured","service":"visual-whiteboard-api","timestamp":"2026-05-17 02:22:07"}
{"level":"info","message":"Connected to MongoDB","service":"visual-whiteboard-api","timestamp":"2026-05-17 02:22:14"}
{"level":"info","message":"🚀 Connected to Redis","service":"visual-whiteboard-api","timestamp":"2026-05-17 02:22:14"}
{"level":"info","message":"Server running in development mode on port 5000","service":"visual-whiteboard-api","timestamp":"2026-05-17 02:22:14"}
{"level":"info","message":"🚀 Socket.io Redis Adapter configured","service":"visual-whiteboard-api","timestamp":"2026-05-17 02:22:14"}
{"level":"info","message":"Connected to MongoDB","service":"visual-whiteboard-api","timestamp":"2026-05-17 02:22:54"}
{"level":"info","message":"🚀 Connected to Redis","service":"visual-whiteboard-api","timestamp":"2026-05-17 02:22:54"}
{"level":"info","message":"Server running in development mode on port 5000","service":"visual-whiteboard-api","timestamp":"2026-05-17 02:22:54"}
{"level":"info","message":"🚀 Socket.io Redis Adapter configured","service":"visual-whiteboard-api","timestamp":"2026-05-17 02:22:54"}
{"level":"info","message":"Graceful shutdown initiated...","service":"visual-whiteboard-api","timestamp":"2026-05-17 02:27:22"}
{"level":"info","message":"Connected to MongoDB","service":"visual-whiteboard-api","timestamp":"2026-05-17 02:27:25"}
{"level":"info","message":"🚀 Connected to Redis","service":"visual-whiteboard-api","timestamp":"2026-05-17 02:27:25"}
{"level":"info","message":"Server running in development mode on port 5000","service":"visual-whiteboard-api","timestamp":"2026-05-17 02:27:25"}
{"level":"info","message":"🚀 Socket.io Redis Adapter configured","service":"visual-whiteboard-api","timestamp":"2026-05-17 02:27:25"}
{"level":"error","message":"Authentication error: jwt expired","service":"visual-whiteboard-api","timestamp":"2026-05-17 02:27:28"}
{"level":"info","message":"::1 - - [16/May/2026:20:57:28 +0000] \"GET /api/v1/whiteboards/6a06e877af1816f5fe51d5e5 HTTP/1.1\" 401 81 \"http://localhost:5173/\" \"Mozilla/5.0 (Windows NT 10.0; Win64; x64) AppleWebKit/537.36 (KHTML, like Gecko) Chrome/148.0.0.0 Safari/537.36\"","service":"visual-whiteboard-api","timestamp":"2026-05-17 02:27:28"}
{"level":"error","message":"Authentication error: jwt expired","service":"visual-whiteboard-api","timestamp":"2026-05-17 02:27:28"}
{"level":"info","message":"::1 - - [16/May/2026:20:57:28 +0000] \"GET /api/v1/whiteboards/6a06e877af1816f5fe51d5e5 HTTP/1.1\" 401 81 \"http://localhost:5173/\" \"Mozilla/5.0 (Windows NT 10.0; Win64; x64) AppleWebKit/537.36 (KHTML, like Gecko) Chrome/148.0.0.0 Safari/537.36\"","service":"visual-whiteboard-api","timestamp":"2026-05-17 02:27:28"}
{"level":"error","message":"Authentication error: jwt expired","service":"visual-whiteboard-api","timestamp":"2026-05-17 02:27:28"}
{"level":"info","message":"::1 - - [16/May/2026:20:57:28 +0000] \"GET /api/v1/whiteboards HTTP/1.1\" 401 81 \"http://localhost:5173/\" \"Mozilla/5.0 (Windows NT 10.0; Win64; x64) AppleWebKit/537.36 (KHTML, like Gecko) Chrome/148.0.0.0 Safari/537.36\"","service":"visual-whiteboard-api","timestamp":"2026-05-17 02:27:28"}
{"level":"error","message":"Authentication error: jwt expired","service":"visual-whiteboard-api","timestamp":"2026-05-17 02:27:28"}
{"level":"info","message":"::1 - - [16/May/2026:20:57:28 +0000] \"GET /api/v1/whiteboards HTTP/1.1\" 401 81 \"http://localhost:5173/\" \"Mozilla/5.0 (Windows NT 10.0; Win64; x64) AppleWebKit/537.36 (KHTML, like Gecko) Chrome/148.0.0.0 Safari/537.36\"","service":"visual-whiteboard-api","timestamp":"2026-05-17 02:27:28"}
{"level":"info","message":"::1 - - [16/May/2026:20:57:42 +0000] \"POST /api/v1/auth/login HTTP/1.1\" 200 392 \"http://localhost:5173/\" \"Mozilla/5.0 (Windows NT 10.0; Win64; x64) AppleWebKit/537.36 (KHTML, like Gecko) Chrome/148.0.0.0 Safari/537.36\"","service":"visual-whiteboard-api","timestamp":"2026-05-17 02:27:42"}
{"level":"info","message":"::1 - - [16/May/2026:20:57:42 +0000] \"GET /api/v1/whiteboards HTTP/1.1\" 200 1150 \"http://localhost:5173/\" \"Mozilla/5.0 (Windows NT 10.0; Win64; x64) AppleWebKit/537.36 (KHTML, like Gecko) Chrome/148.0.0.0 Safari/537.36\"","service":"visual-whiteboard-api","timestamp":"2026-05-17 02:27:42"}
{"level":"info","message":"::1 - - [16/May/2026:20:57:42 +0000] \"GET /api/v1/whiteboards HTTP/1.1\" 304 - \"http://localhost:5173/\" \"Mozilla/5.0 (Windows NT 10.0; Win64; x64) AppleWebKit/537.36 (KHTML, like Gecko) Chrome/148.0.0.0 Safari/537.36\"","service":"visual-whiteboard-api","timestamp":"2026-05-17 02:27:42"}
{"level":"info","message":"::1 - - [16/May/2026:20:57:43 +0000] \"GET /api/v1/whiteboards/6a06e877af1816f5fe51d5e5 HTTP/1.1\" 200 13058 \"http://localhost:5173/\" \"Mozilla/5.0 (Windows NT 10.0; Win64; x64) AppleWebKit/537.36 (KHTML, like Gecko) Chrome/148.0.0.0 Safari/537.36\"","service":"visual-whiteboard-api","timestamp":"2026-05-17 02:27:43"}
{"level":"info","message":"⚡ Socket connected: D9xpWGrRoAgBBUyjAAAC (User: a@a.com)","service":"visual-whiteboard-api","timestamp":"2026-05-17 02:27:43"}
{"level":"info","message":"User a@a.com joined room whiteboard:6a06e877af1816f5fe51d5e5","service":"visual-whiteboard-api","timestamp":"2026-05-17 02:27:43"}
{"level":"error","message":"TypeError: getStorageProvider is not a function\n    at uploadMedia (D:\\Dhanush\\javaScriptNode\\rove\\backend\\src\\controllers\\mediaController.js:37:22)\n    at process.processTicksAndRejections (node:internal/process/task_queues:104:5)","service":"visual-whiteboard-api","timestamp":"2026-05-17 02:28:19"}
{"level":"info","message":"::1 - - [16/May/2026:20:58:19 +0000] \"POST /api/v1/media/upload HTTP/1.1\" 500 318 \"http://localhost:5173/\" \"Mozilla/5.0 (Windows NT 10.0; Win64; x64) AppleWebKit/537.36 (KHTML, like Gecko) Chrome/148.0.0.0 Safari/537.36\"","service":"visual-whiteboard-api","timestamp":"2026-05-17 02:28:19"}
{"level":"info","message":"User a@a.com left room whiteboard:6a06e877af1816f5fe51d5e5","service":"visual-whiteboard-api","timestamp":"2026-05-17 02:31:03"}
{"level":"info","message":"::1 - - [16/May/2026:21:01:03 +0000] \"GET /api/v1/whiteboards/6a06e877af1816f5fe51d5e5 HTTP/1.1\" 304 - \"http://localhost:5173/\" \"Mozilla/5.0 (Windows NT 10.0; Win64; x64) AppleWebKit/537.36 (KHTML, like Gecko) Chrome/148.0.0.0 Safari/537.36\"","service":"visual-whiteboard-api","timestamp":"2026-05-17 02:31:03"}
{"level":"info","message":"::1 - - [16/May/2026:21:01:03 +0000] \"GET /api/v1/whiteboards/6a06e877af1816f5fe51d5e5 HTTP/1.1\" 304 - \"http://localhost:5173/\" \"Mozilla/5.0 (Windows NT 10.0; Win64; x64) AppleWebKit/537.36 (KHTML, like Gecko) Chrome/148.0.0.0 Safari/537.36\"","service":"visual-whiteboard-api","timestamp":"2026-05-17 02:31:03"}
{"level":"info","message":"⚡ Socket connected: EIE7XvUOX3nAiiJGAAAF (User: a@a.com)","service":"visual-whiteboard-api","timestamp":"2026-05-17 02:31:03"}
{"level":"info","message":"User a@a.com joined room whiteboard:6a06e877af1816f5fe51d5e5","service":"visual-whiteboard-api","timestamp":"2026-05-17 02:31:03"}
{"level":"error","message":"TypeError: getStorageProvider is not a function\n    at uploadMedia (D:\\Dhanush\\javaScriptNode\\rove\\backend\\src\\controllers\\mediaController.js:37:22)\n    at process.processTicksAndRejections (node:internal/process/task_queues:104:5)","service":"visual-whiteboard-api","timestamp":"2026-05-17 02:31:20"}
{"level":"info","message":"::1 - - [16/May/2026:21:01:20 +0000] \"POST /api/v1/media/upload HTTP/1.1\" 500 318 \"http://localhost:5173/\" \"Mozilla/5.0 (Windows NT 10.0; Win64; x64) AppleWebKit/537.36 (KHTML, like Gecko) Chrome/148.0.0.0 Safari/537.36\"","service":"visual-whiteboard-api","timestamp":"2026-05-17 02:31:20"}
{"level":"info","message":"Connected to MongoDB","service":"visual-whiteboard-api","timestamp":"2026-05-17 02:34:28"}
{"level":"info","message":"🚀 Connected to Redis","service":"visual-whiteboard-api","timestamp":"2026-05-17 02:34:28"}
{"level":"info","message":"Server running in development mode on port 5000","service":"visual-whiteboard-api","timestamp":"2026-05-17 02:34:28"}
{"level":"info","message":"🚀 Socket.io Redis Adapter configured","service":"visual-whiteboard-api","timestamp":"2026-05-17 02:34:28"}
{"level":"info","message":"⚡ Socket connected: R3p7MHCn9E_NBCIfAAAB (User: a@a.com)","service":"visual-whiteboard-api","timestamp":"2026-05-17 02:34:29"}
{"level":"info","message":"User a@a.com joined room whiteboard:6a06e877af1816f5fe51d5e5","service":"visual-whiteboard-api","timestamp":"2026-05-17 02:34:29"}
{"level":"info","message":"Connected to MongoDB","service":"visual-whiteboard-api","timestamp":"2026-05-17 02:34:30"}
{"level":"info","message":"🚀 Connected to Redis","service":"visual-whiteboard-api","timestamp":"2026-05-17 02:34:30"}
{"level":"info","message":"Server running in development mode on port 5000","service":"visual-whiteboard-api","timestamp":"2026-05-17 02:34:30"}
{"level":"info","message":"🚀 Socket.io Redis Adapter configured","service":"visual-whiteboard-api","timestamp":"2026-05-17 02:34:30"}
{"level":"info","message":"⚡ Socket connected: aapT3ipyxESStTP3AAAB (User: a@a.com)","service":"visual-whiteboard-api","timestamp":"2026-05-17 02:34:31"}
{"level":"info","message":"User a@a.com joined room whiteboard:6a06e877af1816f5fe51d5e5","service":"visual-whiteboard-api","timestamp":"2026-05-17 02:34:31"}
{"level":"info","message":"Graceful shutdown initiated...","service":"visual-whiteboard-api","timestamp":"2026-05-17 02:35:32"}
{"level":"info","message":"Connected to MongoDB","service":"visual-whiteboard-api","timestamp":"2026-05-17 02:35:34"}
{"level":"info","message":"🚀 Connected to Redis","service":"visual-whiteboard-api","timestamp":"2026-05-17 02:35:34"}
{"level":"info","message":"Server running in development mode on port 5000","service":"visual-whiteboard-api","timestamp":"2026-05-17 02:35:34"}
{"level":"info","message":"🚀 Socket.io Redis Adapter configured","service":"visual-whiteboard-api","timestamp":"2026-05-17 02:35:34"}
{"level":"info","message":"⚡ Socket connected: XaovYnDBPvAI329QAAAB (User: a@a.com)","service":"visual-whiteboard-api","timestamp":"2026-05-17 02:35:34"}
{"level":"info","message":"User a@a.com joined room whiteboard:6a06e877af1816f5fe51d5e5","service":"visual-whiteboard-api","timestamp":"2026-05-17 02:35:34"}
{"level":"info","message":"User a@a.com left room whiteboard:6a06e877af1816f5fe51d5e5","service":"visual-whiteboard-api","timestamp":"2026-05-17 02:35:40"}
{"level":"info","message":"::1 - - [16/May/2026:21:05:40 +0000] \"GET /api/v1/whiteboards HTTP/1.1\" 304 - \"http://localhost:5173/\" \"Mozilla/5.0 (Windows NT 10.0; Win64; x64) AppleWebKit/537.36 (KHTML, like Gecko) Chrome/148.0.0.0 Safari/537.36\"","service":"visual-whiteboard-api","timestamp":"2026-05-17 02:35:40"}
{"level":"info","message":"::1 - - [16/May/2026:21:05:40 +0000] \"GET /api/v1/whiteboards HTTP/1.1\" 304 - \"http://localhost:5173/\" \"Mozilla/5.0 (Windows NT 10.0; Win64; x64) AppleWebKit/537.36 (KHTML, like Gecko) Chrome/148.0.0.0 Safari/537.36\"","service":"visual-whiteboard-api","timestamp":"2026-05-17 02:35:40"}
{"level":"info","message":"::1 - - [16/May/2026:21:05:50 +0000] \"POST /api/v1/auth/login HTTP/1.1\" 200 392 \"http://localhost:5173/\" \"Mozilla/5.0 (Windows NT 10.0; Win64; x64) AppleWebKit/537.36 (KHTML, like Gecko) Chrome/148.0.0.0 Safari/537.36\"","service":"visual-whiteboard-api","timestamp":"2026-05-17 02:35:50"}
{"level":"info","message":"::1 - - [16/May/2026:21:05:50 +0000] \"GET /api/v1/whiteboards HTTP/1.1\" 304 - \"http://localhost:5173/\" \"Mozilla/5.0 (Windows NT 10.0; Win64; x64) AppleWebKit/537.36 (KHTML, like Gecko) Chrome/148.0.0.0 Safari/537.36\"","service":"visual-whiteboard-api","timestamp":"2026-05-17 02:35:50"}
{"level":"info","message":"::1 - - [16/May/2026:21:05:50 +0000] \"GET /api/v1/whiteboards HTTP/1.1\" 304 - \"http://localhost:5173/\" \"Mozilla/5.0 (Windows NT 10.0; Win64; x64) AppleWebKit/537.36 (KHTML, like Gecko) Chrome/148.0.0.0 Safari/537.36\"","service":"visual-whiteboard-api","timestamp":"2026-05-17 02:35:50"}
{"level":"info","message":"::1 - - [16/May/2026:21:05:51 +0000] \"GET /api/v1/whiteboards/6a06e877af1816f5fe51d5e5 HTTP/1.1\" 304 - \"http://localhost:5173/\" \"Mozilla/5.0 (Windows NT 10.0; Win64; x64) AppleWebKit/537.36 (KHTML, like Gecko) Chrome/148.0.0.0 Safari/537.36\"","service":"visual-whiteboard-api","timestamp":"2026-05-17 02:35:51"}
{"level":"info","message":"⚡ Socket connected: XWUflrYwe4Fhyqe0AAAE (User: a@a.com)","service":"visual-whiteboard-api","timestamp":"2026-05-17 02:35:51"}
{"level":"info","message":"User a@a.com joined room whiteboard:6a06e877af1816f5fe51d5e5","service":"visual-whiteboard-api","timestamp":"2026-05-17 02:35:51"}
{"level":"info","message":"Connected to MongoDB","service":"visual-whiteboard-api","timestamp":"2026-05-17 02:39:55"}
{"level":"info","message":"🚀 Connected to Redis","service":"visual-whiteboard-api","timestamp":"2026-05-17 02:39:55"}
{"level":"info","message":"Server running in development mode on port 5000","service":"visual-whiteboard-api","timestamp":"2026-05-17 02:39:55"}
{"level":"info","message":"🚀 Socket.io Redis Adapter configured","service":"visual-whiteboard-api","timestamp":"2026-05-17 02:39:55"}
{"level":"info","message":"⚡ Socket connected: 9-8S-9SSN3zTidiFAAAB (User: a@a.com)","service":"visual-whiteboard-api","timestamp":"2026-05-17 02:39:56"}
{"level":"info","message":"User a@a.com joined room whiteboard:6a06e877af1816f5fe51d5e5","service":"visual-whiteboard-api","timestamp":"2026-05-17 02:39:56"}
{"level":"info","message":"Graceful shutdown initiated...","service":"visual-whiteboard-api","timestamp":"2026-05-17 02:41:27"}
{"level":"info","message":"Connected to MongoDB","service":"visual-whiteboard-api","timestamp":"2026-05-17 02:41:29"}
{"level":"info","message":"🚀 Connected to Redis","service":"visual-whiteboard-api","timestamp":"2026-05-17 02:41:29"}
{"level":"info","message":"Server running in development mode on port 5000","service":"visual-whiteboard-api","timestamp":"2026-05-17 02:41:29"}
{"level":"info","message":"🚀 Socket.io Redis Adapter configured","service":"visual-whiteboard-api","timestamp":"2026-05-17 02:41:29"}
{"level":"info","message":"⚡ Socket connected: ugpD8gyE8pch8Ed4AAAB (User: a@a.com)","service":"visual-whiteboard-api","timestamp":"2026-05-17 02:41:29"}
{"level":"info","message":"User a@a.com joined room whiteboard:6a06e877af1816f5fe51d5e5","service":"visual-whiteboard-api","timestamp":"2026-05-17 02:41:29"}
{"level":"info","message":"User a@a.com left room whiteboard:6a06e877af1816f5fe51d5e5","service":"visual-whiteboard-api","timestamp":"2026-05-17 02:41:31"}
{"level":"info","message":"::1 - - [16/May/2026:21:11:31 +0000] \"GET /api/v1/whiteboards HTTP/1.1\" 304 - \"http://localhost:5173/\" \"Mozilla/5.0 (Windows NT 10.0; Win64; x64) AppleWebKit/537.36 (KHTML, like Gecko) Chrome/148.0.0.0 Safari/537.36\"","service":"visual-whiteboard-api","timestamp":"2026-05-17 02:41:31"}
{"level":"info","message":"::1 - - [16/May/2026:21:11:31 +0000] \"GET /api/v1/whiteboards HTTP/1.1\" 304 - \"http://localhost:5173/\" \"Mozilla/5.0 (Windows NT 10.0; Win64; x64) AppleWebKit/537.36 (KHTML, like Gecko) Chrome/148.0.0.0 Safari/537.36\"","service":"visual-whiteboard-api","timestamp":"2026-05-17 02:41:31"}
{"level":"info","message":"::1 - - [16/May/2026:21:11:42 +0000] \"POST /api/v1/auth/login HTTP/1.1\" 200 392 \"http://localhost:5173/\" \"Mozilla/5.0 (Windows NT 10.0; Win64; x64) AppleWebKit/537.36 (KHTML, like Gecko) Chrome/148.0.0.0 Safari/537.36\"","service":"visual-whiteboard-api","timestamp":"2026-05-17 02:41:42"}
{"level":"info","message":"::1 - - [16/May/2026:21:11:42 +0000] \"GET /api/v1/whiteboards HTTP/1.1\" 304 - \"http://localhost:5173/\" \"Mozilla/5.0 (Windows NT 10.0; Win64; x64) AppleWebKit/537.36 (KHTML, like Gecko) Chrome/148.0.0.0 Safari/537.36\"","service":"visual-whiteboard-api","timestamp":"2026-05-17 02:41:42"}
{"level":"info","message":"::1 - - [16/May/2026:21:11:42 +0000] \"GET /api/v1/whiteboards HTTP/1.1\" 304 - \"http://localhost:5173/\" \"Mozilla/5.0 (Windows NT 10.0; Win64; x64) AppleWebKit/537.36 (KHTML, like Gecko) Chrome/148.0.0.0 Safari/537.36\"","service":"visual-whiteboard-api","timestamp":"2026-05-17 02:41:42"}
{"level":"info","message":"::1 - - [16/May/2026:21:11:43 +0000] \"GET /api/v1/whiteboards/6a06e877af1816f5fe51d5e5 HTTP/1.1\" 304 - \"http://localhost:5173/\" \"Mozilla/5.0 (Windows NT 10.0; Win64; x64) AppleWebKit/537.36 (KHTML, like Gecko) Chrome/148.0.0.0 Safari/537.36\"","service":"visual-whiteboard-api","timestamp":"2026-05-17 02:41:43"}
{"level":"info","message":"⚡ Socket connected: u4sgTuuYlVyMjpK1AAAE (User: a@a.com)","service":"visual-whiteboard-api","timestamp":"2026-05-17 02:41:43"}
{"level":"info","message":"User a@a.com joined room whiteboard:6a06e877af1816f5fe51d5e5","service":"visual-whiteboard-api","timestamp":"2026-05-17 02:41:43"}
{"level":"info","message":"::1 - - [16/May/2026:21:15:48 +0000] \"POST /api/v1/media/upload HTTP/1.1\" 401 85 \"-\" \"curl/8.19.0\"","service":"visual-whiteboard-api","timestamp":"2026-05-17 02:45:48"}
{"level":"info","message":"Connected to MongoDB","service":"visual-whiteboard-api","timestamp":"2026-05-17 03:06:18"}
{"level":"info","message":"🚀 Connected to Redis","service":"visual-whiteboard-api","timestamp":"2026-05-17 03:06:18"}
{"level":"info","message":"Server running in development mode on port 5000","service":"visual-whiteboard-api","timestamp":"2026-05-17 03:06:18"}
{"level":"info","message":"🚀 Socket.io Redis Adapter configured","service":"visual-whiteboard-api","timestamp":"2026-05-17 03:06:18"}
{"level":"info","message":"Connected to MongoDB","service":"visual-whiteboard-api","timestamp":"2026-05-19 01:12:49"}
{"code":"ECONNREFUSED","level":"error","message":"Redis Client Error","service":"visual-whiteboard-api","stack":"AggregateError [ECONNREFUSED]: \n    at internalConnectMultiple (node:net:1142:49)\n    at afterConnectMultiple (node:net:1723:7)","timestamp":"2026-05-19 01:12:49"}
{"code":"ECONNREFUSED","level":"error","message":"Redis Client Error","service":"visual-whiteboard-api","stack":"AggregateError [ECONNREFUSED]: \n    at internalConnectMultiple (node:net:1142:49)\n    at afterConnectMultiple (node:net:1723:7)","timestamp":"2026-05-19 01:12:49"}
{"code":"ECONNREFUSED","level":"error","message":"Redis Client Error","service":"visual-whiteboard-api","stack":"AggregateError [ECONNREFUSED]: \n    at internalConnectMultiple (node:net:1142:49)\n    at afterConnectMultiple (node:net:1723:7)","timestamp":"2026-05-19 01:12:50"}
{"code":"ECONNREFUSED","level":"error","message":"Redis Client Error","service":"visual-whiteboard-api","stack":"AggregateError [ECONNREFUSED]: \n    at internalConnectMultiple (node:net:1142:49)\n    at afterConnectMultiple (node:net:1723:7)","timestamp":"2026-05-19 01:12:50"}
{"code":"ECONNREFUSED","level":"error","message":"Redis Client Error","service":"visual-whiteboard-api","stack":"AggregateError [ECONNREFUSED]: \n    at internalConnectMultiple (node:net:1142:49)\n    at afterConnectMultiple (node:net:1723:7)","timestamp":"2026-05-19 01:12:51"}
{"code":"ECONNREFUSED","level":"error","message":"Redis Client Error","service":"visual-whiteboard-api","stack":"AggregateError [ECONNREFUSED]: \n    at internalConnectMultiple (node:net:1142:49)\n    at afterConnectMultiple (node:net:1723:7)","timestamp":"2026-05-19 01:12:52"}
{"code":"ECONNREFUSED","level":"error","message":"Redis Client Error","service":"visual-whiteboard-api","stack":"AggregateError [ECONNREFUSED]: \n    at internalConnectMultiple (node:net:1142:49)\n    at afterConnectMultiple (node:net:1723:7)","timestamp":"2026-05-19 01:12:53"}
{"code":"ECONNREFUSED","level":"error","message":"Redis Client Error","service":"visual-whiteboard-api","stack":"AggregateError [ECONNREFUSED]: \n    at internalConnectMultiple (node:net:1142:49)\n    at afterConnectMultiple (node:net:1723:7)","timestamp":"2026-05-19 01:12:55"}
{"level":"info","message":"🚀 Connected to Redis","service":"visual-whiteboard-api","timestamp":"2026-05-19 01:12:57"}
{"level":"info","message":"Server running in development mode on port 5000","service":"visual-whiteboard-api","timestamp":"2026-05-19 01:12:57"}
{"level":"info","message":"🚀 Socket.io Redis Adapter configured","service":"visual-whiteboard-api","timestamp":"2026-05-19 01:12:57"}
{"level":"info","message":"::1 - - [18/May/2026:19:43:22 +0000] \"POST /api/v1/auth/login HTTP/1.1\" 200 392 \"http://localhost:5173/\" \"Mozilla/5.0 (Windows NT 10.0; Win64; x64) AppleWebKit/537.36 (KHTML, like Gecko) Chrome/148.0.0.0 Safari/537.36\"","service":"visual-whiteboard-api","timestamp":"2026-05-19 01:13:22"}
{"level":"info","message":"::1 - - [18/May/2026:19:43:22 +0000] \"GET /api/v1/whiteboards HTTP/1.1\" 200 1150 \"http://localhost:5173/\" \"Mozilla/5.0 (Windows NT 10.0; Win64; x64) AppleWebKit/537.36 (KHTML, like Gecko) Chrome/148.0.0.0 Safari/537.36\"","service":"visual-whiteboard-api","timestamp":"2026-05-19 01:13:22"}
{"level":"info","message":"::1 - - [18/May/2026:19:43:22 +0000] \"GET /api/v1/whiteboards HTTP/1.1\" 304 - \"http://localhost:5173/\" \"Mozilla/5.0 (Windows NT 10.0; Win64; x64) AppleWebKit/537.36 (KHTML, like Gecko) Chrome/148.0.0.0 Safari/537.36\"","service":"visual-whiteboard-api","timestamp":"2026-05-19 01:13:22"}
{"level":"info","message":"::1 - - [18/May/2026:19:43:23 +0000] \"GET /api/v1/whiteboards/6a06e877af1816f5fe51d5e5 HTTP/1.1\" 200 13058 \"http://localhost:5173/\" \"Mozilla/5.0 (Windows NT 10.0; Win64; x64) AppleWebKit/537.36 (KHTML, like Gecko) Chrome/148.0.0.0 Safari/537.36\"","service":"visual-whiteboard-api","timestamp":"2026-05-19 01:13:23"}
{"level":"info","message":"⚡ Socket connected: hiBCC6_cdLsqCoiyAAAC (User: a@a.com)","service":"visual-whiteboard-api","timestamp":"2026-05-19 01:13:23"}
{"level":"info","message":"User a@a.com joined room whiteboard:6a06e877af1816f5fe51d5e5","service":"visual-whiteboard-api","timestamp":"2026-05-19 01:13:23"}
{"level":"info","message":"Graceful shutdown initiated...","service":"visual-whiteboard-api","timestamp":"2026-05-19 01:16:36"}
{"level":"info","message":"Connected to MongoDB","service":"visual-whiteboard-api","timestamp":"2026-05-19 01:16:39"}
{"level":"info","message":"🚀 Connected to Redis","service":"visual-whiteboard-api","timestamp":"2026-05-19 01:16:39"}
{"level":"info","message":"Server running in development mode on port 5000","service":"visual-whiteboard-api","timestamp":"2026-05-19 01:16:39"}
{"level":"info","message":"🚀 Socket.io Redis Adapter configured","service":"visual-whiteboard-api","timestamp":"2026-05-19 01:16:39"}
{"level":"info","message":"⚡ Socket connected: gNI0yKgz9Y7mFHOXAAAB (User: a@a.com)","service":"visual-whiteboard-api","timestamp":"2026-05-19 01:16:40"}
{"level":"info","message":"User a@a.com joined room whiteboard:6a06e877af1816f5fe51d5e5","service":"visual-whiteboard-api","timestamp":"2026-05-19 01:16:40"}
{"level":"info","message":"User a@a.com left room whiteboard:6a06e877af1816f5fe51d5e5","service":"visual-whiteboard-api","timestamp":"2026-05-19 01:16:43"}
{"level":"info","message":"::1 - - [18/May/2026:19:46:43 +0000] \"GET /api/v1/whiteboards HTTP/1.1\" 304 - \"http://localhost:5173/\" \"Mozilla/5.0 (Windows NT 10.0; Win64; x64) AppleWebKit/537.36 (KHTML, like Gecko) Chrome/148.0.0.0 Safari/537.36\"","service":"visual-whiteboard-api","timestamp":"2026-05-19 01:16:43"}
{"level":"info","message":"::1 - - [18/May/2026:19:46:43 +0000] \"GET /api/v1/whiteboards HTTP/1.1\" 304 - \"http://localhost:5173/\" \"Mozilla/5.0 (Windows NT 10.0; Win64; x64) AppleWebKit/537.36 (KHTML, like Gecko) Chrome/148.0.0.0 Safari/537.36\"","service":"visual-whiteboard-api","timestamp":"2026-05-19 01:16:43"}
{"level":"info","message":"::1 - - [18/May/2026:19:46:55 +0000] \"POST /api/v1/auth/login HTTP/1.1\" 200 392 \"http://localhost:5173/\" \"Mozilla/5.0 (Windows NT 10.0; Win64; x64) AppleWebKit/537.36 (KHTML, like Gecko) Chrome/148.0.0.0 Safari/537.36\"","service":"visual-whiteboard-api","timestamp":"2026-05-19 01:16:55"}
{"level":"info","message":"::1 - - [18/May/2026:19:46:55 +0000] \"GET /api/v1/whiteboards HTTP/1.1\" 304 - \"http://localhost:5173/\" \"Mozilla/5.0 (Windows NT 10.0; Win64; x64) AppleWebKit/537.36 (KHTML, like Gecko) Chrome/148.0.0.0 Safari/537.36\"","service":"visual-whiteboard-api","timestamp":"2026-05-19 01:16:55"}
{"level":"info","message":"::1 - - [18/May/2026:19:46:55 +0000] \"GET /api/v1/whiteboards HTTP/1.1\" 304 - \"http://localhost:5173/\" \"Mozilla/5.0 (Windows NT 10.0; Win64; x64) AppleWebKit/537.36 (KHTML, like Gecko) Chrome/148.0.0.0 Safari/537.36\"","service":"visual-whiteboard-api","timestamp":"2026-05-19 01:16:55"}
{"level":"info","message":"::1 - - [18/May/2026:19:46:57 +0000] \"GET /api/v1/whiteboards/6a06e877af1816f5fe51d5e5 HTTP/1.1\" 304 - \"http://localhost:5173/\" \"Mozilla/5.0 (Windows NT 10.0; Win64; x64) AppleWebKit/537.36 (KHTML, like Gecko) Chrome/148.0.0.0 Safari/537.36\"","service":"visual-whiteboard-api","timestamp":"2026-05-19 01:16:57"}
{"level":"info","message":"⚡ Socket connected: KLjQCGJm1ZhOU-QdAAAE (User: a@a.com)","service":"visual-whiteboard-api","timestamp":"2026-05-19 01:16:57"}
{"level":"info","message":"User a@a.com joined room whiteboard:6a06e877af1816f5fe51d5e5","service":"visual-whiteboard-api","timestamp":"2026-05-19 01:16:57"}
{"level":"info","message":"::1 - - [18/May/2026:19:47:14 +0000] \"POST /api/v1/media/upload HTTP/1.1\" 201 240 \"http://localhost:5173/\" \"Mozilla/5.0 (Windows NT 10.0; Win64; x64) AppleWebKit/537.36 (KHTML, like Gecko) Chrome/148.0.0.0 Safari/537.36\"","service":"visual-whiteboard-api","timestamp":"2026-05-19 01:17:14"}
{"level":"info","message":"::1 - - [18/May/2026:19:47:16 +0000] \"GET /api/v1/media/proxy/b665f003aacafb455271e40a7480878f?token=eyJhbGciOiJIUzI1NiIsInR5cCI6IkpXVCJ9.eyJpZCI6IjZhMDVjOGEwZDk0ZjkxZmFiMTI4NGM0NyIsImlhdCI6MTc3OTEzMzYxNSwiZXhwIjoxNzc5MTM0NTE1fQ.MdCdM3GXTmpDdtMrMqo9eEXfW8yvDnN8SJshP5kCjL0 HTTP/1.1\" 200 - \"http://localhost:5173/\" \"Mozilla/5.0 (Windows NT 10.0; Win64; x64) AppleWebKit/537.36 (KHTML, like Gecko) Chrome/148.0.0.0 Safari/537.36\"","service":"visual-whiteboard-api","timestamp":"2026-05-19 01:17:16"}
{"level":"info","message":"::1 - - [18/May/2026:19:47:24 +0000] \"PUT /api/v1/whiteboards/6a06e877af1816f5fe51d5e5/canvas HTTP/1.1\" 200 58 \"http://localhost:5173/\" \"Mozilla/5.0 (Windows NT 10.0; Win64; x64) AppleWebKit/537.36 (KHTML, like Gecko) Chrome/148.0.0.0 Safari/537.36\"","service":"visual-whiteboard-api","timestamp":"2026-05-19 01:17:24"}
{"level":"info","message":"::1 - - [18/May/2026:19:47:28 +0000] \"PUT /api/v1/whiteboards/6a06e877af1816f5fe51d5e5/canvas HTTP/1.1\" 200 58 \"http://localhost:5173/\" \"Mozilla/5.0 (Windows NT 10.0; Win64; x64) AppleWebKit/537.36 (KHTML, like Gecko) Chrome/148.0.0.0 Safari/537.36\"","service":"visual-whiteboard-api","timestamp":"2026-05-19 01:17:28"}
{"level":"info","message":"::1 - - [18/May/2026:19:47:30 +0000] \"PUT /api/v1/whiteboards/6a06e877af1816f5fe51d5e5/canvas HTTP/1.1\" 200 58 \"http://localhost:5173/\" \"Mozilla/5.0 (Windows NT 10.0; Win64; x64) AppleWebKit/537.36 (KHTML, like Gecko) Chrome/148.0.0.0 Safari/537.36\"","service":"visual-whiteboard-api","timestamp":"2026-05-19 01:17:30"}
{"level":"info","message":"::1 - - [18/May/2026:19:47:36 +0000] \"PUT /api/v1/whiteboards/6a06e877af1816f5fe51d5e5/canvas HTTP/1.1\" 200 58 \"http://localhost:5173/\" \"Mozilla/5.0 (Windows NT 10.0; Win64; x64) AppleWebKit/537.36 (KHTML, like Gecko) Chrome/148.0.0.0 Safari/537.36\"","service":"visual-whiteboard-api","timestamp":"2026-05-19 01:17:36"}
{"level":"info","message":"::1 - - [18/May/2026:19:47:42 +0000] \"PUT /api/v1/whiteboards/6a06e877af1816f5fe51d5e5/canvas HTTP/1.1\" 200 58 \"http://localhost:5173/\" \"Mozilla/5.0 (Windows NT 10.0; Win64; x64) AppleWebKit/537.36 (KHTML, like Gecko) Chrome/148.0.0.0 Safari/537.36\"","service":"visual-whiteboard-api","timestamp":"2026-05-19 01:17:42"}
{"level":"info","message":"::1 - - [18/May/2026:19:47:49 +0000] \"PUT /api/v1/whiteboards/6a06e877af1816f5fe51d5e5/canvas HTTP/1.1\" 200 58 \"http://localhost:5173/\" \"Mozilla/5.0 (Windows NT 10.0; Win64; x64) AppleWebKit/537.36 (KHTML, like Gecko) Chrome/148.0.0.0 Safari/537.36\"","service":"visual-whiteboard-api","timestamp":"2026-05-19 01:17:49"}
{"level":"info","message":"::1 - - [18/May/2026:19:47:57 +0000] \"PUT /api/v1/whiteboards/6a06e877af1816f5fe51d5e5/canvas HTTP/1.1\" 200 58 \"http://localhost:5173/\" \"Mozilla/5.0 (Windows NT 10.0; Win64; x64) AppleWebKit/537.36 (KHTML, like Gecko) Chrome/148.0.0.0 Safari/537.36\"","service":"visual-whiteboard-api","timestamp":"2026-05-19 01:17:57"}
{"level":"info","message":"User a@a.com left room whiteboard:6a06e877af1816f5fe51d5e5","service":"visual-whiteboard-api","timestamp":"2026-05-19 01:18:00"}
{"level":"info","message":"::1 - - [18/May/2026:19:48:00 +0000] \"GET /api/v1/whiteboards HTTP/1.1\" 200 1150 \"http://localhost:5173/\" \"Mozilla/5.0 (Windows NT 10.0; Win64; x64) AppleWebKit/537.36 (KHTML, like Gecko) Chrome/148.0.0.0 Safari/537.36\"","service":"visual-whiteboard-api","timestamp":"2026-05-19 01:18:00"}
{"level":"info","message":"::1 - - [18/May/2026:19:48:00 +0000] \"GET /api/v1/whiteboards HTTP/1.1\" 304 - \"http://localhost:5173/\" \"Mozilla/5.0 (Windows NT 10.0; Win64; x64) AppleWebKit/537.36 (KHTML, like Gecko) Chrome/148.0.0.0 Safari/537.36\"","service":"visual-whiteboard-api","timestamp":"2026-05-19 01:18:00"}
{"level":"info","message":"::1 - - [18/May/2026:19:48:07 +0000] \"POST /api/v1/auth/login HTTP/1.1\" 200 392 \"http://localhost:5173/\" \"Mozilla/5.0 (Windows NT 10.0; Win64; x64) AppleWebKit/537.36 (KHTML, like Gecko) Chrome/148.0.0.0 Safari/537.36\"","service":"visual-whiteboard-api","timestamp":"2026-05-19 01:18:07"}
{"level":"info","message":"::1 - - [18/May/2026:19:48:07 +0000] \"GET /api/v1/whiteboards HTTP/1.1\" 304 - \"http://localhost:5173/\" \"Mozilla/5.0 (Windows NT 10.0; Win64; x64) AppleWebKit/537.36 (KHTML, like Gecko) Chrome/148.0.0.0 Safari/537.36\"","service":"visual-whiteboard-api","timestamp":"2026-05-19 01:18:07"}
{"level":"info","message":"::1 - - [18/May/2026:19:48:07 +0000] \"GET /api/v1/whiteboards HTTP/1.1\" 304 - \"http://localhost:5173/\" \"Mozilla/5.0 (Windows NT 10.0; Win64; x64) AppleWebKit/537.36 (KHTML, like Gecko) Chrome/148.0.0.0 Safari/537.36\"","service":"visual-whiteboard-api","timestamp":"2026-05-19 01:18:07"}
{"level":"info","message":"::1 - - [18/May/2026:19:48:08 +0000] \"GET /api/v1/whiteboards/6a06e877af1816f5fe51d5e5 HTTP/1.1\" 200 14153 \"http://localhost:5173/\" \"Mozilla/5.0 (Windows NT 10.0; Win64; x64) AppleWebKit/537.36 (KHTML, like Gecko) Chrome/148.0.0.0 Safari/537.36\"","service":"visual-whiteboard-api","timestamp":"2026-05-19 01:18:08"}
{"level":"info","message":"⚡ Socket connected: pbPh8xiUzXiQILktAAAH (User: a@a.com)","service":"visual-whiteboard-api","timestamp":"2026-05-19 01:18:08"}
{"level":"info","message":"User a@a.com joined room whiteboard:6a06e877af1816f5fe51d5e5","service":"visual-whiteboard-api","timestamp":"2026-05-19 01:18:08"}
{"level":"info","message":"::1 - - [18/May/2026:19:48:09 +0000] \"GET /api/v1/media/proxy/b665f003aacafb455271e40a7480878f?token=eyJhbGciOiJIUzI1NiIsInR5cCI6IkpXVCJ9.eyJpZCI6IjZhMDVjOGEwZDk0ZjkxZmFiMTI4NGM0NyIsImlhdCI6MTc3OTEzMzY4NywiZXhwIjoxNzc5MTM0NTg3fQ.N5qLWz1UyhVYVcv5YHEC1BoVrwwCvHJgjvqNI1CA9Qo HTTP/1.1\" 200 - \"http://localhost:5173/\" \"Mozilla/5.0 (Windows NT 10.0; Win64; x64) AppleWebKit/537.36 (KHTML, like Gecko) Chrome/148.0.0.0 Safari/537.36\"","service":"visual-whiteboard-api","timestamp":"2026-05-19 01:18:09"}
{"level":"info","message":"::1 - - [18/May/2026:19:50:51 +0000] \"POST /api/v1/media/upload HTTP/1.1\" 201 230 \"http://localhost:5173/\" \"Mozilla/5.0 (Windows NT 10.0; Win64; x64) AppleWebKit/537.36 (KHTML, like Gecko) Chrome/148.0.0.0 Safari/537.36\"","service":"visual-whiteboard-api","timestamp":"2026-05-19 01:20:51"}
{"level":"info","message":"::1 - - [18/May/2026:19:50:52 +0000] \"GET /api/v1/media/proxy/920b607db348592eabf78fda9a2500f9?token=eyJhbGciOiJIUzI1NiIsInR5cCI6IkpXVCJ9.eyJpZCI6IjZhMDVjOGEwZDk0ZjkxZmFiMTI4NGM0NyIsImlhdCI6MTc3OTEzMzY4NywiZXhwIjoxNzc5MTM0NTg3fQ.N5qLWz1UyhVYVcv5YHEC1BoVrwwCvHJgjvqNI1CA9Qo HTTP/1.1\" 200 - \"http://localhost:5173/\" \"Mozilla/5.0 (Windows NT 10.0; Win64; x64) AppleWebKit/537.36 (KHTML, like Gecko) Chrome/148.0.0.0 Safari/537.36\"","service":"visual-whiteboard-api","timestamp":"2026-05-19 01:20:52"}
{"level":"info","message":"::1 - - [18/May/2026:19:50:58 +0000] \"PUT /api/v1/whiteboards/6a06e877af1816f5fe51d5e5/canvas HTTP/1.1\" 200 58 \"http://localhost:5173/\" \"Mozilla/5.0 (Windows NT 10.0; Win64; x64) AppleWebKit/537.36 (KHTML, like Gecko) Chrome/148.0.0.0 Safari/537.36\"","service":"visual-whiteboard-api","timestamp":"2026-05-19 01:20:58"}
{"level":"info","message":"::1 - - [18/May/2026:19:51:22 +0000] \"POST /api/v1/media/upload HTTP/1.1\" 201 248 \"http://localhost:5173/\" \"Mozilla/5.0 (Windows NT 10.0; Win64; x64) AppleWebKit/537.36 (KHTML, like Gecko) Chrome/148.0.0.0 Safari/537.36\"","service":"visual-whiteboard-api","timestamp":"2026-05-19 01:21:22"}
{"level":"info","message":"::1 - - [18/May/2026:19:51:32 +0000] \"PUT /api/v1/whiteboards/6a06e877af1816f5fe51d5e5/canvas HTTP/1.1\" 200 58 \"http://localhost:5173/\" \"Mozilla/5.0 (Windows NT 10.0; Win64; x64) AppleWebKit/537.36 (KHTML, like Gecko) Chrome/148.0.0.0 Safari/537.36\"","service":"visual-whiteboard-api","timestamp":"2026-05-19 01:21:32"}
{"level":"info","message":"::1 - - [18/May/2026:19:51:36 +0000] \"PUT /api/v1/whiteboards/6a06e877af1816f5fe51d5e5/canvas HTTP/1.1\" 200 58 \"http://localhost:5173/\" \"Mozilla/5.0 (Windows NT 10.0; Win64; x64) AppleWebKit/537.36 (KHTML, like Gecko) Chrome/148.0.0.0 Safari/537.36\"","service":"visual-whiteboard-api","timestamp":"2026-05-19 01:21:36"}
{"level":"info","message":"::1 - - [18/May/2026:19:51:41 +0000] \"PUT /api/v1/whiteboards/6a06e877af1816f5fe51d5e5/canvas HTTP/1.1\" 200 58 \"http://localhost:5173/\" \"Mozilla/5.0 (Windows NT 10.0; Win64; x64) AppleWebKit/537.36 (KHTML, like Gecko) Chrome/148.0.0.0 Safari/537.36\"","service":"visual-whiteboard-api","timestamp":"2026-05-19 01:21:41"}
{"level":"info","message":"::1 - - [18/May/2026:19:51:45 +0000] \"PUT /api/v1/whiteboards/6a06e877af1816f5fe51d5e5/canvas HTTP/1.1\" 200 58 \"http://localhost:5173/\" \"Mozilla/5.0 (Windows NT 10.0; Win64; x64) AppleWebKit/537.36 (KHTML, like Gecko) Chrome/148.0.0.0 Safari/537.36\"","service":"visual-whiteboard-api","timestamp":"2026-05-19 01:21:45"}
{"level":"info","message":"::1 - - [18/May/2026:19:51:48 +0000] \"PUT /api/v1/whiteboards/6a06e877af1816f5fe51d5e5/canvas HTTP/1.1\" 200 58 \"http://localhost:5173/\" \"Mozilla/5.0 (Windows NT 10.0; Win64; x64) AppleWebKit/537.36 (KHTML, like Gecko) Chrome/148.0.0.0 Safari/537.36\"","service":"visual-whiteboard-api","timestamp":"2026-05-19 01:21:48"}
{"level":"info","message":"::1 - - [18/May/2026:19:51:59 +0000] \"PUT /api/v1/whiteboards/6a06e877af1816f5fe51d5e5/canvas HTTP/1.1\" 200 58 \"http://localhost:5173/\" \"Mozilla/5.0 (Windows NT 10.0; Win64; x64) AppleWebKit/537.36 (KHTML, like Gecko) Chrome/148.0.0.0 Safari/537.36\"","service":"visual-whiteboard-api","timestamp":"2026-05-19 01:21:59"}
{"level":"info","message":"::1 - - [18/May/2026:19:52:06 +0000] \"PUT /api/v1/whiteboards/6a06e877af1816f5fe51d5e5/canvas HTTP/1.1\" 200 58 \"http://localhost:5173/\" \"Mozilla/5.0 (Windows NT 10.0; Win64; x64) AppleWebKit/537.36 (KHTML, like Gecko) Chrome/148.0.0.0 Safari/537.36\"","service":"visual-whiteboard-api","timestamp":"2026-05-19 01:22:06"}
{"level":"info","message":"::1 - - [18/May/2026:19:53:40 +0000] \"POST /api/v1/media/upload HTTP/1.1\" 201 316 \"http://localhost:5173/\" \"Mozilla/5.0 (Windows NT 10.0; Win64; x64) AppleWebKit/537.36 (KHTML, like Gecko) Chrome/148.0.0.0 Safari/537.36\"","service":"visual-whiteboard-api","timestamp":"2026-05-19 01:23:40"}
{"level":"info","message":"::1 - - [18/May/2026:19:53:52 +0000] \"PUT /api/v1/whiteboards/6a06e877af1816f5fe51d5e5/canvas HTTP/1.1\" 200 58 \"http://localhost:5173/\" \"Mozilla/5.0 (Windows NT 10.0; Win64; x64) AppleWebKit/537.36 (KHTML, like Gecko) Chrome/148.0.0.0 Safari/537.36\"","service":"visual-whiteboard-api","timestamp":"2026-05-19 01:23:52"}
{"level":"info","message":"::1 - - [18/May/2026:19:53:56 +0000] \"PUT /api/v1/whiteboards/6a06e877af1816f5fe51d5e5/canvas HTTP/1.1\" 200 58 \"http://localhost:5173/\" \"Mozilla/5.0 (Windows NT 10.0; Win64; x64) AppleWebKit/537.36 (KHTML, like Gecko) Chrome/148.0.0.0 Safari/537.36\"","service":"visual-whiteboard-api","timestamp":"2026-05-19 01:23:56"}
{"level":"info","message":"::1 - - [18/May/2026:19:55:35 +0000] \"POST /api/v1/media/upload HTTP/1.1\" 201 233 \"http://localhost:5173/\" \"Mozilla/5.0 (Windows NT 10.0; Win64; x64) AppleWebKit/537.36 (KHTML, like Gecko) Chrome/148.0.0.0 Safari/537.36\"","service":"visual-whiteboard-api","timestamp":"2026-05-19 01:25:35"}
{"level":"info","message":"::1 - - [18/May/2026:19:55:41 +0000] \"PUT /api/v1/whiteboards/6a06e877af1816f5fe51d5e5/canvas HTTP/1.1\" 200 58 \"http://localhost:5173/\" \"Mozilla/5.0 (Windows NT 10.0; Win64; x64) AppleWebKit/537.36 (KHTML, like Gecko) Chrome/148.0.0.0 Safari/537.36\"","service":"visual-whiteboard-api","timestamp":"2026-05-19 01:25:41"}
{"level":"info","message":"::1 - - [18/May/2026:19:55:49 +0000] \"PUT /api/v1/whiteboards/6a06e877af1816f5fe51d5e5/canvas HTTP/1.1\" 200 58 \"http://localhost:5173/\" \"Mozilla/5.0 (Windows NT 10.0; Win64; x64) AppleWebKit/537.36 (KHTML, like Gecko) Chrome/148.0.0.0 Safari/537.36\"","service":"visual-whiteboard-api","timestamp":"2026-05-19 01:25:49"}
{"level":"info","message":"User a@a.com left room whiteboard:6a06e877af1816f5fe51d5e5","service":"visual-whiteboard-api","timestamp":"2026-05-19 01:26:28"}
{"level":"info","message":"::1 - - [18/May/2026:19:56:29 +0000] \"GET /api/v1/whiteboards/6a06e877af1816f5fe51d5e5 HTTP/1.1\" 200 14153 \"http://localhost:5173/\" \"Mozilla/5.0 (Windows NT 10.0; Win64; x64) AppleWebKit/537.36 (KHTML, like Gecko) Chrome/148.0.0.0 Safari/537.36\"","service":"visual-whiteboard-api","timestamp":"2026-05-19 01:26:29"}
{"level":"info","message":"::1 - - [18/May/2026:19:56:29 +0000] \"GET /api/v1/whiteboards/6a06e877af1816f5fe51d5e5 HTTP/1.1\" 304 - \"http://localhost:5173/\" \"Mozilla/5.0 (Windows NT 10.0; Win64; x64) AppleWebKit/537.36 (KHTML, like Gecko) Chrome/148.0.0.0 Safari/537.36\"","service":"visual-whiteboard-api","timestamp":"2026-05-19 01:26:29"}
{"level":"info","message":"⚡ Socket connected: AaINchzJInoc3SNNAAAK (User: a@a.com)","service":"visual-whiteboard-api","timestamp":"2026-05-19 01:26:29"}
{"level":"info","message":"User a@a.com joined room whiteboard:6a06e877af1816f5fe51d5e5","service":"visual-whiteboard-api","timestamp":"2026-05-19 01:26:29"}
{"level":"info","message":"::1 - - [18/May/2026:19:56:30 +0000] \"GET /api/v1/media/proxy/b665f003aacafb455271e40a7480878f?token=eyJhbGciOiJIUzI1NiIsInR5cCI6IkpXVCJ9.eyJpZCI6IjZhMDVjOGEwZDk0ZjkxZmFiMTI4NGM0NyIsImlhdCI6MTc3OTEzMzY4NywiZXhwIjoxNzc5MTM0NTg3fQ.N5qLWz1UyhVYVcv5YHEC1BoVrwwCvHJgjvqNI1CA9Qo HTTP/1.1\" 200 - \"http://localhost:5173/\" \"Mozilla/5.0 (Windows NT 10.0; Win64; x64) AppleWebKit/537.36 (KHTML, like Gecko) Chrome/148.0.0.0 Safari/537.36\"","service":"visual-whiteboard-api","timestamp":"2026-05-19 01:26:30"}
{"level":"info","message":"Graceful shutdown initiated...","service":"visual-whiteboard-api","timestamp":"2026-05-19 01:27:35"}
{"level":"info","message":"Connected to MongoDB","service":"visual-whiteboard-api","timestamp":"2026-05-19 01:27:39"}
{"level":"info","message":"🚀 Connected to Redis","service":"visual-whiteboard-api","timestamp":"2026-05-19 01:27:39"}
{"level":"info","message":"Server running in development mode on port 5000","service":"visual-whiteboard-api","timestamp":"2026-05-19 01:27:39"}
{"level":"info","message":"🚀 Socket.io Redis Adapter configured","service":"visual-whiteboard-api","timestamp":"2026-05-19 01:27:39"}
{"level":"info","message":"::1 - - [18/May/2026:19:57:41 +0000] \"GET /api/v1/whiteboards/6a06e877af1816f5fe51d5e5 HTTP/1.1\" 304 - \"http://localhost:5173/\" \"Mozilla/5.0 (Windows NT 10.0; Win64; x64) AppleWebKit/537.36 (KHTML, like Gecko) Chrome/148.0.0.0 Safari/537.36\"","service":"visual-whiteboard-api","timestamp":"2026-05-19 01:27:41"}
{"level":"info","message":"::1 - - [18/May/2026:19:57:41 +0000] \"GET /api/v1/whiteboards/6a06e877af1816f5fe51d5e5 HTTP/1.1\" 304 - \"http://localhost:5173/\" \"Mozilla/5.0 (Windows NT 10.0; Win64; x64) AppleWebKit/537.36 (KHTML, like Gecko) Chrome/148.0.0.0 Safari/537.36\"","service":"visual-whiteboard-api","timestamp":"2026-05-19 01:27:41"}
{"level":"info","message":"⚡ Socket connected: ak5Xp78cSUR7Lq1wAAAC (User: a@a.com)","service":"visual-whiteboard-api","timestamp":"2026-05-19 01:27:41"}
{"level":"info","message":"User a@a.com joined room whiteboard:6a06e877af1816f5fe51d5e5","service":"visual-whiteboard-api","timestamp":"2026-05-19 01:27:41"}
{"level":"info","message":"::1 - - [18/May/2026:19:57:43 +0000] \"GET /api/v1/media/proxy/b665f003aacafb455271e40a7480878f?token=eyJhbGciOiJIUzI1NiIsInR5cCI6IkpXVCJ9.eyJpZCI6IjZhMDVjOGEwZDk0ZjkxZmFiMTI4NGM0NyIsImlhdCI6MTc3OTEzMzY4NywiZXhwIjoxNzc5MTM0NTg3fQ.N5qLWz1UyhVYVcv5YHEC1BoVrwwCvHJgjvqNI1CA9Qo HTTP/1.1\" 200 - \"http://localhost:5173/\" \"Mozilla/5.0 (Windows NT 10.0; Win64; x64) AppleWebKit/537.36 (KHTML, like Gecko) Chrome/148.0.0.0 Safari/537.36\"","service":"visual-whiteboard-api","timestamp":"2026-05-19 01:27:43"}
{"level":"info","message":"::1 - - [18/May/2026:19:57:59 +0000] \"POST /api/v1/media/upload HTTP/1.1\" 201 232 \"http://localhost:5173/\" \"Mozilla/5.0 (Windows NT 10.0; Win64; x64) AppleWebKit/537.36 (KHTML, like Gecko) Chrome/148.0.0.0 Safari/537.36\"","service":"visual-whiteboard-api","timestamp":"2026-05-19 01:27:59"}
{"level":"info","message":"::1 - - [18/May/2026:19:58:00 +0000] \"PUT /api/v1/whiteboards/6a06e877af1816f5fe51d5e5/canvas HTTP/1.1\" 200 58 \"http://localhost:5173/\" \"Mozilla/5.0 (Windows NT 10.0; Win64; x64) AppleWebKit/537.36 (KHTML, like Gecko) Chrome/148.0.0.0 Safari/537.36\"","service":"visual-whiteboard-api","timestamp":"2026-05-19 01:28:00"}
{"level":"info","message":"::1 - - [18/May/2026:19:58:04 +0000] \"PUT /api/v1/whiteboards/6a06e877af1816f5fe51d5e5/canvas HTTP/1.1\" 200 58 \"http://localhost:5173/\" \"Mozilla/5.0 (Windows NT 10.0; Win64; x64) AppleWebKit/537.36 (KHTML, like Gecko) Chrome/148.0.0.0 Safari/537.36\"","service":"visual-whiteboard-api","timestamp":"2026-05-19 01:28:04"}
{"level":"info","message":"::1 - - [18/May/2026:19:58:13 +0000] \"PUT /api/v1/whiteboards/6a06e877af1816f5fe51d5e5/canvas HTTP/1.1\" 200 58 \"http://localhost:5173/\" \"Mozilla/5.0 (Windows NT 10.0; Win64; x64) AppleWebKit/537.36 (KHTML, like Gecko) Chrome/148.0.0.0 Safari/537.36\"","service":"visual-whiteboard-api","timestamp":"2026-05-19 01:28:13"}
{"level":"info","message":"::1 - - [18/May/2026:19:58:15 +0000] \"PUT /api/v1/whiteboards/6a06e877af1816f5fe51d5e5/canvas HTTP/1.1\" 200 58 \"http://localhost:5173/\" \"Mozilla/5.0 (Windows NT 10.0; Win64; x64) AppleWebKit/537.36 (KHTML, like Gecko) Chrome/148.0.0.0 Safari/537.36\"","service":"visual-whiteboard-api","timestamp":"2026-05-19 01:28:15"}
{"level":"info","message":"::1 - - [18/May/2026:19:58:20 +0000] \"PUT /api/v1/whiteboards/6a06e877af1816f5fe51d5e5/canvas HTTP/1.1\" 200 58 \"http://localhost:5173/\" \"Mozilla/5.0 (Windows NT 10.0; Win64; x64) AppleWebKit/537.36 (KHTML, like Gecko) Chrome/148.0.0.0 Safari/537.36\"","service":"visual-whiteboard-api","timestamp":"2026-05-19 01:28:20"}
{"level":"info","message":"::1 - - [18/May/2026:19:58:30 +0000] \"PUT /api/v1/whiteboards/6a06e877af1816f5fe51d5e5/canvas HTTP/1.1\" 200 58 \"http://localhost:5173/\" \"Mozilla/5.0 (Windows NT 10.0; Win64; x64) AppleWebKit/537.36 (KHTML, like Gecko) Chrome/148.0.0.0 Safari/537.36\"","service":"visual-whiteboard-api","timestamp":"2026-05-19 01:28:30"}
{"level":"info","message":"::1 - - [18/May/2026:19:58:35 +0000] \"PUT /api/v1/whiteboards/6a06e877af1816f5fe51d5e5/canvas HTTP/1.1\" 200 58 \"http://localhost:5173/\" \"Mozilla/5.0 (Windows NT 10.0; Win64; x64) AppleWebKit/537.36 (KHTML, like Gecko) Chrome/148.0.0.0 Safari/537.36\"","service":"visual-whiteboard-api","timestamp":"2026-05-19 01:28:35"}
{"level":"info","message":"::1 - - [18/May/2026:20:01:33 +0000] \"PUT /api/v1/whiteboards/6a06e877af1816f5fe51d5e5/canvas HTTP/1.1\" 200 58 \"http://localhost:5173/\" \"Mozilla/5.0 (Windows NT 10.0; Win64; x64) AppleWebKit/537.36 (KHTML, like Gecko) Chrome/148.0.0.0 Safari/537.36\"","service":"visual-whiteboard-api","timestamp":"2026-05-19 01:31:33"}
{"level":"info","message":"Graceful shutdown initiated...","service":"visual-whiteboard-api","timestamp":"2026-05-19 01:48:21"}
{"level":"info","message":"Connected to MongoDB","service":"visual-whiteboard-api","timestamp":"2026-05-19 01:48:24"}
{"level":"info","message":"🚀 Connected to Redis","service":"visual-whiteboard-api","timestamp":"2026-05-19 01:48:24"}
{"level":"info","message":"Server running in development mode on port 5000","service":"visual-whiteboard-api","timestamp":"2026-05-19 01:48:24"}
{"level":"info","message":"🚀 Socket.io Redis Adapter configured","service":"visual-whiteboard-api","timestamp":"2026-05-19 01:48:24"}
{"level":"error","message":"Authentication error: jwt expired","service":"visual-whiteboard-api","timestamp":"2026-05-19 01:48:24"}
{"level":"info","message":"::1 - - [18/May/2026:20:18:24 +0000] \"GET /api/v1/whiteboards HTTP/1.1\" 401 81 \"http://localhost:5173/\" \"Mozilla/5.0 (Windows NT 10.0; Win64; x64) AppleWebKit/537.36 (KHTML, like Gecko) Chrome/148.0.0.0 Safari/537.36\"","service":"visual-whiteboard-api","timestamp":"2026-05-19 01:48:24"}
{"level":"error","message":"Authentication error: jwt expired","service":"visual-whiteboard-api","timestamp":"2026-05-19 01:48:24"}
{"level":"info","message":"::1 - - [18/May/2026:20:18:24 +0000] \"GET /api/v1/whiteboards HTTP/1.1\" 401 81 \"http://localhost:5173/\" \"Mozilla/5.0 (Windows NT 10.0; Win64; x64) AppleWebKit/537.36 (KHTML, like Gecko) Chrome/148.0.0.0 Safari/537.36\"","service":"visual-whiteboard-api","timestamp":"2026-05-19 01:48:24"}
{"level":"info","message":"::ffff:127.0.0.1 - - [18/May/2026:20:18:33 +0000] \"POST /api/v1/auth/login HTTP/1.1\" 200 392 \"http://localhost:5173/\" \"Mozilla/5.0 (Windows NT 10.0; Win64; x64) AppleWebKit/537.36 (KHTML, like Gecko) Chrome/148.0.0.0 Safari/537.36\"","service":"visual-whiteboard-api","timestamp":"2026-05-19 01:48:33"}
{"level":"info","message":"::ffff:127.0.0.1 - - [18/May/2026:20:18:33 +0000] \"GET /api/v1/whiteboards HTTP/1.1\" 200 1150 \"http://localhost:5173/\" \"Mozilla/5.0 (Windows NT 10.0; Win64; x64) AppleWebKit/537.36 (KHTML, like Gecko) Chrome/148.0.0.0 Safari/537.36\"","service":"visual-whiteboard-api","timestamp":"2026-05-19 01:48:33"}
{"level":"info","message":"::ffff:127.0.0.1 - - [18/May/2026:20:18:33 +0000] \"GET /api/v1/whiteboards HTTP/1.1\" 304 - \"http://localhost:5173/\" \"Mozilla/5.0 (Windows NT 10.0; Win64; x64) AppleWebKit/537.36 (KHTML, like Gecko) Chrome/148.0.0.0 Safari/537.36\"","service":"visual-whiteboard-api","timestamp":"2026-05-19 01:48:33"}
{"level":"info","message":"::ffff:127.0.0.1 - - [18/May/2026:20:18:34 +0000] \"GET /api/v1/whiteboards/6a06e877af1816f5fe51d5e5 HTTP/1.1\" 200 14153 \"http://localhost:5173/\" \"Mozilla/5.0 (Windows NT 10.0; Win64; x64) AppleWebKit/537.36 (KHTML, like Gecko) Chrome/148.0.0.0 Safari/537.36\"","service":"visual-whiteboard-api","timestamp":"2026-05-19 01:48:34"}
{"level":"info","message":"⚡ Socket connected: VpRZK01TOhaV18yoAAAC (User: a@a.com)","service":"visual-whiteboard-api","timestamp":"2026-05-19 01:48:34"}
{"level":"info","message":"User a@a.com joined room whiteboard:6a06e877af1816f5fe51d5e5","service":"visual-whiteboard-api","timestamp":"2026-05-19 01:48:34"}
{"level":"info","message":"::ffff:127.0.0.1 - - [18/May/2026:20:18:36 +0000] \"GET /api/v1/media/proxy/b665f003aacafb455271e40a7480878f?token=eyJhbGciOiJIUzI1NiIsInR5cCI6IkpXVCJ9.eyJpZCI6IjZhMDVjOGEwZDk0ZjkxZmFiMTI4NGM0NyIsImlhdCI6MTc3OTEzNTUxMywiZXhwIjoxNzc5MTM2NDEzfQ.161KAEeXrxnIn2wQou_FBaiW1UIXXnREF4W8W-MXBrY HTTP/1.1\" 200 - \"http://localhost:5173/\" \"Mozilla/5.0 (Windows NT 10.0; Win64; x64) AppleWebKit/537.36 (KHTML, like Gecko) Chrome/148.0.0.0 Safari/537.36\"","service":"visual-whiteboard-api","timestamp":"2026-05-19 01:48:36"}
{"level":"info","message":"::1 - - [18/May/2026:20:18:56 +0000] \"POST /api/v1/media/upload HTTP/1.1\" 201 232 \"http://localhost:5173/\" \"Mozilla/5.0 (Windows NT 10.0; Win64; x64) AppleWebKit/537.36 (KHTML, like Gecko) Chrome/148.0.0.0 Safari/537.36\"","service":"visual-whiteboard-api","timestamp":"2026-05-19 01:48:56"}
{"level":"info","message":"::1 - - [18/May/2026:20:19:01 +0000] \"PUT /api/v1/whiteboards/6a06e877af1816f5fe51d5e5/canvas HTTP/1.1\" 200 58 \"http://localhost:5173/\" \"Mozilla/5.0 (Windows NT 10.0; Win64; x64) AppleWebKit/537.36 (KHTML, like Gecko) Chrome/148.0.0.0 Safari/537.36\"","service":"visual-whiteboard-api","timestamp":"2026-05-19 01:49:01"}
{"level":"info","message":"::1 - - [18/May/2026:20:19:07 +0000] \"PUT /api/v1/whiteboards/6a06e877af1816f5fe51d5e5/canvas HTTP/1.1\" 200 58 \"http://localhost:5173/\" \"Mozilla/5.0 (Windows NT 10.0; Win64; x64) AppleWebKit/537.36 (KHTML, like Gecko) Chrome/148.0.0.0 Safari/537.36\"","service":"visual-whiteboard-api","timestamp":"2026-05-19 01:49:07"}
{"level":"info","message":"::1 - - [18/May/2026:20:19:10 +0000] \"PUT /api/v1/whiteboards/6a06e877af1816f5fe51d5e5/canvas HTTP/1.1\" 200 58 \"http://localhost:5173/\" \"Mozilla/5.0 (Windows NT 10.0; Win64; x64) AppleWebKit/537.36 (KHTML, like Gecko) Chrome/148.0.0.0 Safari/537.36\"","service":"visual-whiteboard-api","timestamp":"2026-05-19 01:49:10"}
{"level":"info","message":"User a@a.com left room whiteboard:6a06e877af1816f5fe51d5e5","service":"visual-whiteboard-api","timestamp":"2026-05-19 01:50:58"}
{"level":"info","message":"::1 - - [18/May/2026:20:20:58 +0000] \"GET /api/v1/whiteboards/6a06e877af1816f5fe51d5e5 HTTP/1.1\" 200 17050 \"http://localhost:5173/\" \"Mozilla/5.0 (Windows NT 10.0; Win64; x64) AppleWebKit/537.36 (KHTML, like Gecko) Chrome/148.0.0.0 Safari/537.36\"","service":"visual-whiteboard-api","timestamp":"2026-05-19 01:50:58"}
{"level":"info","message":"::1 - - [18/May/2026:20:20:58 +0000] \"GET /api/v1/whiteboards/6a06e877af1816f5fe51d5e5 HTTP/1.1\" 304 - \"http://localhost:5173/\" \"Mozilla/5.0 (Windows NT 10.0; Win64; x64) AppleWebKit/537.36 (KHTML, like Gecko) Chrome/148.0.0.0 Safari/537.36\"","service":"visual-whiteboard-api","timestamp":"2026-05-19 01:50:58"}
{"level":"info","message":"⚡ Socket connected: ljgUH_aSXYdptZkkAAAF (User: a@a.com)","service":"visual-whiteboard-api","timestamp":"2026-05-19 01:50:58"}
{"level":"info","message":"User a@a.com joined room whiteboard:6a06e877af1816f5fe51d5e5","service":"visual-whiteboard-api","timestamp":"2026-05-19 01:50:58"}
{"level":"info","message":"::1 - - [18/May/2026:20:21:00 +0000] \"GET /api/v1/media/proxy/b665f003aacafb455271e40a7480878f?token=eyJhbGciOiJIUzI1NiIsInR5cCI6IkpXVCJ9.eyJpZCI6IjZhMDVjOGEwZDk0ZjkxZmFiMTI4NGM0NyIsImlhdCI6MTc3OTEzNTUxMywiZXhwIjoxNzc5MTM2NDEzfQ.161KAEeXrxnIn2wQou_FBaiW1UIXXnREF4W8W-MXBrY HTTP/1.1\" 200 - \"http://localhost:5173/\" \"Mozilla/5.0 (Windows NT 10.0; Win64; x64) AppleWebKit/537.36 (KHTML, like Gecko) Chrome/148.0.0.0 Safari/537.36\"","service":"visual-whiteboard-api","timestamp":"2026-05-19 01:51:00"}
{"level":"info","message":"::1 - - [18/May/2026:20:21:16 +0000] \"PUT /api/v1/whiteboards/6a06e877af1816f5fe51d5e5/canvas HTTP/1.1\" 200 58 \"http://localhost:5173/\" \"Mozilla/5.0 (Windows NT 10.0; Win64; x64) AppleWebKit/537.36 (KHTML, like Gecko) Chrome/148.0.0.0 Safari/537.36\"","service":"visual-whiteboard-api","timestamp":"2026-05-19 01:51:16"}
{"level":"info","message":"User a@a.com left room whiteboard:6a06e877af1816f5fe51d5e5","service":"visual-whiteboard-api","timestamp":"2026-05-19 01:53:12"}
{"level":"info","message":"::1 - - [18/May/2026:20:23:12 +0000] \"GET /api/v1/whiteboards/6a06e877af1816f5fe51d5e5 HTTP/1.1\" 200 16969 \"http://localhost:5173/\" \"Mozilla/5.0 (Windows NT 10.0; Win64; x64) AppleWebKit/537.36 (KHTML, like Gecko) Chrome/148.0.0.0 Safari/537.36\"","service":"visual-whiteboard-api","timestamp":"2026-05-19 01:53:12"}
{"level":"info","message":"::1 - - [18/May/2026:20:23:12 +0000] \"GET /api/v1/whiteboards/6a06e877af1816f5fe51d5e5 HTTP/1.1\" 304 - \"http://localhost:5173/\" \"Mozilla/5.0 (Windows NT 10.0; Win64; x64) AppleWebKit/537.36 (KHTML, like Gecko) Chrome/148.0.0.0 Safari/537.36\"","service":"visual-whiteboard-api","timestamp":"2026-05-19 01:53:12"}
{"level":"info","message":"⚡ Socket connected: ilck_LUyn7mzc8UBAAAI (User: a@a.com)","service":"visual-whiteboard-api","timestamp":"2026-05-19 01:53:12"}
{"level":"info","message":"User a@a.com joined room whiteboard:6a06e877af1816f5fe51d5e5","service":"visual-whiteboard-api","timestamp":"2026-05-19 01:53:12"}
{"level":"info","message":"::1 - - [18/May/2026:20:23:13 +0000] \"GET /api/v1/media/proxy/b665f003aacafb455271e40a7480878f?token=eyJhbGciOiJIUzI1NiIsInR5cCI6IkpXVCJ9.eyJpZCI6IjZhMDVjOGEwZDk0ZjkxZmFiMTI4NGM0NyIsImlhdCI6MTc3OTEzNTUxMywiZXhwIjoxNzc5MTM2NDEzfQ.161KAEeXrxnIn2wQou_FBaiW1UIXXnREF4W8W-MXBrY HTTP/1.1\" 200 - \"http://localhost:5173/\" \"Mozilla/5.0 (Windows NT 10.0; Win64; x64) AppleWebKit/537.36 (KHTML, like Gecko) Chrome/148.0.0.0 Safari/537.36\"","service":"visual-whiteboard-api","timestamp":"2026-05-19 01:53:13"}
{"level":"info","message":"::1 - - [18/May/2026:20:23:29 +0000] \"PUT /api/v1/whiteboards/6a06e877af1816f5fe51d5e5/canvas HTTP/1.1\" 200 58 \"http://localhost:5173/\" \"Mozilla/5.0 (Windows NT 10.0; Win64; x64) AppleWebKit/537.36 (KHTML, like Gecko) Chrome/148.0.0.0 Safari/537.36\"","service":"visual-whiteboard-api","timestamp":"2026-05-19 01:53:29"}
{"level":"info","message":"::1 - - [18/May/2026:20:23:35 +0000] \"PUT /api/v1/whiteboards/6a06e877af1816f5fe51d5e5/canvas HTTP/1.1\" 200 58 \"http://localhost:5173/\" \"Mozilla/5.0 (Windows NT 10.0; Win64; x64) AppleWebKit/537.36 (KHTML, like Gecko) Chrome/148.0.0.0 Safari/537.36\"","service":"visual-whiteboard-api","timestamp":"2026-05-19 01:53:35"}
{"level":"info","message":"::1 - - [18/May/2026:20:23:43 +0000] \"PUT /api/v1/whiteboards/6a06e877af1816f5fe51d5e5/canvas HTTP/1.1\" 200 58 \"http://localhost:5173/\" \"Mozilla/5.0 (Windows NT 10.0; Win64; x64) AppleWebKit/537.36 (KHTML, like Gecko) Chrome/148.0.0.0 Safari/537.36\"","service":"visual-whiteboard-api","timestamp":"2026-05-19 01:53:43"}
{"level":"info","message":"::1 - - [18/May/2026:20:24:06 +0000] \"PUT /api/v1/whiteboards/6a06e877af1816f5fe51d5e5/canvas HTTP/1.1\" 200 58 \"http://localhost:5173/\" \"Mozilla/5.0 (Windows NT 10.0; Win64; x64) AppleWebKit/537.36 (KHTML, like Gecko) Chrome/148.0.0.0 Safari/537.36\"","service":"visual-whiteboard-api","timestamp":"2026-05-19 01:54:06"}
{"level":"info","message":"::1 - - [18/May/2026:20:24:15 +0000] \"PUT /api/v1/whiteboards/6a06e877af1816f5fe51d5e5/canvas HTTP/1.1\" 200 58 \"http://localhost:5173/\" \"Mozilla/5.0 (Windows NT 10.0; Win64; x64) AppleWebKit/537.36 (KHTML, like Gecko) Chrome/148.0.0.0 Safari/537.36\"","service":"visual-whiteboard-api","timestamp":"2026-05-19 01:54:15"}
{"level":"info","message":"User a@a.com left room whiteboard:6a06e877af1816f5fe51d5e5","service":"visual-whiteboard-api","timestamp":"2026-05-19 01:56:52"}
{"level":"info","message":"::1 - - [18/May/2026:20:26:52 +0000] \"GET /api/v1/whiteboards/6a06e877af1816f5fe51d5e5 HTTP/1.1\" 200 16934 \"http://localhost:5173/\" \"Mozilla/5.0 (Windows NT 10.0; Win64; x64) AppleWebKit/537.36 (KHTML, like Gecko) Chrome/148.0.0.0 Safari/537.36\"","service":"visual-whiteboard-api","timestamp":"2026-05-19 01:56:52"}
{"level":"info","message":"::1 - - [18/May/2026:20:26:52 +0000] \"GET /api/v1/whiteboards/6a06e877af1816f5fe51d5e5 HTTP/1.1\" 304 - \"http://localhost:5173/\" \"Mozilla/5.0 (Windows NT 10.0; Win64; x64) AppleWebKit/537.36 (KHTML, like Gecko) Chrome/148.0.0.0 Safari/537.36\"","service":"visual-whiteboard-api","timestamp":"2026-05-19 01:56:52"}
{"level":"info","message":"⚡ Socket connected: 3i4q0UEgxwAy7lWCAAAL (User: a@a.com)","service":"visual-whiteboard-api","timestamp":"2026-05-19 01:56:53"}
{"level":"info","message":"User a@a.com joined room whiteboard:6a06e877af1816f5fe51d5e5","service":"visual-whiteboard-api","timestamp":"2026-05-19 01:56:53"}
{"level":"info","message":"::1 - - [18/May/2026:20:26:54 +0000] \"GET /api/v1/media/proxy/b665f003aacafb455271e40a7480878f?token=eyJhbGciOiJIUzI1NiIsInR5cCI6IkpXVCJ9.eyJpZCI6IjZhMDVjOGEwZDk0ZjkxZmFiMTI4NGM0NyIsImlhdCI6MTc3OTEzNTUxMywiZXhwIjoxNzc5MTM2NDEzfQ.161KAEeXrxnIn2wQou_FBaiW1UIXXnREF4W8W-MXBrY HTTP/1.1\" 200 - \"http://localhost:5173/\" \"Mozilla/5.0 (Windows NT 10.0; Win64; x64) AppleWebKit/537.36 (KHTML, like Gecko) Chrome/148.0.0.0 Safari/537.36\"","service":"visual-whiteboard-api","timestamp":"2026-05-19 01:56:54"}
{"level":"info","message":"::1 - - [18/May/2026:20:27:03 +0000] \"PUT /api/v1/whiteboards/6a06e877af1816f5fe51d5e5/canvas HTTP/1.1\" 200 58 \"http://localhost:5173/\" \"Mozilla/5.0 (Windows NT 10.0; Win64; x64) AppleWebKit/537.36 (KHTML, like Gecko) Chrome/148.0.0.0 Safari/537.36\"","service":"visual-whiteboard-api","timestamp":"2026-05-19 01:57:03"}
{"level":"info","message":"::1 - - [18/May/2026:20:27:06 +0000] \"PUT /api/v1/whiteboards/6a06e877af1816f5fe51d5e5/canvas HTTP/1.1\" 200 58 \"http://localhost:5173/\" \"Mozilla/5.0 (Windows NT 10.0; Win64; x64) AppleWebKit/537.36 (KHTML, like Gecko) Chrome/148.0.0.0 Safari/537.36\"","service":"visual-whiteboard-api","timestamp":"2026-05-19 01:57:06"}
{"level":"info","message":"User a@a.com left room whiteboard:6a06e877af1816f5fe51d5e5","service":"visual-whiteboard-api","timestamp":"2026-05-19 02:01:07"}
{"level":"info","message":"::1 - - [18/May/2026:20:31:07 +0000] \"GET /api/v1/whiteboards/6a06e877af1816f5fe51d5e5 HTTP/1.1\" 200 16406 \"http://localhost:5173/\" \"Mozilla/5.0 (Windows NT 10.0; Win64; x64) AppleWebKit/537.36 (KHTML, like Gecko) Chrome/148.0.0.0 Safari/537.36\"","service":"visual-whiteboard-api","timestamp":"2026-05-19 02:01:07"}
{"level":"info","message":"::1 - - [18/May/2026:20:31:07 +0000] \"GET /api/v1/whiteboards/6a06e877af1816f5fe51d5e5 HTTP/1.1\" 304 - \"http://localhost:5173/\" \"Mozilla/5.0 (Windows NT 10.0; Win64; x64) AppleWebKit/537.36 (KHTML, like Gecko) Chrome/148.0.0.0 Safari/537.36\"","service":"visual-whiteboard-api","timestamp":"2026-05-19 02:01:07"}
{"level":"info","message":"⚡ Socket connected: 0zlHKAg_eUQ-vFjTAAAO (User: a@a.com)","service":"visual-whiteboard-api","timestamp":"2026-05-19 02:01:07"}
{"level":"info","message":"User a@a.com joined room whiteboard:6a06e877af1816f5fe51d5e5","service":"visual-whiteboard-api","timestamp":"2026-05-19 02:01:07"}
{"level":"info","message":"::1 - - [18/May/2026:20:31:08 +0000] \"GET /api/v1/media/proxy/b665f003aacafb455271e40a7480878f?token=eyJhbGciOiJIUzI1NiIsInR5cCI6IkpXVCJ9.eyJpZCI6IjZhMDVjOGEwZDk0ZjkxZmFiMTI4NGM0NyIsImlhdCI6MTc3OTEzNTUxMywiZXhwIjoxNzc5MTM2NDEzfQ.161KAEeXrxnIn2wQou_FBaiW1UIXXnREF4W8W-MXBrY HTTP/1.1\" 200 - \"http://localhost:5173/\" \"Mozilla/5.0 (Windows NT 10.0; Win64; x64) AppleWebKit/537.36 (KHTML, like Gecko) Chrome/148.0.0.0 Safari/537.36\"","service":"visual-whiteboard-api","timestamp":"2026-05-19 02:01:08"}
{"level":"info","message":"::1 - - [18/May/2026:20:31:28 +0000] \"PUT /api/v1/whiteboards/6a06e877af1816f5fe51d5e5/canvas HTTP/1.1\" 200 58 \"http://localhost:5173/\" \"Mozilla/5.0 (Windows NT 10.0; Win64; x64) AppleWebKit/537.36 (KHTML, like Gecko) Chrome/148.0.0.0 Safari/537.36\"","service":"visual-whiteboard-api","timestamp":"2026-05-19 02:01:28"}
{"level":"info","message":"::1 - - [18/May/2026:20:31:33 +0000] \"PUT /api/v1/whiteboards/6a06e877af1816f5fe51d5e5/canvas HTTP/1.1\" 200 58 \"http://localhost:5173/\" \"Mozilla/5.0 (Windows NT 10.0; Win64; x64) AppleWebKit/537.36 (KHTML, like Gecko) Chrome/148.0.0.0 Safari/537.36\"","service":"visual-whiteboard-api","timestamp":"2026-05-19 02:01:33"}
{"level":"info","message":"::1 - - [18/May/2026:20:32:06 +0000] \"PUT /api/v1/whiteboards/6a06e877af1816f5fe51d5e5/canvas HTTP/1.1\" 200 58 \"http://localhost:5173/\" \"Mozilla/5.0 (Windows NT 10.0; Win64; x64) AppleWebKit/537.36 (KHTML, like Gecko) Chrome/148.0.0.0 Safari/537.36\"","service":"visual-whiteboard-api","timestamp":"2026-05-19 02:02:06"}
{"level":"info","message":"::1 - - [18/May/2026:20:32:18 +0000] \"PUT /api/v1/whiteboards/6a06e877af1816f5fe51d5e5/canvas HTTP/1.1\" 200 58 \"http://localhost:5173/\" \"Mozilla/5.0 (Windows NT 10.0; Win64; x64) AppleWebKit/537.36 (KHTML, like Gecko) Chrome/148.0.0.0 Safari/537.36\"","service":"visual-whiteboard-api","timestamp":"2026-05-19 02:02:18"}
{"level":"info","message":"::1 - - [18/May/2026:20:32:26 +0000] \"PUT /api/v1/whiteboards/6a06e877af1816f5fe51d5e5/canvas HTTP/1.1\" 200 58 \"http://localhost:5173/\" \"Mozilla/5.0 (Windows NT 10.0; Win64; x64) AppleWebKit/537.36 (KHTML, like Gecko) Chrome/148.0.0.0 Safari/537.36\"","service":"visual-whiteboard-api","timestamp":"2026-05-19 02:02:26"}
{"level":"info","message":"::1 - - [18/May/2026:20:32:36 +0000] \"PUT /api/v1/whiteboards/6a06e877af1816f5fe51d5e5/canvas HTTP/1.1\" 200 58 \"http://localhost:5173/\" \"Mozilla/5.0 (Windows NT 10.0; Win64; x64) AppleWebKit/537.36 (KHTML, like Gecko) Chrome/148.0.0.0 Safari/537.36\"","service":"visual-whiteboard-api","timestamp":"2026-05-19 02:02:36"}
{"level":"info","message":"::1 - - [18/May/2026:20:32:45 +0000] \"PUT /api/v1/whiteboards/6a06e877af1816f5fe51d5e5/canvas HTTP/1.1\" 200 58 \"http://localhost:5173/\" \"Mozilla/5.0 (Windows NT 10.0; Win64; x64) AppleWebKit/537.36 (KHTML, like Gecko) Chrome/148.0.0.0 Safari/537.36\"","service":"visual-whiteboard-api","timestamp":"2026-05-19 02:02:45"}
{"level":"info","message":"::1 - - [18/May/2026:20:32:55 +0000] \"PUT /api/v1/whiteboards/6a06e877af1816f5fe51d5e5/canvas HTTP/1.1\" 200 58 \"http://localhost:5173/\" \"Mozilla/5.0 (Windows NT 10.0; Win64; x64) AppleWebKit/537.36 (KHTML, like Gecko) Chrome/148.0.0.0 Safari/537.36\"","service":"visual-whiteboard-api","timestamp":"2026-05-19 02:02:55"}
{"level":"error","message":"Authentication error: jwt expired","service":"visual-whiteboard-api","timestamp":"2026-05-19 02:03:36"}
{"level":"info","message":"::1 - - [18/May/2026:20:33:36 +0000] \"PUT /api/v1/whiteboards/6a06e877af1816f5fe51d5e5/canvas HTTP/1.1\" 401 81 \"http://localhost:5173/\" \"Mozilla/5.0 (Windows NT 10.0; Win64; x64) AppleWebKit/537.36 (KHTML, like Gecko) Chrome/148.0.0.0 Safari/537.36\"","service":"visual-whiteboard-api","timestamp":"2026-05-19 02:03:36"}
{"level":"error","message":"Authentication error: jwt expired","service":"visual-whiteboard-api","timestamp":"2026-05-19 02:03:40"}
{"level":"info","message":"::1 - - [18/May/2026:20:33:40 +0000] \"PUT /api/v1/whiteboards/6a06e877af1816f5fe51d5e5/canvas HTTP/1.1\" 401 81 \"http://localhost:5173/\" \"Mozilla/5.0 (Windows NT 10.0; Win64; x64) AppleWebKit/537.36 (KHTML, like Gecko) Chrome/148.0.0.0 Safari/537.36\"","service":"visual-whiteboard-api","timestamp":"2026-05-19 02:03:40"}
{"level":"error","message":"Authentication error: jwt expired","service":"visual-whiteboard-api","timestamp":"2026-05-19 02:03:46"}
{"level":"info","message":"::1 - - [18/May/2026:20:33:46 +0000] \"PUT /api/v1/whiteboards/6a06e877af1816f5fe51d5e5/canvas HTTP/1.1\" 401 81 \"http://localhost:5173/\" \"Mozilla/5.0 (Windows NT 10.0; Win64; x64) AppleWebKit/537.36 (KHTML, like Gecko) Chrome/148.0.0.0 Safari/537.36\"","service":"visual-whiteboard-api","timestamp":"2026-05-19 02:03:46"}
{"level":"error","message":"Authentication error: jwt expired","service":"visual-whiteboard-api","timestamp":"2026-05-19 02:03:51"}
{"level":"info","message":"::1 - - [18/May/2026:20:33:51 +0000] \"PUT /api/v1/whiteboards/6a06e877af1816f5fe51d5e5/canvas HTTP/1.1\" 401 81 \"http://localhost:5173/\" \"Mozilla/5.0 (Windows NT 10.0; Win64; x64) AppleWebKit/537.36 (KHTML, like Gecko) Chrome/148.0.0.0 Safari/537.36\"","service":"visual-whiteboard-api","timestamp":"2026-05-19 02:03:51"}
{"level":"info","message":"User a@a.com left room whiteboard:6a06e877af1816f5fe51d5e5","service":"visual-whiteboard-api","timestamp":"2026-05-19 02:07:29"}
{"level":"error","message":"Authentication error: jwt expired","service":"visual-whiteboard-api","timestamp":"2026-05-19 02:07:29"}
{"level":"info","message":"::1 - - [18/May/2026:20:37:29 +0000] \"GET /api/v1/whiteboards HTTP/1.1\" 401 81 \"http://localhost:5173/\" \"Mozilla/5.0 (Windows NT 10.0; Win64; x64) AppleWebKit/537.36 (KHTML, like Gecko) Chrome/148.0.0.0 Safari/537.36\"","service":"visual-whiteboard-api","timestamp":"2026-05-19 02:07:29"}
{"level":"error","message":"Authentication error: jwt expired","service":"visual-whiteboard-api","timestamp":"2026-05-19 02:07:29"}
{"level":"info","message":"::1 - - [18/May/2026:20:37:29 +0000] \"GET /api/v1/whiteboards HTTP/1.1\" 401 81 \"http://localhost:5173/\" \"Mozilla/5.0 (Windows NT 10.0; Win64; x64) AppleWebKit/537.36 (KHTML, like Gecko) Chrome/148.0.0.0 Safari/537.36\"","service":"visual-whiteboard-api","timestamp":"2026-05-19 02:07:29"}
{"level":"info","message":"Graceful shutdown initiated...","service":"visual-whiteboard-api","timestamp":"2026-05-19 02:07:32"}
{"level":"info","message":"Connected to MongoDB","service":"visual-whiteboard-api","timestamp":"2026-05-19 02:07:34"}
{"level":"info","message":"🚀 Connected to Redis","service":"visual-whiteboard-api","timestamp":"2026-05-19 02:07:34"}
{"level":"info","message":"Server running in development mode on port 5000","service":"visual-whiteboard-api","timestamp":"2026-05-19 02:07:34"}
{"level":"info","message":"🚀 Socket.io Redis Adapter configured","service":"visual-whiteboard-api","timestamp":"2026-05-19 02:07:34"}
{"level":"info","message":"::1 - - [18/May/2026:20:37:45 +0000] \"POST /api/v1/auth/login HTTP/1.1\" 200 392 \"http://localhost:5173/\" \"Mozilla/5.0 (Windows NT 10.0; Win64; x64) AppleWebKit/537.36 (KHTML, like Gecko) Chrome/148.0.0.0 Safari/537.36\"","service":"visual-whiteboard-api","timestamp":"2026-05-19 02:07:45"}
{"level":"info","message":"::1 - - [18/May/2026:20:37:45 +0000] \"GET /api/v1/whiteboards HTTP/1.1\" 200 1150 \"http://localhost:5173/\" \"Mozilla/5.0 (Windows NT 10.0; Win64; x64) AppleWebKit/537.36 (KHTML, like Gecko) Chrome/148.0.0.0 Safari/537.36\"","service":"visual-whiteboard-api","timestamp":"2026-05-19 02:07:45"}
{"level":"info","message":"::1 - - [18/May/2026:20:37:45 +0000] \"GET /api/v1/whiteboards HTTP/1.1\" 304 - \"http://localhost:5173/\" \"Mozilla/5.0 (Windows NT 10.0; Win64; x64) AppleWebKit/537.36 (KHTML, like Gecko) Chrome/148.0.0.0 Safari/537.36\"","service":"visual-whiteboard-api","timestamp":"2026-05-19 02:07:45"}
{"level":"info","message":"::1 - - [18/May/2026:20:37:46 +0000] \"GET /api/v1/whiteboards/6a06e877af1816f5fe51d5e5 HTTP/1.1\" 200 16918 \"http://localhost:5173/\" \"Mozilla/5.0 (Windows NT 10.0; Win64; x64) AppleWebKit/537.36 (KHTML, like Gecko) Chrome/148.0.0.0 Safari/537.36\"","service":"visual-whiteboard-api","timestamp":"2026-05-19 02:07:46"}
{"level":"info","message":"⚡ Socket connected: 4eheiXwgD0nU0D5ZAAAC (User: a@a.com)","service":"visual-whiteboard-api","timestamp":"2026-05-19 02:07:46"}
{"level":"info","message":"User a@a.com joined room whiteboard:6a06e877af1816f5fe51d5e5","service":"visual-whiteboard-api","timestamp":"2026-05-19 02:07:46"}
{"level":"info","message":"::1 - - [18/May/2026:20:37:47 +0000] \"GET /api/v1/media/proxy/b665f003aacafb455271e40a7480878f?token=eyJhbGciOiJIUzI1NiIsInR5cCI6IkpXVCJ9.eyJpZCI6IjZhMDVjOGEwZDk0ZjkxZmFiMTI4NGM0NyIsImlhdCI6MTc3OTEzNjY2NSwiZXhwIjoxNzc5MTM3NTY1fQ.-TlYJkCFudYXIKNO-cvc8doeKZu3AAKJePeQZdAI6WI HTTP/1.1\" 200 - \"http://localhost:5173/\" \"Mozilla/5.0 (Windows NT 10.0; Win64; x64) AppleWebKit/537.36 (KHTML, like Gecko) Chrome/148.0.0.0 Safari/537.36\"","service":"visual-whiteboard-api","timestamp":"2026-05-19 02:07:47"}
{"level":"info","message":"::1 - - [18/May/2026:20:38:10 +0000] \"PUT /api/v1/whiteboards/6a06e877af1816f5fe51d5e5/canvas HTTP/1.1\" 200 58 \"http://localhost:5173/\" \"Mozilla/5.0 (Windows NT 10.0; Win64; x64) AppleWebKit/537.36 (KHTML, like Gecko) Chrome/148.0.0.0 Safari/537.36\"","service":"visual-whiteboard-api","timestamp":"2026-05-19 02:08:10"}
{"level":"info","message":"User a@a.com left room whiteboard:6a06e877af1816f5fe51d5e5","service":"visual-whiteboard-api","timestamp":"2026-05-19 02:08:38"}
{"level":"info","message":"::1 - - [18/May/2026:20:38:39 +0000] \"GET /api/v1/whiteboards/6a06e877af1816f5fe51d5e5 HTTP/1.1\" 200 16918 \"http://localhost:5173/\" \"Mozilla/5.0 (Windows NT 10.0; Win64; x64) AppleWebKit/537.36 (KHTML, like Gecko) Chrome/148.0.0.0 Safari/537.36\"","service":"visual-whiteboard-api","timestamp":"2026-05-19 02:08:39"}
{"level":"info","message":"::1 - - [18/May/2026:20:38:39 +0000] \"GET /api/v1/whiteboards/6a06e877af1816f5fe51d5e5 HTTP/1.1\" 304 - \"http://localhost:5173/\" \"Mozilla/5.0 (Windows NT 10.0; Win64; x64) AppleWebKit/537.36 (KHTML, like Gecko) Chrome/148.0.0.0 Safari/537.36\"","service":"visual-whiteboard-api","timestamp":"2026-05-19 02:08:39"}
{"level":"info","message":"⚡ Socket connected: DWSvgfr1GaJcZBfHAAAF (User: a@a.com)","service":"visual-whiteboard-api","timestamp":"2026-05-19 02:08:39"}
{"level":"info","message":"User a@a.com joined room whiteboard:6a06e877af1816f5fe51d5e5","service":"visual-whiteboard-api","timestamp":"2026-05-19 02:08:39"}
{"level":"info","message":"::1 - - [18/May/2026:20:38:41 +0000] \"GET /api/v1/media/proxy/b665f003aacafb455271e40a7480878f?token=eyJhbGciOiJIUzI1NiIsInR5cCI6IkpXVCJ9.eyJpZCI6IjZhMDVjOGEwZDk0ZjkxZmFiMTI4NGM0NyIsImlhdCI6MTc3OTEzNjY2NSwiZXhwIjoxNzc5MTM3NTY1fQ.-TlYJkCFudYXIKNO-cvc8doeKZu3AAKJePeQZdAI6WI HTTP/1.1\" 200 - \"http://localhost:5173/\" \"Mozilla/5.0 (Windows NT 10.0; Win64; x64) AppleWebKit/537.36 (KHTML, like Gecko) Chrome/148.0.0.0 Safari/537.36\"","service":"visual-whiteboard-api","timestamp":"2026-05-19 02:08:41"}
{"level":"info","message":"User a@a.com left room whiteboard:6a06e877af1816f5fe51d5e5","service":"visual-whiteboard-api","timestamp":"2026-05-19 02:08:41"}
{"level":"info","message":"::1 - - [18/May/2026:20:38:41 +0000] \"GET /api/v1/whiteboards HTTP/1.1\" 200 1150 \"http://localhost:5173/\" \"Mozilla/5.0 (Windows NT 10.0; Win64; x64) AppleWebKit/537.36 (KHTML, like Gecko) Chrome/148.0.0.0 Safari/537.36\"","service":"visual-whiteboard-api","timestamp":"2026-05-19 02:08:41"}
{"level":"info","message":"::1 - - [18/May/2026:20:38:41 +0000] \"GET /api/v1/whiteboards HTTP/1.1\" 304 - \"http://localhost:5173/\" \"Mozilla/5.0 (Windows NT 10.0; Win64; x64) AppleWebKit/537.36 (KHTML, like Gecko) Chrome/148.0.0.0 Safari/537.36\"","service":"visual-whiteboard-api","timestamp":"2026-05-19 02:08:41"}
{"level":"info","message":"::1 - - [18/May/2026:20:38:44 +0000] \"GET /api/v1/whiteboards/6a06e877af1816f5fe51d5e5 HTTP/1.1\" 304 - \"http://localhost:5173/\" \"Mozilla/5.0 (Windows NT 10.0; Win64; x64) AppleWebKit/537.36 (KHTML, like Gecko) Chrome/148.0.0.0 Safari/537.36\"","service":"visual-whiteboard-api","timestamp":"2026-05-19 02:08:44"}
{"level":"info","message":"⚡ Socket connected: REKWuJ6JC_tdELxxAAAI (User: a@a.com)","service":"visual-whiteboard-api","timestamp":"2026-05-19 02:08:44"}
{"level":"info","message":"User a@a.com joined room whiteboard:6a06e877af1816f5fe51d5e5","service":"visual-whiteboard-api","timestamp":"2026-05-19 02:08:44"}
{"level":"info","message":"::1 - - [18/May/2026:20:38:51 +0000] \"PUT /api/v1/whiteboards/6a06e877af1816f5fe51d5e5/canvas HTTP/1.1\" 200 58 \"http://localhost:5173/\" \"Mozilla/5.0 (Windows NT 10.0; Win64; x64) AppleWebKit/537.36 (KHTML, like Gecko) Chrome/148.0.0.0 Safari/537.36\"","service":"visual-whiteboard-api","timestamp":"2026-05-19 02:08:51"}
{"level":"info","message":"::1 - - [18/May/2026:20:38:57 +0000] \"PUT /api/v1/whiteboards/6a06e877af1816f5fe51d5e5/canvas HTTP/1.1\" 200 58 \"http://localhost:5173/\" \"Mozilla/5.0 (Windows NT 10.0; Win64; x64) AppleWebKit/537.36 (KHTML, like Gecko) Chrome/148.0.0.0 Safari/537.36\"","service":"visual-whiteboard-api","timestamp":"2026-05-19 02:08:57"}
{"level":"info","message":"::1 - - [18/May/2026:20:39:03 +0000] \"PUT /api/v1/whiteboards/6a06e877af1816f5fe51d5e5/canvas HTTP/1.1\" 200 58 \"http://localhost:5173/\" \"Mozilla/5.0 (Windows NT 10.0; Win64; x64) AppleWebKit/537.36 (KHTML, like Gecko) Chrome/148.0.0.0 Safari/537.36\"","service":"visual-whiteboard-api","timestamp":"2026-05-19 02:09:03"}
{"level":"info","message":"::1 - - [18/May/2026:20:39:06 +0000] \"PUT /api/v1/whiteboards/6a06e877af1816f5fe51d5e5/canvas HTTP/1.1\" 200 58 \"http://localhost:5173/\" \"Mozilla/5.0 (Windows NT 10.0; Win64; x64) AppleWebKit/537.36 (KHTML, like Gecko) Chrome/148.0.0.0 Safari/537.36\"","service":"visual-whiteboard-api","timestamp":"2026-05-19 02:09:06"}
{"level":"info","message":"::1 - - [18/May/2026:20:39:24 +0000] \"PUT /api/v1/whiteboards/6a06e877af1816f5fe51d5e5/canvas HTTP/1.1\" 200 58 \"http://localhost:5173/\" \"Mozilla/5.0 (Windows NT 10.0; Win64; x64) AppleWebKit/537.36 (KHTML, like Gecko) Chrome/148.0.0.0 Safari/537.36\"","service":"visual-whiteboard-api","timestamp":"2026-05-19 02:09:24"}
{"level":"info","message":"::1 - - [18/May/2026:20:39:29 +0000] \"PUT /api/v1/whiteboards/6a06e877af1816f5fe51d5e5/canvas HTTP/1.1\" 200 58 \"http://localhost:5173/\" \"Mozilla/5.0 (Windows NT 10.0; Win64; x64) AppleWebKit/537.36 (KHTML, like Gecko) Chrome/148.0.0.0 Safari/537.36\"","service":"visual-whiteboard-api","timestamp":"2026-05-19 02:09:29"}
{"level":"info","message":"::1 - - [18/May/2026:20:39:36 +0000] \"PUT /api/v1/whiteboards/6a06e877af1816f5fe51d5e5/canvas HTTP/1.1\" 200 58 \"http://localhost:5173/\" \"Mozilla/5.0 (Windows NT 10.0; Win64; x64) AppleWebKit/537.36 (KHTML, like Gecko) Chrome/148.0.0.0 Safari/537.36\"","service":"visual-whiteboard-api","timestamp":"2026-05-19 02:09:36"}
{"level":"info","message":"::1 - - [18/May/2026:20:39:39 +0000] \"PUT /api/v1/whiteboards/6a06e877af1816f5fe51d5e5/canvas HTTP/1.1\" 200 58 \"http://localhost:5173/\" \"Mozilla/5.0 (Windows NT 10.0; Win64; x64) AppleWebKit/537.36 (KHTML, like Gecko) Chrome/148.0.0.0 Safari/537.36\"","service":"visual-whiteboard-api","timestamp":"2026-05-19 02:09:39"}
{"level":"info","message":"::1 - - [18/May/2026:20:39:43 +0000] \"PUT /api/v1/whiteboards/6a06e877af1816f5fe51d5e5/canvas HTTP/1.1\" 200 58 \"http://localhost:5173/\" \"Mozilla/5.0 (Windows NT 10.0; Win64; x64) AppleWebKit/537.36 (KHTML, like Gecko) Chrome/148.0.0.0 Safari/537.36\"","service":"visual-whiteboard-api","timestamp":"2026-05-19 02:09:43"}
{"level":"info","message":"::1 - - [18/May/2026:20:39:57 +0000] \"PUT /api/v1/whiteboards/6a06e877af1816f5fe51d5e5/canvas HTTP/1.1\" 200 58 \"http://localhost:5173/\" \"Mozilla/5.0 (Windows NT 10.0; Win64; x64) AppleWebKit/537.36 (KHTML, like Gecko) Chrome/148.0.0.0 Safari/537.36\"","service":"visual-whiteboard-api","timestamp":"2026-05-19 02:09:57"}
{"level":"info","message":"::1 - - [18/May/2026:20:40:10 +0000] \"PUT /api/v1/whiteboards/6a06e877af1816f5fe51d5e5/canvas HTTP/1.1\" 200 58 \"http://localhost:5173/\" \"Mozilla/5.0 (Windows NT 10.0; Win64; x64) AppleWebKit/537.36 (KHTML, like Gecko) Chrome/148.0.0.0 Safari/537.36\"","service":"visual-whiteboard-api","timestamp":"2026-05-19 02:10:10"}
{"level":"info","message":"::1 - - [18/May/2026:20:40:21 +0000] \"PUT /api/v1/whiteboards/6a06e877af1816f5fe51d5e5/canvas HTTP/1.1\" 200 58 \"http://localhost:5173/\" \"Mozilla/5.0 (Windows NT 10.0; Win64; x64) AppleWebKit/537.36 (KHTML, like Gecko) Chrome/148.0.0.0 Safari/537.36\"","service":"visual-whiteboard-api","timestamp":"2026-05-19 02:10:21"}
{"level":"info","message":"::1 - - [18/May/2026:20:40:26 +0000] \"PUT /api/v1/whiteboards/6a06e877af1816f5fe51d5e5/canvas HTTP/1.1\" 200 58 \"http://localhost:5173/\" \"Mozilla/5.0 (Windows NT 10.0; Win64; x64) AppleWebKit/537.36 (KHTML, like Gecko) Chrome/148.0.0.0 Safari/537.36\"","service":"visual-whiteboard-api","timestamp":"2026-05-19 02:10:26"}
{"level":"info","message":"::1 - - [18/May/2026:20:43:45 +0000] \"POST /api/v1/auth/login HTTP/1.1\" 401 55 \"http://localhost:5173/\" \"Mozilla/5.0 (Windows NT 10.0; Win64; x64) AppleWebKit/537.36 (KHTML, like Gecko) Chrome/148.0.0.0 Safari/537.36\"","service":"visual-whiteboard-api","timestamp":"2026-05-19 02:13:45"}
{"level":"info","message":"::1 - - [18/May/2026:20:44:11 +0000] \"POST /api/v1/auth/register HTTP/1.1\" 400 49 \"http://localhost:5173/\" \"Mozilla/5.0 (Windows NT 10.0; Win64; x64) AppleWebKit/537.36 (KHTML, like Gecko) Chrome/148.0.0.0 Safari/537.36\"","service":"visual-whiteboard-api","timestamp":"2026-05-19 02:14:11"}
{"level":"info","message":"::1 - - [18/May/2026:20:44:46 +0000] \"POST /api/v1/auth/register HTTP/1.1\" 201 405 \"http://localhost:5173/\" \"Mozilla/5.0 (Windows NT 10.0; Win64; x64) AppleWebKit/537.36 (KHTML, like Gecko) Chrome/148.0.0.0 Safari/537.36\"","service":"visual-whiteboard-api","timestamp":"2026-05-19 02:14:46"}
{"level":"info","message":"::1 - - [18/May/2026:20:44:46 +0000] \"GET /api/v1/whiteboards HTTP/1.1\" 200 42 \"http://localhost:5173/\" \"Mozilla/5.0 (Windows NT 10.0; Win64; x64) AppleWebKit/537.36 (KHTML, like Gecko) Chrome/148.0.0.0 Safari/537.36\"","service":"visual-whiteboard-api","timestamp":"2026-05-19 02:14:46"}
{"level":"info","message":"::1 - - [18/May/2026:20:44:46 +0000] \"GET /api/v1/whiteboards HTTP/1.1\" 304 - \"http://localhost:5173/\" \"Mozilla/5.0 (Windows NT 10.0; Win64; x64) AppleWebKit/537.36 (KHTML, like Gecko) Chrome/148.0.0.0 Safari/537.36\"","service":"visual-whiteboard-api","timestamp":"2026-05-19 02:14:46"}
{"level":"info","message":"::1 - - [18/May/2026:20:44:56 +0000] \"POST /api/v1/whiteboards HTTP/1.1\" 201 252 \"http://localhost:5173/\" \"Mozilla/5.0 (Windows NT 10.0; Win64; x64) AppleWebKit/537.36 (KHTML, like Gecko) Chrome/148.0.0.0 Safari/537.36\"","service":"visual-whiteboard-api","timestamp":"2026-05-19 02:14:56"}
{"level":"info","message":"::1 - - [18/May/2026:20:44:56 +0000] \"GET /api/v1/whiteboards/6a0b7a488c5d0759b187a771 HTTP/1.1\" 200 323 \"http://localhost:5173/\" \"Mozilla/5.0 (Windows NT 10.0; Win64; x64) AppleWebKit/537.36 (KHTML, like Gecko) Chrome/148.0.0.0 Safari/537.36\"","service":"visual-whiteboard-api","timestamp":"2026-05-19 02:14:56"}
{"level":"info","message":"⚡ Socket connected: NoqSkfmdzp6UdZuqAAAL (User: test@test.com)","service":"visual-whiteboard-api","timestamp":"2026-05-19 02:14:56"}
{"level":"info","message":"User test@test.com joined room whiteboard:6a0b7a488c5d0759b187a771","service":"visual-whiteboard-api","timestamp":"2026-05-19 02:14:56"}
{"level":"info","message":"::1 - - [18/May/2026:20:45:14 +0000] \"POST /api/v1/media/upload HTTP/1.1\" 201 213 \"http://localhost:5173/\" \"Mozilla/5.0 (Windows NT 10.0; Win64; x64) AppleWebKit/537.36 (KHTML, like Gecko) Chrome/148.0.0.0 Safari/537.36\"","service":"visual-whiteboard-api","timestamp":"2026-05-19 02:15:14"}
{"level":"info","message":"::1 - - [18/May/2026:20:45:15 +0000] \"GET /api/v1/media/proxy/e2e354e0ae75d0d4d659a566318ee7f0?token=eyJhbGciOiJIUzI1NiIsInR5cCI6IkpXVCJ9.eyJpZCI6IjZhMGI3YTNkOGM1ZDA3NTliMTg3YTc2ZiIsImlhdCI6MTc3OTEzNzA4NiwiZXhwIjoxNzc5MTM3OTg2fQ.ET7ZLqZEFvLDjO2_JfUQqFfkCDVw3DGnsGNX1P4iCSg HTTP/1.1\" 200 - \"http://localhost:5173/\" \"Mozilla/5.0 (Windows NT 10.0; Win64; x64) AppleWebKit/537.36 (KHTML, like Gecko) Chrome/148.0.0.0 Safari/537.36\"","service":"visual-whiteboard-api","timestamp":"2026-05-19 02:15:15"}
{"level":"info","message":"User test@test.com left room whiteboard:6a0b7a488c5d0759b187a771","service":"visual-whiteboard-api","timestamp":"2026-05-19 02:15:44"}
{"level":"info","message":"::1 - - [18/May/2026:20:45:44 +0000] \"GET /api/v1/whiteboards HTTP/1.1\" 200 266 \"http://localhost:5173/\" \"Mozilla/5.0 (Windows NT 10.0; Win64; x64) AppleWebKit/537.36 (KHTML, like Gecko) Chrome/148.0.0.0 Safari/537.36\"","service":"visual-whiteboard-api","timestamp":"2026-05-19 02:15:44"}
{"level":"info","message":"::1 - - [18/May/2026:20:45:44 +0000] \"GET /api/v1/whiteboards HTTP/1.1\" 304 - \"http://localhost:5173/\" \"Mozilla/5.0 (Windows NT 10.0; Win64; x64) AppleWebKit/537.36 (KHTML, like Gecko) Chrome/148.0.0.0 Safari/537.36\"","service":"visual-whiteboard-api","timestamp":"2026-05-19 02:15:44"}
{"level":"info","message":"::1 - - [18/May/2026:20:45:52 +0000] \"GET /api/v1/whiteboards/6a0b7a488c5d0759b187a771 HTTP/1.1\" 304 - \"http://localhost:5173/\" \"Mozilla/5.0 (Windows NT 10.0; Win64; x64) AppleWebKit/537.36 (KHTML, like Gecko) Chrome/148.0.0.0 Safari/537.36\"","service":"visual-whiteboard-api","timestamp":"2026-05-19 02:15:52"}
{"level":"info","message":"⚡ Socket connected: xNIulbn69H1McEL1AAAO (User: test@test.com)","service":"visual-whiteboard-api","timestamp":"2026-05-19 02:15:52"}
{"level":"info","message":"User test@test.com joined room whiteboard:6a0b7a488c5d0759b187a771","service":"visual-whiteboard-api","timestamp":"2026-05-19 02:15:52"}
{"level":"info","message":"User test@test.com left room whiteboard:6a0b7a488c5d0759b187a771","service":"visual-whiteboard-api","timestamp":"2026-05-19 02:16:03"}
{"level":"info","message":"::1 - - [18/May/2026:20:46:03 +0000] \"GET /api/v1/whiteboards HTTP/1.1\" 304 - \"http://localhost:5173/\" \"Mozilla/5.0 (Windows NT 10.0; Win64; x64) AppleWebKit/537.36 (KHTML, like Gecko) Chrome/148.0.0.0 Safari/537.36\"","service":"visual-whiteboard-api","timestamp":"2026-05-19 02:16:03"}
{"level":"info","message":"::1 - - [18/May/2026:20:46:03 +0000] \"GET /api/v1/whiteboards HTTP/1.1\" 304 - \"http://localhost:5173/\" \"Mozilla/5.0 (Windows NT 10.0; Win64; x64) AppleWebKit/537.36 (KHTML, like Gecko) Chrome/148.0.0.0 Safari/537.36\"","service":"visual-whiteboard-api","timestamp":"2026-05-19 02:16:03"}
{"level":"info","message":"::1 - - [18/May/2026:20:46:33 +0000] \"POST /api/v1/auth/login HTTP/1.1\" 401 55 \"http://localhost:5173/\" \"Mozilla/5.0 (Windows NT 10.0; Win64; x64) AppleWebKit/537.36 (KHTML, like Gecko) Chrome/148.0.0.0 Safari/537.36\"","service":"visual-whiteboard-api","timestamp":"2026-05-19 02:16:33"}
{"level":"info","message":"::1 - - [18/May/2026:20:47:12 +0000] \"POST /api/v1/auth/login HTTP/1.1\" 200 405 \"http://localhost:5173/\" \"Mozilla/5.0 (Windows NT 10.0; Win64; x64) AppleWebKit/537.36 (KHTML, like Gecko) Chrome/148.0.0.0 Safari/537.36\"","service":"visual-whiteboard-api","timestamp":"2026-05-19 02:17:12"}
{"level":"info","message":"::1 - - [18/May/2026:20:47:12 +0000] \"GET /api/v1/whiteboards HTTP/1.1\" 304 - \"http://localhost:5173/\" \"Mozilla/5.0 (Windows NT 10.0; Win64; x64) AppleWebKit/537.36 (KHTML, like Gecko) Chrome/148.0.0.0 Safari/537.36\"","service":"visual-whiteboard-api","timestamp":"2026-05-19 02:17:12"}
{"level":"info","message":"::1 - - [18/May/2026:20:47:12 +0000] \"GET /api/v1/whiteboards HTTP/1.1\" 304 - \"http://localhost:5173/\" \"Mozilla/5.0 (Windows NT 10.0; Win64; x64) AppleWebKit/537.36 (KHTML, like Gecko) Chrome/148.0.0.0 Safari/537.36\"","service":"visual-whiteboard-api","timestamp":"2026-05-19 02:17:12"}
{"level":"info","message":"::1 - - [18/May/2026:20:47:20 +0000] \"GET /api/v1/whiteboards/6a0b7a488c5d0759b187a771 HTTP/1.1\" 304 - \"http://localhost:5173/\" \"Mozilla/5.0 (Windows NT 10.0; Win64; x64) AppleWebKit/537.36 (KHTML, like Gecko) Chrome/148.0.0.0 Safari/537.36\"","service":"visual-whiteboard-api","timestamp":"2026-05-19 02:17:20"}
{"level":"info","message":"⚡ Socket connected: M5FeTpg0hUmoMSYaAAAR (User: test@test.com)","service":"visual-whiteboard-api","timestamp":"2026-05-19 02:17:21"}
{"level":"info","message":"User test@test.com joined room whiteboard:6a0b7a488c5d0759b187a771","service":"visual-whiteboard-api","timestamp":"2026-05-19 02:17:21"}
{"level":"info","message":"User test@test.com left room whiteboard:6a0b7a488c5d0759b187a771","service":"visual-whiteboard-api","timestamp":"2026-05-19 02:17:59"}
{"level":"info","message":"::1 - - [18/May/2026:20:47:59 +0000] \"GET /api/v1/whiteboards HTTP/1.1\" 304 - \"http://localhost:5173/\" \"Mozilla/5.0 (Windows NT 10.0; Win64; x64) AppleWebKit/537.36 (KHTML, like Gecko) Chrome/148.0.0.0 Safari/537.36\"","service":"visual-whiteboard-api","timestamp":"2026-05-19 02:17:59"}
{"level":"info","message":"::1 - - [18/May/2026:20:47:59 +0000] \"GET /api/v1/whiteboards HTTP/1.1\" 304 - \"http://localhost:5173/\" \"Mozilla/5.0 (Windows NT 10.0; Win64; x64) AppleWebKit/537.36 (KHTML, like Gecko) Chrome/148.0.0.0 Safari/537.36\"","service":"visual-whiteboard-api","timestamp":"2026-05-19 02:17:59"}
{"level":"info","message":"::1 - - [18/May/2026:20:48:38 +0000] \"POST /api/v1/auth/login HTTP/1.1\" 401 55 \"http://localhost:5173/\" \"Mozilla/5.0 (Windows NT 10.0; Win64; x64) AppleWebKit/537.36 (KHTML, like Gecko) Chrome/148.0.0.0 Safari/537.36\"","service":"visual-whiteboard-api","timestamp":"2026-05-19 02:18:38"}
{"level":"info","message":"::1 - - [18/May/2026:20:52:41 +0000] \"POST /api/v1/auth/login HTTP/1.1\" 200 405 \"http://localhost:5173/\" \"Mozilla/5.0 (Windows NT 10.0; Win64; x64) AppleWebKit/537.36 (KHTML, like Gecko) Chrome/148.0.0.0 Safari/537.36\"","service":"visual-whiteboard-api","timestamp":"2026-05-19 02:22:41"}
{"level":"info","message":"::1 - - [18/May/2026:20:52:41 +0000] \"GET /api/v1/whiteboards HTTP/1.1\" 304 - \"http://localhost:5173/\" \"Mozilla/5.0 (Windows NT 10.0; Win64; x64) AppleWebKit/537.36 (KHTML, like Gecko) Chrome/148.0.0.0 Safari/537.36\"","service":"visual-whiteboard-api","timestamp":"2026-05-19 02:22:41"}
{"level":"info","message":"::1 - - [18/May/2026:20:52:41 +0000] \"GET /api/v1/whiteboards HTTP/1.1\" 304 - \"http://localhost:5173/\" \"Mozilla/5.0 (Windows NT 10.0; Win64; x64) AppleWebKit/537.36 (KHTML, like Gecko) Chrome/148.0.0.0 Safari/537.36\"","service":"visual-whiteboard-api","timestamp":"2026-05-19 02:22:41"}
{"level":"info","message":"::1 - - [18/May/2026:20:52:53 +0000] \"GET /api/v1/whiteboards/6a0b7a488c5d0759b187a771 HTTP/1.1\" 304 - \"http://localhost:5173/\" \"Mozilla/5.0 (Windows NT 10.0; Win64; x64) AppleWebKit/537.36 (KHTML, like Gecko) Chrome/148.0.0.0 Safari/537.36\"","service":"visual-whiteboard-api","timestamp":"2026-05-19 02:22:53"}
{"level":"info","message":"⚡ Socket connected: Ac9iss0kJCJXKC5wAAAU (User: test@test.com)","service":"visual-whiteboard-api","timestamp":"2026-05-19 02:22:54"}
{"level":"info","message":"User test@test.com joined room whiteboard:6a0b7a488c5d0759b187a771","service":"visual-whiteboard-api","timestamp":"2026-05-19 02:22:54"}
{"level":"info","message":"User test@test.com left room whiteboard:6a0b7a488c5d0759b187a771","service":"visual-whiteboard-api","timestamp":"2026-05-19 02:23:10"}
{"level":"info","message":"::1 - - [18/May/2026:20:53:10 +0000] \"GET /api/v1/whiteboards HTTP/1.1\" 304 - \"http://localhost:5173/\" \"Mozilla/5.0 (Windows NT 10.0; Win64; x64) AppleWebKit/537.36 (KHTML, like Gecko) Chrome/148.0.0.0 Safari/537.36\"","service":"visual-whiteboard-api","timestamp":"2026-05-19 02:23:10"}
{"level":"info","message":"::1 - - [18/May/2026:20:53:10 +0000] \"GET /api/v1/whiteboards HTTP/1.1\" 304 - \"http://localhost:5173/\" \"Mozilla/5.0 (Windows NT 10.0; Win64; x64) AppleWebKit/537.36 (KHTML, like Gecko) Chrome/148.0.0.0 Safari/537.36\"","service":"visual-whiteboard-api","timestamp":"2026-05-19 02:23:10"}
{"level":"info","message":"::1 - - [18/May/2026:20:53:18 +0000] \"GET /api/v1/whiteboards/6a0b7a488c5d0759b187a771 HTTP/1.1\" 304 - \"http://localhost:5173/\" \"Mozilla/5.0 (Windows NT 10.0; Win64; x64) AppleWebKit/537.36 (KHTML, like Gecko) Chrome/148.0.0.0 Safari/537.36\"","service":"visual-whiteboard-api","timestamp":"2026-05-19 02:23:18"}
{"level":"info","message":"⚡ Socket connected: K_chTiXwZnxnjRZ8AAAX (User: test@test.com)","service":"visual-whiteboard-api","timestamp":"2026-05-19 02:23:18"}
{"level":"info","message":"User test@test.com joined room whiteboard:6a0b7a488c5d0759b187a771","service":"visual-whiteboard-api","timestamp":"2026-05-19 02:23:18"}
{"level":"info","message":"::1 - - [18/May/2026:20:53:36 +0000] \"POST /api/v1/media/upload HTTP/1.1\" 201 213 \"http://localhost:5173/\" \"Mozilla/5.0 (Windows NT 10.0; Win64; x64) AppleWebKit/537.36 (KHTML, like Gecko) Chrome/148.0.0.0 Safari/537.36\"","service":"visual-whiteboard-api","timestamp":"2026-05-19 02:23:36"}
{"level":"info","message":"::1 - - [18/May/2026:20:53:38 +0000] \"GET /api/v1/media/proxy/e797c4d882c435d02d4d829875828258?token=eyJhbGciOiJIUzI1NiIsInR5cCI6IkpXVCJ9.eyJpZCI6IjZhMGI3YTNkOGM1ZDA3NTliMTg3YTc2ZiIsImlhdCI6MTc3OTEzNzU2MSwiZXhwIjoxNzc5MTM4NDYxfQ.JTKitxOwYDy3Ymxm_-e5KX0nNF8hbvEWeMlAadUID_I HTTP/1.1\" 200 - \"http://localhost:5173/\" \"Mozilla/5.0 (Windows NT 10.0; Win64; x64) AppleWebKit/537.36 (KHTML, like Gecko) Chrome/148.0.0.0 Safari/537.36\"","service":"visual-whiteboard-api","timestamp":"2026-05-19 02:23:38"}
{"level":"info","message":"User test@test.com left room whiteboard:6a0b7a488c5d0759b187a771","service":"visual-whiteboard-api","timestamp":"2026-05-19 02:24:20"}
{"level":"info","message":"::1 - - [18/May/2026:20:54:20 +0000] \"GET /api/v1/whiteboards HTTP/1.1\" 304 - \"http://localhost:5173/\" \"Mozilla/5.0 (Windows NT 10.0; Win64; x64) AppleWebKit/537.36 (KHTML, like Gecko) Chrome/148.0.0.0 Safari/537.36\"","service":"visual-whiteboard-api","timestamp":"2026-05-19 02:24:20"}
{"level":"info","message":"::1 - - [18/May/2026:20:54:20 +0000] \"GET /api/v1/whiteboards HTTP/1.1\" 304 - \"http://localhost:5173/\" \"Mozilla/5.0 (Windows NT 10.0; Win64; x64) AppleWebKit/537.36 (KHTML, like Gecko) Chrome/148.0.0.0 Safari/537.36\"","service":"visual-whiteboard-api","timestamp":"2026-05-19 02:24:20"}
{"level":"info","message":"::1 - - [18/May/2026:20:54:30 +0000] \"POST /api/v1/whiteboards HTTP/1.1\" 201 252 \"http://localhost:5173/\" \"Mozilla/5.0 (Windows NT 10.0; Win64; x64) AppleWebKit/537.36 (KHTML, like Gecko) Chrome/148.0.0.0 Safari/537.36\"","service":"visual-whiteboard-api","timestamp":"2026-05-19 02:24:30"}
{"level":"info","message":"::1 - - [18/May/2026:20:54:30 +0000] \"GET /api/v1/whiteboards/6a0b7c868c5d0759b187a785 HTTP/1.1\" 200 323 \"http://localhost:5173/\" \"Mozilla/5.0 (Windows NT 10.0; Win64; x64) AppleWebKit/537.36 (KHTML, like Gecko) Chrome/148.0.0.0 Safari/537.36\"","service":"visual-whiteboard-api","timestamp":"2026-05-19 02:24:30"}
{"level":"info","message":"⚡ Socket connected: 2LujAW3CQN4kG0mnAAAa (User: test@test.com)","service":"visual-whiteboard-api","timestamp":"2026-05-19 02:24:30"}
{"level":"info","message":"User test@test.com joined room whiteboard:6a0b7c868c5d0759b187a785","service":"visual-whiteboard-api","timestamp":"2026-05-19 02:24:30"}
{"level":"info","message":"User test@test.com left room whiteboard:6a0b7c868c5d0759b187a785","service":"visual-whiteboard-api","timestamp":"2026-05-19 02:24:48"}
{"level":"info","message":"::1 - - [18/May/2026:20:54:48 +0000] \"GET /api/v1/whiteboards/6a0b7a488c5d0759b187a771 HTTP/1.1\" 304 - \"http://localhost:5173/\" \"Mozilla/5.0 (Windows NT 10.0; Win64; x64) AppleWebKit/537.36 (KHTML, like Gecko) Chrome/148.0.0.0 Safari/537.36\"","service":"visual-whiteboard-api","timestamp":"2026-05-19 02:24:48"}
{"level":"info","message":"::1 - - [18/May/2026:20:54:48 +0000] \"GET /api/v1/whiteboards/6a0b7a488c5d0759b187a771 HTTP/1.1\" 304 - \"http://localhost:5173/\" \"Mozilla/5.0 (Windows NT 10.0; Win64; x64) AppleWebKit/537.36 (KHTML, like Gecko) Chrome/148.0.0.0 Safari/537.36\"","service":"visual-whiteboard-api","timestamp":"2026-05-19 02:24:48"}
{"level":"info","message":"⚡ Socket connected: Z4HRjDO4POt8vsn1AAAd (User: test@test.com)","service":"visual-whiteboard-api","timestamp":"2026-05-19 02:24:49"}
{"level":"info","message":"User test@test.com joined room whiteboard:6a0b7a488c5d0759b187a771","service":"visual-whiteboard-api","timestamp":"2026-05-19 02:24:49"}
{"level":"info","message":"User test@test.com left room whiteboard:6a0b7a488c5d0759b187a771","service":"visual-whiteboard-api","timestamp":"2026-05-19 02:25:11"}
{"level":"info","message":"::1 - - [18/May/2026:20:55:11 +0000] \"GET /api/v1/whiteboards/6a0b7a488c5d0759b187a771 HTTP/1.1\" 304 - \"http://localhost:5173/\" \"Mozilla/5.0 (Windows NT 10.0; Win64; x64) AppleWebKit/537.36 (KHTML, like Gecko) Chrome/148.0.0.0 Safari/537.36\"","service":"visual-whiteboard-api","timestamp":"2026-05-19 02:25:11"}
{"level":"info","message":"::1 - - [18/May/2026:20:55:11 +0000] \"GET /api/v1/whiteboards/6a0b7a488c5d0759b187a771 HTTP/1.1\" 304 - \"http://localhost:5173/\" \"Mozilla/5.0 (Windows NT 10.0; Win64; x64) AppleWebKit/537.36 (KHTML, like Gecko) Chrome/148.0.0.0 Safari/537.36\"","service":"visual-whiteboard-api","timestamp":"2026-05-19 02:25:11"}
{"level":"info","message":"⚡ Socket connected: YFAXxRqJK1LTktWrAAAg (User: test@test.com)","service":"visual-whiteboard-api","timestamp":"2026-05-19 02:25:11"}
{"level":"info","message":"User test@test.com joined room whiteboard:6a0b7a488c5d0759b187a771","service":"visual-whiteboard-api","timestamp":"2026-05-19 02:25:11"}
{"level":"info","message":"::1 - - [18/May/2026:20:55:37 +0000] \"POST /api/v1/media/upload HTTP/1.1\" 201 204 \"http://localhost:5173/\" \"Mozilla/5.0 (Windows NT 10.0; Win64; x64) AppleWebKit/537.36 (KHTML, like Gecko) Chrome/148.0.0.0 Safari/537.36\"","service":"visual-whiteboard-api","timestamp":"2026-05-19 02:25:37"}
{"level":"info","message":"::1 - - [18/May/2026:20:55:37 +0000] \"PUT /api/v1/whiteboards/6a0b7a488c5d0759b187a771/canvas HTTP/1.1\" 200 58 \"http://localhost:5173/\" \"Mozilla/5.0 (Windows NT 10.0; Win64; x64) AppleWebKit/537.36 (KHTML, like Gecko) Chrome/148.0.0.0 Safari/537.36\"","service":"visual-whiteboard-api","timestamp":"2026-05-19 02:25:37"}
{"level":"info","message":"::1 - - [18/May/2026:20:56:23 +0000] \"POST /api/v1/attachments/upload HTTP/1.1\" 201 478 \"http://localhost:5173/\" \"Mozilla/5.0 (Windows NT 10.0; Win64; x64) AppleWebKit/537.36 (KHTML, like Gecko) Chrome/148.0.0.0 Safari/537.36\"","service":"visual-whiteboard-api","timestamp":"2026-05-19 02:26:23"}
{"level":"info","message":"::1 - - [18/May/2026:20:56:38 +0000] \"GET /api/v1/attachments/6a0b7cf78c5d0759b187a78f/url HTTP/1.1\" 200 126 \"http://localhost:5173/\" \"Mozilla/5.0 (Windows NT 10.0; Win64; x64) AppleWebKit/537.36 (KHTML, like Gecko) Chrome/148.0.0.0 Safari/537.36\"","service":"visual-whiteboard-api","timestamp":"2026-05-19 02:26:38"}
{"level":"info","message":"::1 - - [18/May/2026:20:58:05 +0000] \"PUT /api/v1/whiteboards/6a0b7a488c5d0759b187a771/canvas HTTP/1.1\" 200 58 \"http://localhost:5173/\" \"Mozilla/5.0 (Windows NT 10.0; Win64; x64) AppleWebKit/537.36 (KHTML, like Gecko) Chrome/148.0.0.0 Safari/537.36\"","service":"visual-whiteboard-api","timestamp":"2026-05-19 02:28:05"}
{"level":"info","message":"User test@test.com left room whiteboard:6a0b7a488c5d0759b187a771","service":"visual-whiteboard-api","timestamp":"2026-05-19 02:33:10"}
{"level":"info","message":"::1 - - [18/May/2026:21:03:10 +0000] \"GET /api/v1/whiteboards HTTP/1.1\" 200 491 \"http://localhost:5173/\" \"Mozilla/5.0 (Windows NT 10.0; Win64; x64) AppleWebKit/537.36 (KHTML, like Gecko) Chrome/148.0.0.0 Safari/537.36\"","service":"visual-whiteboard-api","timestamp":"2026-05-19 02:33:10"}
{"level":"info","message":"::1 - - [18/May/2026:21:03:10 +0000] \"GET /api/v1/whiteboards HTTP/1.1\" 304 - \"http://localhost:5173/\" \"Mozilla/5.0 (Windows NT 10.0; Win64; x64) AppleWebKit/537.36 (KHTML, like Gecko) Chrome/148.0.0.0 Safari/537.36\"","service":"visual-whiteboard-api","timestamp":"2026-05-19 02:33:10"}
{"level":"info","message":"::1 - - [18/May/2026:21:03:12 +0000] \"GET /api/v1/whiteboards/6a0b7a488c5d0759b187a771 HTTP/1.1\" 200 4206 \"http://localhost:5173/\" \"Mozilla/5.0 (Windows NT 10.0; Win64; x64) AppleWebKit/537.36 (KHTML, like Gecko) Chrome/148.0.0.0 Safari/537.36\"","service":"visual-whiteboard-api","timestamp":"2026-05-19 02:33:12"}
{"level":"info","message":"⚡ Socket connected: xodRschpdcyOEO5eAAAj (User: test@test.com)","service":"visual-whiteboard-api","timestamp":"2026-05-19 02:33:12"}
{"level":"info","message":"User test@test.com joined room whiteboard:6a0b7a488c5d0759b187a771","service":"visual-whiteboard-api","timestamp":"2026-05-19 02:33:12"}
{"level":"info","message":"User test@test.com left room whiteboard:6a0b7a488c5d0759b187a771","service":"visual-whiteboard-api","timestamp":"2026-05-19 02:33:23"}
{"level":"info","message":"::1 - - [18/May/2026:21:03:23 +0000] \"GET /api/v1/whiteboards HTTP/1.1\" 304 - \"http://localhost:5173/\" \"Mozilla/5.0 (Windows NT 10.0; Win64; x64) AppleWebKit/537.36 (KHTML, like Gecko) Chrome/148.0.0.0 Safari/537.36\"","service":"visual-whiteboard-api","timestamp":"2026-05-19 02:33:23"}
{"level":"info","message":"::1 - - [18/May/2026:21:03:23 +0000] \"GET /api/v1/whiteboards HTTP/1.1\" 304 - \"http://localhost:5173/\" \"Mozilla/5.0 (Windows NT 10.0; Win64; x64) AppleWebKit/537.36 (KHTML, like Gecko) Chrome/148.0.0.0 Safari/537.36\"","service":"visual-whiteboard-api","timestamp":"2026-05-19 02:33:23"}
{"level":"error","message":"Authentication error: jwt expired","service":"visual-whiteboard-api","timestamp":"2026-05-19 02:39:51"}
{"level":"info","message":"::1 - - [18/May/2026:21:09:51 +0000] \"GET /api/v1/whiteboards/6a0b7a488c5d0759b187a771 HTTP/1.1\" 401 81 \"http://localhost:5173/\" \"Mozilla/5.0 (Windows NT 10.0; Win64; x64) AppleWebKit/537.36 (KHTML, like Gecko) Chrome/148.0.0.0 Safari/537.36\"","service":"visual-whiteboard-api","timestamp":"2026-05-19 02:39:51"}
{"level":"info","message":"::1 - - [18/May/2026:21:10:05 +0000] \"POST /api/v1/auth/login HTTP/1.1\" 200 392 \"http://localhost:5173/\" \"Mozilla/5.0 (Windows NT 10.0; Win64; x64) AppleWebKit/537.36 (KHTML, like Gecko) Chrome/148.0.0.0 Safari/537.36\"","service":"visual-whiteboard-api","timestamp":"2026-05-19 02:40:05"}
{"level":"info","message":"::1 - - [18/May/2026:21:10:05 +0000] \"GET /api/v1/whiteboards HTTP/1.1\" 200 1150 \"http://localhost:5173/\" \"Mozilla/5.0 (Windows NT 10.0; Win64; x64) AppleWebKit/537.36 (KHTML, like Gecko) Chrome/148.0.0.0 Safari/537.36\"","service":"visual-whiteboard-api","timestamp":"2026-05-19 02:40:05"}
{"level":"info","message":"::1 - - [18/May/2026:21:10:05 +0000] \"GET /api/v1/whiteboards HTTP/1.1\" 304 - \"http://localhost:5173/\" \"Mozilla/5.0 (Windows NT 10.0; Win64; x64) AppleWebKit/537.36 (KHTML, like Gecko) Chrome/148.0.0.0 Safari/537.36\"","service":"visual-whiteboard-api","timestamp":"2026-05-19 02:40:05"}
{"level":"info","message":"::1 - - [18/May/2026:21:10:07 +0000] \"GET /api/v1/whiteboards/6a06e877af1816f5fe51d5e5 HTTP/1.1\" 200 16753 \"http://localhost:5173/\" \"Mozilla/5.0 (Windows NT 10.0; Win64; x64) AppleWebKit/537.36 (KHTML, like Gecko) Chrome/148.0.0.0 Safari/537.36\"","service":"visual-whiteboard-api","timestamp":"2026-05-19 02:40:07"}
{"level":"info","message":"⚡ Socket connected: XPGAtEmb1a3uLTS7AAAm (User: a@a.com)","service":"visual-whiteboard-api","timestamp":"2026-05-19 02:40:07"}
{"level":"info","message":"User a@a.com joined room whiteboard:6a06e877af1816f5fe51d5e5","service":"visual-whiteboard-api","timestamp":"2026-05-19 02:40:07"}
{"level":"info","message":"::1 - - [18/May/2026:21:10:08 +0000] \"GET /api/v1/media/proxy/b665f003aacafb455271e40a7480878f?token=eyJhbGciOiJIUzI1NiIsInR5cCI6IkpXVCJ9.eyJpZCI6IjZhMDVjOGEwZDk0ZjkxZmFiMTI4NGM0NyIsImlhdCI6MTc3OTEzODYwNSwiZXhwIjoxNzc5MTM5NTA1fQ.Nah3zTUcHK3LJ9ddIZkQ3leeoozqvd0_6FottoN6JMk HTTP/1.1\" 200 - \"http://localhost:5173/\" \"Mozilla/5.0 (Windows NT 10.0; Win64; x64) AppleWebKit/537.36 (KHTML, like Gecko) Chrome/148.0.0.0 Safari/537.36\"","service":"visual-whiteboard-api","timestamp":"2026-05-19 02:40:08"}
{"level":"info","message":"::1 - - [18/May/2026:21:10:17 +0000] \"PUT /api/v1/whiteboards/6a06e877af1816f5fe51d5e5/canvas HTTP/1.1\" 200 58 \"http://localhost:5173/\" \"Mozilla/5.0 (Windows NT 10.0; Win64; x64) AppleWebKit/537.36 (KHTML, like Gecko) Chrome/148.0.0.0 Safari/537.36\"","service":"visual-whiteboard-api","timestamp":"2026-05-19 02:40:17"}
{"level":"info","message":"::1 - - [18/May/2026:21:10:32 +0000] \"GET /favicon.ico HTTP/1.1\" 404 70 \"-\" \"Mozilla/5.0 (Windows NT 10.0; Win64; x64) AppleWebKit/537.36 (KHTML, like Gecko) Chrome/148.0.0.0 Safari/537.36\"","service":"visual-whiteboard-api","timestamp":"2026-05-19 02:40:32"}
{"level":"info","message":"::1 - - [18/May/2026:21:10:33 +0000] \"GET /api/v1/media/proxy/18ab92ab48930e0d613dc9e18eb3a641?token=eyJhbGciOiJIUzI1NiIsInR5cCI6IkpXVCJ9.eyJpZCI6IjZhMDVjOGEwZDk0ZjkxZmFiMTI4NGM0NyIsImlhdCI6MTc3OTEzODYwNSwiZXhwIjoxNzc5MTM5NTA1fQ.Nah3zTUcHK3LJ9ddIZkQ3leeoozqvd0_6FottoN6JMk HTTP/1.1\" 200 - \"http://localhost:5173/\" \"Mozilla/5.0 (Windows NT 10.0; Win64; x64) AppleWebKit/537.36 (KHTML, like Gecko) Chrome/148.0.0.0 Safari/537.36\"","service":"visual-whiteboard-api","timestamp":"2026-05-19 02:40:33"}
{"level":"info","message":"User a@a.com left room whiteboard:6a06e877af1816f5fe51d5e5","service":"visual-whiteboard-api","timestamp":"2026-05-19 02:40:43"}
{"level":"info","message":"::1 - - [18/May/2026:21:10:43 +0000] \"GET /api/v1/whiteboards HTTP/1.1\" 200 1150 \"http://localhost:5173/\" \"Mozilla/5.0 (Windows NT 10.0; Win64; x64) AppleWebKit/537.36 (KHTML, like Gecko) Chrome/148.0.0.0 Safari/537.36\"","service":"visual-whiteboard-api","timestamp":"2026-05-19 02:40:43"}
{"level":"info","message":"::1 - - [18/May/2026:21:10:43 +0000] \"GET /api/v1/whiteboards HTTP/1.1\" 304 - \"http://localhost:5173/\" \"Mozilla/5.0 (Windows NT 10.0; Win64; x64) AppleWebKit/537.36 (KHTML, like Gecko) Chrome/148.0.0.0 Safari/537.36\"","service":"visual-whiteboard-api","timestamp":"2026-05-19 02:40:43"}
{"level":"info","message":"⚡ Socket connected: fHwyyLROq5IWStzIAAAp (User: a@a.com)","service":"visual-whiteboard-api","timestamp":"2026-05-19 02:40:44"}
{"level":"info","message":"User a@a.com joined room whiteboard:6a06e877af1816f5fe51d5e5","service":"visual-whiteboard-api","timestamp":"2026-05-19 02:40:44"}
{"level":"info","message":"User a@a.com left room whiteboard:6a06e877af1816f5fe51d5e5","service":"visual-whiteboard-api","timestamp":"2026-05-19 02:41:04"}
{"level":"info","message":"User a@a.com left room whiteboard:6a06e877af1816f5fe51d5e5","service":"visual-whiteboard-api","timestamp":"2026-05-19 02:54:30"}
{"level":"error","message":"Authentication error: jwt expired","service":"visual-whiteboard-api","timestamp":"2026-05-19 02:54:31"}
{"level":"info","message":"::1 - - [18/May/2026:21:24:31 +0000] \"GET /api/v1/whiteboards/6a06e877af1816f5fe51d5e5 HTTP/1.1\" 401 81 \"http://localhost:5173/\" \"Mozilla/5.0 (Windows NT 10.0; Win64; x64) AppleWebKit/537.36 (KHTML, like Gecko) Chrome/148.0.0.0 Safari/537.36\"","service":"visual-whiteboard-api","timestamp":"2026-05-19 02:54:31"}
{"level":"error","message":"Authentication error: jwt expired","service":"visual-whiteboard-api","timestamp":"2026-05-19 02:54:31"}
{"level":"info","message":"::1 - - [18/May/2026:21:24:31 +0000] \"GET /api/v1/whiteboards/6a06e877af1816f5fe51d5e5 HTTP/1.1\" 401 81 \"http://localhost:5173/\" \"Mozilla/5.0 (Windows NT 10.0; Win64; x64) AppleWebKit/537.36 (KHTML, like Gecko) Chrome/148.0.0.0 Safari/537.36\"","service":"visual-whiteboard-api","timestamp":"2026-05-19 02:54:31"}
{"level":"error","message":"Authentication error: jwt expired","service":"visual-whiteboard-api","timestamp":"2026-05-19 02:54:31"}
{"level":"info","message":"::1 - - [18/May/2026:21:24:31 +0000] \"GET /api/v1/whiteboards HTTP/1.1\" 401 81 \"http://localhost:5173/\" \"Mozilla/5.0 (Windows NT 10.0; Win64; x64) AppleWebKit/537.36 (KHTML, like Gecko) Chrome/148.0.0.0 Safari/537.36\"","service":"visual-whiteboard-api","timestamp":"2026-05-19 02:54:31"}
{"level":"error","message":"Authentication error: jwt expired","service":"visual-whiteboard-api","timestamp":"2026-05-19 02:54:31"}
{"level":"info","message":"::1 - - [18/May/2026:21:24:31 +0000] \"GET /api/v1/whiteboards HTTP/1.1\" 401 81 \"http://localhost:5173/\" \"Mozilla/5.0 (Windows NT 10.0; Win64; x64) AppleWebKit/537.36 (KHTML, like Gecko) Chrome/148.0.0.0 Safari/537.36\"","service":"visual-whiteboard-api","timestamp":"2026-05-19 02:54:31"}
{"level":"info","message":"::1 - - [18/May/2026:21:24:48 +0000] \"POST /api/v1/auth/login HTTP/1.1\" 200 392 \"http://localhost:5173/\" \"Mozilla/5.0 (Windows NT 10.0; Win64; x64) AppleWebKit/537.36 (KHTML, like Gecko) Chrome/148.0.0.0 Safari/537.36\"","service":"visual-whiteboard-api","timestamp":"2026-05-19 02:54:48"}
{"level":"info","message":"::1 - - [18/May/2026:21:24:48 +0000] \"GET /api/v1/whiteboards HTTP/1.1\" 200 1150 \"http://localhost:5173/\" \"Mozilla/5.0 (Windows NT 10.0; Win64; x64) AppleWebKit/537.36 (KHTML, like Gecko) Chrome/148.0.0.0 Safari/537.36\"","service":"visual-whiteboard-api","timestamp":"2026-05-19 02:54:48"}
{"level":"info","message":"::1 - - [18/May/2026:21:24:48 +0000] \"GET /api/v1/whiteboards HTTP/1.1\" 304 - \"http://localhost:5173/\" \"Mozilla/5.0 (Windows NT 10.0; Win64; x64) AppleWebKit/537.36 (KHTML, like Gecko) Chrome/148.0.0.0 Safari/537.36\"","service":"visual-whiteboard-api","timestamp":"2026-05-19 02:54:48"}
{"level":"info","message":"::1 - - [18/May/2026:21:24:50 +0000] \"GET /api/v1/whiteboards/6a06e877af1816f5fe51d5e5 HTTP/1.1\" 200 16778 \"http://localhost:5173/\" \"Mozilla/5.0 (Windows NT 10.0; Win64; x64) AppleWebKit/537.36 (KHTML, like Gecko) Chrome/148.0.0.0 Safari/537.36\"","service":"visual-whiteboard-api","timestamp":"2026-05-19 02:54:50"}
{"level":"info","message":"⚡ Socket connected: BUS8b4BWDew9cQOsAAAu (User: a@a.com)","service":"visual-whiteboard-api","timestamp":"2026-05-19 02:54:50"}
{"level":"info","message":"User a@a.com joined room whiteboard:6a06e877af1816f5fe51d5e5","service":"visual-whiteboard-api","timestamp":"2026-05-19 02:54:50"}
{"level":"info","message":"::1 - - [18/May/2026:21:24:51 +0000] \"GET /api/v1/media/proxy/b665f003aacafb455271e40a7480878f?token=eyJhbGciOiJIUzI1NiIsInR5cCI6IkpXVCJ9.eyJpZCI6IjZhMDVjOGEwZDk0ZjkxZmFiMTI4NGM0NyIsImlhdCI6MTc3OTEzOTQ4OCwiZXhwIjoxNzc5MTQwMzg4fQ.x4PulpJ7eI3PQdZpmhYDVWlCjekDHYzJn3C49Dxv0sk HTTP/1.1\" 200 - \"http://localhost:5173/\" \"Mozilla/5.0 (Windows NT 10.0; Win64; x64) AppleWebKit/537.36 (KHTML, like Gecko) Chrome/148.0.0.0 Safari/537.36\"","service":"visual-whiteboard-api","timestamp":"2026-05-19 02:54:51"}
{"level":"info","message":"::1 - - [18/May/2026:21:31:52 +0000] \"PUT /api/v1/whiteboards/6a06e877af1816f5fe51d5e5/canvas HTTP/1.1\" 200 58 \"http://localhost:5173/\" \"Mozilla/5.0 (Windows NT 10.0; Win64; x64) AppleWebKit/537.36 (KHTML, like Gecko) Chrome/148.0.0.0 Safari/537.36\"","service":"visual-whiteboard-api","timestamp":"2026-05-19 03:01:52"}
{"level":"info","message":"::1 - - [18/May/2026:21:35:16 +0000] \"PUT /api/v1/whiteboards/6a06e877af1816f5fe51d5e5/canvas HTTP/1.1\" 200 58 \"http://localhost:5173/\" \"Mozilla/5.0 (Windows NT 10.0; Win64; x64) AppleWebKit/537.36 (KHTML, like Gecko) Chrome/148.0.0.0 Safari/537.36\"","service":"visual-whiteboard-api","timestamp":"2026-05-19 03:05:16"}
{"level":"info","message":"User a@a.com left room whiteboard:6a06e877af1816f5fe51d5e5","service":"visual-whiteboard-api","timestamp":"2026-05-19 03:07:07"}
{"level":"info","message":"::1 - - [18/May/2026:21:37:07 +0000] \"GET /api/v1/whiteboards/6a06e877af1816f5fe51d5e5 HTTP/1.1\" 200 16867 \"http://localhost:5173/\" \"Mozilla/5.0 (Windows NT 10.0; Win64; x64) AppleWebKit/537.36 (KHTML, like Gecko) Chrome/148.0.0.0 Safari/537.36\"","service":"visual-whiteboard-api","timestamp":"2026-05-19 03:07:07"}
{"level":"info","message":"::1 - - [18/May/2026:21:37:07 +0000] \"GET /api/v1/whiteboards/6a06e877af1816f5fe51d5e5 HTTP/1.1\" 304 - \"http://localhost:5173/\" \"Mozilla/5.0 (Windows NT 10.0; Win64; x64) AppleWebKit/537.36 (KHTML, like Gecko) Chrome/148.0.0.0 Safari/537.36\"","service":"visual-whiteboard-api","timestamp":"2026-05-19 03:07:07"}
{"level":"info","message":"⚡ Socket connected: ktXr6zLpyhVaJPP0AAAx (User: a@a.com)","service":"visual-whiteboard-api","timestamp":"2026-05-19 03:07:07"}
{"level":"info","message":"User a@a.com joined room whiteboard:6a06e877af1816f5fe51d5e5","service":"visual-whiteboard-api","timestamp":"2026-05-19 03:07:07"}
{"level":"info","message":"::1 - - [18/May/2026:21:37:08 +0000] \"GET /api/v1/media/proxy/b665f003aacafb455271e40a7480878f?token=eyJhbGciOiJIUzI1NiIsInR5cCI6IkpXVCJ9.eyJpZCI6IjZhMDVjOGEwZDk0ZjkxZmFiMTI4NGM0NyIsImlhdCI6MTc3OTEzOTQ4OCwiZXhwIjoxNzc5MTQwMzg4fQ.x4PulpJ7eI3PQdZpmhYDVWlCjekDHYzJn3C49Dxv0sk HTTP/1.1\" 200 - \"http://localhost:5173/\" \"Mozilla/5.0 (Windows NT 10.0; Win64; x64) AppleWebKit/537.36 (KHTML, like Gecko) Chrome/148.0.0.0 Safari/537.36\"","service":"visual-whiteboard-api","timestamp":"2026-05-19 03:07:08"}
{"level":"info","message":"User a@a.com left room whiteboard:6a06e877af1816f5fe51d5e5","service":"visual-whiteboard-api","timestamp":"2026-05-19 03:08:48"}
{"level":"info","message":"::1 - - [18/May/2026:21:38:48 +0000] \"GET /api/v1/whiteboards HTTP/1.1\" 200 1150 \"http://localhost:5173/\" \"Mozilla/5.0 (Windows NT 10.0; Win64; x64) AppleWebKit/537.36 (KHTML, like Gecko) Chrome/148.0.0.0 Safari/537.36\"","service":"visual-whiteboard-api","timestamp":"2026-05-19 03:08:48"}
{"level":"info","message":"::1 - - [18/May/2026:21:38:48 +0000] \"GET /api/v1/whiteboards HTTP/1.1\" 304 - \"http://localhost:5173/\" \"Mozilla/5.0 (Windows NT 10.0; Win64; x64) AppleWebKit/537.36 (KHTML, like Gecko) Chrome/148.0.0.0 Safari/537.36\"","service":"visual-whiteboard-api","timestamp":"2026-05-19 03:08:48"}
{"level":"info","message":"::1 - - [18/May/2026:21:38:54 +0000] \"GET /api/v1/whiteboards HTTP/1.1\" 304 - \"http://localhost:5173/\" \"Mozilla/5.0 (Windows NT 10.0; Win64; x64) AppleWebKit/537.36 (KHTML, like Gecko) Chrome/148.0.0.0 Safari/537.36\"","service":"visual-whiteboard-api","timestamp":"2026-05-19 03:08:54"}
{"level":"info","message":"::1 - - [18/May/2026:21:38:54 +0000] \"GET /api/v1/whiteboards HTTP/1.1\" 304 - \"http://localhost:5173/\" \"Mozilla/5.0 (Windows NT 10.0; Win64; x64) AppleWebKit/537.36 (KHTML, like Gecko) Chrome/148.0.0.0 Safari/537.36\"","service":"visual-whiteboard-api","timestamp":"2026-05-19 03:08:54"}
{"level":"info","message":"::1 - - [18/May/2026:21:38:55 +0000] \"GET /api/v1/whiteboards/6a06e877af1816f5fe51d5e5 HTTP/1.1\" 304 - \"http://localhost:5173/\" \"Mozilla/5.0 (Windows NT 10.0; Win64; x64) AppleWebKit/537.36 (KHTML, like Gecko) Chrome/148.0.0.0 Safari/537.36\"","service":"visual-whiteboard-api","timestamp":"2026-05-19 03:08:55"}
{"level":"info","message":"⚡ Socket connected: JYvMgPh0xKT-ZzxZAAA0 (User: a@a.com)","service":"visual-whiteboard-api","timestamp":"2026-05-19 03:08:55"}
{"level":"info","message":"User a@a.com joined room whiteboard:6a06e877af1816f5fe51d5e5","service":"visual-whiteboard-api","timestamp":"2026-05-19 03:08:55"}
{"level":"info","message":"::1 - - [18/May/2026:21:38:57 +0000] \"GET /api/v1/media/proxy/b665f003aacafb455271e40a7480878f?token=eyJhbGciOiJIUzI1NiIsInR5cCI6IkpXVCJ9.eyJpZCI6IjZhMDVjOGEwZDk0ZjkxZmFiMTI4NGM0NyIsImlhdCI6MTc3OTEzOTQ4OCwiZXhwIjoxNzc5MTQwMzg4fQ.x4PulpJ7eI3PQdZpmhYDVWlCjekDHYzJn3C49Dxv0sk HTTP/1.1\" 200 - \"http://localhost:5173/\" \"Mozilla/5.0 (Windows NT 10.0; Win64; x64) AppleWebKit/537.36 (KHTML, like Gecko) Chrome/148.0.0.0 Safari/537.36\"","service":"visual-whiteboard-api","timestamp":"2026-05-19 03:08:57"}
{"level":"info","message":"::1 - - [18/May/2026:21:39:11 +0000] \"PUT /api/v1/whiteboards/6a06e877af1816f5fe51d5e5/canvas HTTP/1.1\" 200 58 \"http://localhost:5173/\" \"Mozilla/5.0 (Windows NT 10.0; Win64; x64) AppleWebKit/537.36 (KHTML, like Gecko) Chrome/148.0.0.0 Safari/537.36\"","service":"visual-whiteboard-api","timestamp":"2026-05-19 03:09:11"}
{"level":"info","message":"::1 - - [18/May/2026:21:39:18 +0000] \"PUT /api/v1/whiteboards/6a06e877af1816f5fe51d5e5/canvas HTTP/1.1\" 200 58 \"http://localhost:5173/\" \"Mozilla/5.0 (Windows NT 10.0; Win64; x64) AppleWebKit/537.36 (KHTML, like Gecko) Chrome/148.0.0.0 Safari/537.36\"","service":"visual-whiteboard-api","timestamp":"2026-05-19 03:09:18"}
{"level":"error","message":"Authentication error: jwt expired","service":"visual-whiteboard-api","timestamp":"2026-05-19 03:09:48"}
{"level":"info","message":"::1 - - [18/May/2026:21:39:48 +0000] \"PUT /api/v1/whiteboards/6a06e877af1816f5fe51d5e5/canvas HTTP/1.1\" 401 81 \"http://localhost:5173/\" \"Mozilla/5.0 (Windows NT 10.0; Win64; x64) AppleWebKit/537.36 (KHTML, like Gecko) Chrome/148.0.0.0 Safari/537.36\"","service":"visual-whiteboard-api","timestamp":"2026-05-19 03:09:48"}
{"level":"error","message":"Authentication error: jwt expired","service":"visual-whiteboard-api","timestamp":"2026-05-19 03:09:54"}
{"level":"info","message":"::1 - - [18/May/2026:21:39:54 +0000] \"PUT /api/v1/whiteboards/6a06e877af1816f5fe51d5e5/canvas HTTP/1.1\" 401 81 \"http://localhost:5173/\" \"Mozilla/5.0 (Windows NT 10.0; Win64; x64) AppleWebKit/537.36 (KHTML, like Gecko) Chrome/148.0.0.0 Safari/537.36\"","service":"visual-whiteboard-api","timestamp":"2026-05-19 03:09:54"}
{"level":"info","message":"User a@a.com left room whiteboard:6a06e877af1816f5fe51d5e5","service":"visual-whiteboard-api","timestamp":"2026-05-19 03:11:25"}
{"level":"error","message":"Authentication error: jwt expired","service":"visual-whiteboard-api","timestamp":"2026-05-19 03:11:25"}
{"level":"info","message":"::1 - - [18/May/2026:21:41:25 +0000] \"GET /api/v1/whiteboards/6a06e877af1816f5fe51d5e5 HTTP/1.1\" 401 81 \"http://localhost:5173/\" \"Mozilla/5.0 (Windows NT 10.0; Win64; x64) AppleWebKit/537.36 (KHTML, like Gecko) Chrome/148.0.0.0 Safari/537.36\"","service":"visual-whiteboard-api","timestamp":"2026-05-19 03:11:25"}
{"level":"error","message":"Authentication error: jwt expired","service":"visual-whiteboard-api","timestamp":"2026-05-19 03:11:25"}
{"level":"info","message":"::1 - - [18/May/2026:21:41:25 +0000] \"GET /api/v1/whiteboards/6a06e877af1816f5fe51d5e5 HTTP/1.1\" 401 81 \"http://localhost:5173/\" \"Mozilla/5.0 (Windows NT 10.0; Win64; x64) AppleWebKit/537.36 (KHTML, like Gecko) Chrome/148.0.0.0 Safari/537.36\"","service":"visual-whiteboard-api","timestamp":"2026-05-19 03:11:25"}
{"level":"error","message":"Authentication error: jwt expired","service":"visual-whiteboard-api","timestamp":"2026-05-19 03:11:25"}
{"level":"info","message":"::1 - - [18/May/2026:21:41:25 +0000] \"GET /api/v1/whiteboards HTTP/1.1\" 401 81 \"http://localhost:5173/\" \"Mozilla/5.0 (Windows NT 10.0; Win64; x64) AppleWebKit/537.36 (KHTML, like Gecko) Chrome/148.0.0.0 Safari/537.36\"","service":"visual-whiteboard-api","timestamp":"2026-05-19 03:11:25"}
{"level":"error","message":"Authentication error: jwt expired","service":"visual-whiteboard-api","timestamp":"2026-05-19 03:11:25"}
{"level":"info","message":"::1 - - [18/May/2026:21:41:25 +0000] \"GET /api/v1/whiteboards HTTP/1.1\" 401 81 \"http://localhost:5173/\" \"Mozilla/5.0 (Windows NT 10.0; Win64; x64) AppleWebKit/537.36 (KHTML, like Gecko) Chrome/148.0.0.0 Safari/537.36\"","service":"visual-whiteboard-api","timestamp":"2026-05-19 03:11:25"}
{"level":"info","message":"::1 - - [18/May/2026:21:41:52 +0000] \"POST /api/v1/auth/login HTTP/1.1\" 200 392 \"http://localhost:5173/\" \"Mozilla/5.0 (Windows NT 10.0; Win64; x64) AppleWebKit/537.36 (KHTML, like Gecko) Chrome/148.0.0.0 Safari/537.36\"","service":"visual-whiteboard-api","timestamp":"2026-05-19 03:11:52"}
{"level":"info","message":"::1 - - [18/May/2026:21:41:52 +0000] \"GET /api/v1/whiteboards HTTP/1.1\" 200 1150 \"http://localhost:5173/\" \"Mozilla/5.0 (Windows NT 10.0; Win64; x64) AppleWebKit/537.36 (KHTML, like Gecko) Chrome/148.0.0.0 Safari/537.36\"","service":"visual-whiteboard-api","timestamp":"2026-05-19 03:11:52"}
{"level":"info","message":"::1 - - [18/May/2026:21:41:52 +0000] \"GET /api/v1/whiteboards HTTP/1.1\" 304 - \"http://localhost:5173/\" \"Mozilla/5.0 (Windows NT 10.0; Win64; x64) AppleWebKit/537.36 (KHTML, like Gecko) Chrome/148.0.0.0 Safari/537.36\"","service":"visual-whiteboard-api","timestamp":"2026-05-19 03:11:52"}
{"level":"info","message":"::1 - - [18/May/2026:21:41:53 +0000] \"GET /api/v1/whiteboards/6a06e877af1816f5fe51d5e5 HTTP/1.1\" 200 16890 \"http://localhost:5173/\" \"Mozilla/5.0 (Windows NT 10.0; Win64; x64) AppleWebKit/537.36 (KHTML, like Gecko) Chrome/148.0.0.0 Safari/537.36\"","service":"visual-whiteboard-api","timestamp":"2026-05-19 03:11:53"}
{"level":"info","message":"⚡ Socket connected: QHU3lF7IEEHopqSnAAA3 (User: a@a.com)","service":"visual-whiteboard-api","timestamp":"2026-05-19 03:11:53"}
{"level":"info","message":"User a@a.com joined room whiteboard:6a06e877af1816f5fe51d5e5","service":"visual-whiteboard-api","timestamp":"2026-05-19 03:11:53"}
{"level":"info","message":"::1 - - [18/May/2026:21:41:54 +0000] \"GET /api/v1/media/proxy/b665f003aacafb455271e40a7480878f?token=eyJhbGciOiJIUzI1NiIsInR5cCI6IkpXVCJ9.eyJpZCI6IjZhMDVjOGEwZDk0ZjkxZmFiMTI4NGM0NyIsImlhdCI6MTc3OTE0MDUxMiwiZXhwIjoxNzc5MTQxNDEyfQ.k6QDLiPBwgz5oda1fJ9o0b4E4ZuZq0MwhgdAd1b0JsQ HTTP/1.1\" 200 - \"http://localhost:5173/\" \"Mozilla/5.0 (Windows NT 10.0; Win64; x64) AppleWebKit/537.36 (KHTML, like Gecko) Chrome/148.0.0.0 Safari/537.36\"","service":"visual-whiteboard-api","timestamp":"2026-05-19 03:11:54"}
{"level":"info","message":"::1 - - [18/May/2026:21:42:37 +0000] \"PUT /api/v1/whiteboards/6a06e877af1816f5fe51d5e5/canvas HTTP/1.1\" 200 58 \"http://localhost:5173/\" \"Mozilla/5.0 (Windows NT 10.0; Win64; x64) AppleWebKit/537.36 (KHTML, like Gecko) Chrome/148.0.0.0 Safari/537.36\"","service":"visual-whiteboard-api","timestamp":"2026-05-19 03:12:37"}
{"level":"info","message":"::1 - - [18/May/2026:21:50:10 +0000] \"PUT /api/v1/whiteboards/6a06e877af1816f5fe51d5e5/canvas HTTP/1.1\" 200 58 \"http://localhost:5173/\" \"Mozilla/5.0 (Windows NT 10.0; Win64; x64) AppleWebKit/537.36 (KHTML, like Gecko) Chrome/148.0.0.0 Safari/537.36\"","service":"visual-whiteboard-api","timestamp":"2026-05-19 03:20:10"}
{"level":"info","message":"::1 - - [18/May/2026:21:52:32 +0000] \"PUT /api/v1/whiteboards/6a06e877af1816f5fe51d5e5/canvas HTTP/1.1\" 200 58 \"http://localhost:5173/\" \"Mozilla/5.0 (Windows NT 10.0; Win64; x64) AppleWebKit/537.36 (KHTML, like Gecko) Chrome/148.0.0.0 Safari/537.36\"","service":"visual-whiteboard-api","timestamp":"2026-05-19 03:22:32"}
{"level":"info","message":"::1 - - [18/May/2026:21:52:48 +0000] \"PUT /api/v1/whiteboards/6a06e877af1816f5fe51d5e5/canvas HTTP/1.1\" 200 58 \"http://localhost:5173/\" \"Mozilla/5.0 (Windows NT 10.0; Win64; x64) AppleWebKit/537.36 (KHTML, like Gecko) Chrome/148.0.0.0 Safari/537.36\"","service":"visual-whiteboard-api","timestamp":"2026-05-19 03:22:48"}
{"level":"info","message":"User a@a.com left room whiteboard:6a06e877af1816f5fe51d5e5","service":"visual-whiteboard-api","timestamp":"2026-05-19 03:26:12"}
{"level":"info","message":"::1 - - [18/May/2026:21:56:12 +0000] \"GET /api/v1/whiteboards HTTP/1.1\" 200 1150 \"http://localhost:5173/\" \"Mozilla/5.0 (Windows NT 10.0; Win64; x64) AppleWebKit/537.36 (KHTML, like Gecko) Chrome/148.0.0.0 Safari/537.36\"","service":"visual-whiteboard-api","timestamp":"2026-05-19 03:26:12"}
{"level":"info","message":"::1 - - [18/May/2026:21:56:12 +0000] \"GET /api/v1/whiteboards HTTP/1.1\" 304 - \"http://localhost:5173/\" \"Mozilla/5.0 (Windows NT 10.0; Win64; x64) AppleWebKit/537.36 (KHTML, like Gecko) Chrome/148.0.0.0 Safari/537.36\"","service":"visual-whiteboard-api","timestamp":"2026-05-19 03:26:12"}
{"level":"info","message":"::1 - - [18/May/2026:21:56:26 +0000] \"POST /api/v1/auth/login HTTP/1.1\" 200 392 \"http://localhost:5173/\" \"Mozilla/5.0 (Windows NT 10.0; Win64; x64) AppleWebKit/537.36 (KHTML, like Gecko) Chrome/148.0.0.0 Safari/537.36\"","service":"visual-whiteboard-api","timestamp":"2026-05-19 03:26:26"}
{"level":"info","message":"::1 - - [18/May/2026:21:56:26 +0000] \"GET /api/v1/whiteboards HTTP/1.1\" 304 - \"http://localhost:5173/\" \"Mozilla/5.0 (Windows NT 10.0; Win64; x64) AppleWebKit/537.36 (KHTML, like Gecko) Chrome/148.0.0.0 Safari/537.36\"","service":"visual-whiteboard-api","timestamp":"2026-05-19 03:26:26"}
{"level":"info","message":"::1 - - [18/May/2026:21:56:26 +0000] \"GET /api/v1/whiteboards HTTP/1.1\" 304 - \"http://localhost:5173/\" \"Mozilla/5.0 (Windows NT 10.0; Win64; x64) AppleWebKit/537.36 (KHTML, like Gecko) Chrome/148.0.0.0 Safari/537.36\"","service":"visual-whiteboard-api","timestamp":"2026-05-19 03:26:26"}
{"level":"info","message":"::1 - - [18/May/2026:21:56:27 +0000] \"GET /api/v1/whiteboards/6a06e877af1816f5fe51d5e5 HTTP/1.1\" 200 16893 \"http://localhost:5173/\" \"Mozilla/5.0 (Windows NT 10.0; Win64; x64) AppleWebKit/537.36 (KHTML, like Gecko) Chrome/148.0.0.0 Safari/537.36\"","service":"visual-whiteboard-api","timestamp":"2026-05-19 03:26:27"}
{"level":"info","message":"⚡ Socket connected: 0t1mc6K1y7KaoRAzAAA6 (User: a@a.com)","service":"visual-whiteboard-api","timestamp":"2026-05-19 03:26:27"}
{"level":"info","message":"User a@a.com joined room whiteboard:6a06e877af1816f5fe51d5e5","service":"visual-whiteboard-api","timestamp":"2026-05-19 03:26:27"}
{"level":"info","message":"::1 - - [18/May/2026:21:56:28 +0000] \"GET /api/v1/media/proxy/b665f003aacafb455271e40a7480878f?token=eyJhbGciOiJIUzI1NiIsInR5cCI6IkpXVCJ9.eyJpZCI6IjZhMDVjOGEwZDk0ZjkxZmFiMTI4NGM0NyIsImlhdCI6MTc3OTE0MTM4NiwiZXhwIjoxNzc5MTQyMjg2fQ.wbIfD9ZOqhuqa5Dio9GWN-F0DD9Dioi2Wfj7CA5hGmg HTTP/1.1\" 200 - \"http://localhost:5173/\" \"Mozilla/5.0 (Windows NT 10.0; Win64; x64) AppleWebKit/537.36 (KHTML, like Gecko) Chrome/148.0.0.0 Safari/537.36\"","service":"visual-whiteboard-api","timestamp":"2026-05-19 03:26:28"}
{"level":"info","message":"::1 - - [18/May/2026:21:57:38 +0000] \"PUT /api/v1/whiteboards/6a06e877af1816f5fe51d5e5/canvas HTTP/1.1\" 200 58 \"http://localhost:5173/\" \"Mozilla/5.0 (Windows NT 10.0; Win64; x64) AppleWebKit/537.36 (KHTML, like Gecko) Chrome/148.0.0.0 Safari/537.36\"","service":"visual-whiteboard-api","timestamp":"2026-05-19 03:27:38"}
{"level":"info","message":"::1 - - [18/May/2026:21:57:45 +0000] \"PUT /api/v1/whiteboards/6a06e877af1816f5fe51d5e5/canvas HTTP/1.1\" 200 58 \"http://localhost:5173/\" \"Mozilla/5.0 (Windows NT 10.0; Win64; x64) AppleWebKit/537.36 (KHTML, like Gecko) Chrome/148.0.0.0 Safari/537.36\"","service":"visual-whiteboard-api","timestamp":"2026-05-19 03:27:45"}
{"level":"info","message":"::1 - - [18/May/2026:21:58:39 +0000] \"PUT /api/v1/whiteboards/6a06e877af1816f5fe51d5e5/canvas HTTP/1.1\" 200 58 \"http://localhost:5173/\" \"Mozilla/5.0 (Windows NT 10.0; Win64; x64) AppleWebKit/537.36 (KHTML, like Gecko) Chrome/148.0.0.0 Safari/537.36\"","service":"visual-whiteboard-api","timestamp":"2026-05-19 03:28:39"}
{"level":"info","message":"::1 - - [18/May/2026:21:58:43 +0000] \"PUT /api/v1/whiteboards/6a06e877af1816f5fe51d5e5/canvas HTTP/1.1\" 200 58 \"http://localhost:5173/\" \"Mozilla/5.0 (Windows NT 10.0; Win64; x64) AppleWebKit/537.36 (KHTML, like Gecko) Chrome/148.0.0.0 Safari/537.36\"","service":"visual-whiteboard-api","timestamp":"2026-05-19 03:28:43"}
{"level":"info","message":"::1 - - [18/May/2026:21:58:49 +0000] \"PUT /api/v1/whiteboards/6a06e877af1816f5fe51d5e5/canvas HTTP/1.1\" 200 58 \"http://localhost:5173/\" \"Mozilla/5.0 (Windows NT 10.0; Win64; x64) AppleWebKit/537.36 (KHTML, like Gecko) Chrome/148.0.0.0 Safari/537.36\"","service":"visual-whiteboard-api","timestamp":"2026-05-19 03:28:49"}
{"level":"info","message":"::1 - - [18/May/2026:21:58:52 +0000] \"PUT /api/v1/whiteboards/6a06e877af1816f5fe51d5e5/canvas HTTP/1.1\" 200 58 \"http://localhost:5173/\" \"Mozilla/5.0 (Windows NT 10.0; Win64; x64) AppleWebKit/537.36 (KHTML, like Gecko) Chrome/148.0.0.0 Safari/537.36\"","service":"visual-whiteboard-api","timestamp":"2026-05-19 03:28:52"}
{"level":"info","message":"::1 - - [18/May/2026:21:58:57 +0000] \"PUT /api/v1/whiteboards/6a06e877af1816f5fe51d5e5/canvas HTTP/1.1\" 200 58 \"http://localhost:5173/\" \"Mozilla/5.0 (Windows NT 10.0; Win64; x64) AppleWebKit/537.36 (KHTML, like Gecko) Chrome/148.0.0.0 Safari/537.36\"","service":"visual-whiteboard-api","timestamp":"2026-05-19 03:28:57"}
{"level":"info","message":"::1 - - [18/May/2026:21:58:59 +0000] \"PUT /api/v1/whiteboards/6a06e877af1816f5fe51d5e5/canvas HTTP/1.1\" 200 58 \"http://localhost:5173/\" \"Mozilla/5.0 (Windows NT 10.0; Win64; x64) AppleWebKit/537.36 (KHTML, like Gecko) Chrome/148.0.0.0 Safari/537.36\"","service":"visual-whiteboard-api","timestamp":"2026-05-19 03:28:59"}
{"level":"info","message":"::1 - - [18/May/2026:21:59:03 +0000] \"PUT /api/v1/whiteboards/6a06e877af1816f5fe51d5e5/canvas HTTP/1.1\" 200 58 \"http://localhost:5173/\" \"Mozilla/5.0 (Windows NT 10.0; Win64; x64) AppleWebKit/537.36 (KHTML, like Gecko) Chrome/148.0.0.0 Safari/537.36\"","service":"visual-whiteboard-api","timestamp":"2026-05-19 03:29:03"}
{"level":"info","message":"::1 - - [18/May/2026:21:59:13 +0000] \"PUT /api/v1/whiteboards/6a06e877af1816f5fe51d5e5/canvas HTTP/1.1\" 200 58 \"http://localhost:5173/\" \"Mozilla/5.0 (Windows NT 10.0; Win64; x64) AppleWebKit/537.36 (KHTML, like Gecko) Chrome/148.0.0.0 Safari/537.36\"","service":"visual-whiteboard-api","timestamp":"2026-05-19 03:29:13"}
{"level":"info","message":"::1 - - [18/May/2026:21:59:17 +0000] \"PUT /api/v1/whiteboards/6a06e877af1816f5fe51d5e5/canvas HTTP/1.1\" 200 58 \"http://localhost:5173/\" \"Mozilla/5.0 (Windows NT 10.0; Win64; x64) AppleWebKit/537.36 (KHTML, like Gecko) Chrome/148.0.0.0 Safari/537.36\"","service":"visual-whiteboard-api","timestamp":"2026-05-19 03:29:17"}
{"level":"info","message":"::1 - - [18/May/2026:22:00:22 +0000] \"PUT /api/v1/whiteboards/6a06e877af1816f5fe51d5e5/canvas HTTP/1.1\" 200 58 \"http://localhost:5173/\" \"Mozilla/5.0 (Windows NT 10.0; Win64; x64) AppleWebKit/537.36 (KHTML, like Gecko) Chrome/148.0.0.0 Safari/537.36\"","service":"visual-whiteboard-api","timestamp":"2026-05-19 03:30:22"}
{"level":"info","message":"::1 - - [18/May/2026:22:02:02 +0000] \"PUT /api/v1/whiteboards/6a06e877af1816f5fe51d5e5/canvas HTTP/1.1\" 200 58 \"http://localhost:5173/\" \"Mozilla/5.0 (Windows NT 10.0; Win64; x64) AppleWebKit/537.36 (KHTML, like Gecko) Chrome/148.0.0.0 Safari/537.36\"","service":"visual-whiteboard-api","timestamp":"2026-05-19 03:32:02"}
{"level":"info","message":"::1 - - [18/May/2026:22:02:08 +0000] \"PUT /api/v1/whiteboards/6a06e877af1816f5fe51d5e5/canvas HTTP/1.1\" 200 58 \"http://localhost:5173/\" \"Mozilla/5.0 (Windows NT 10.0; Win64; x64) AppleWebKit/537.36 (KHTML, like Gecko) Chrome/148.0.0.0 Safari/537.36\"","service":"visual-whiteboard-api","timestamp":"2026-05-19 03:32:08"}
{"level":"info","message":"::1 - - [18/May/2026:22:02:11 +0000] \"PUT /api/v1/whiteboards/6a06e877af1816f5fe51d5e5/canvas HTTP/1.1\" 200 58 \"http://localhost:5173/\" \"Mozilla/5.0 (Windows NT 10.0; Win64; x64) AppleWebKit/537.36 (KHTML, like Gecko) Chrome/148.0.0.0 Safari/537.36\"","service":"visual-whiteboard-api","timestamp":"2026-05-19 03:32:11"}
{"level":"info","message":"::1 - - [18/May/2026:22:02:15 +0000] \"PUT /api/v1/whiteboards/6a06e877af1816f5fe51d5e5/canvas HTTP/1.1\" 200 58 \"http://localhost:5173/\" \"Mozilla/5.0 (Windows NT 10.0; Win64; x64) AppleWebKit/537.36 (KHTML, like Gecko) Chrome/148.0.0.0 Safari/537.36\"","service":"visual-whiteboard-api","timestamp":"2026-05-19 03:32:15"}
{"level":"info","message":"::1 - - [18/May/2026:22:02:20 +0000] \"PUT /api/v1/whiteboards/6a06e877af1816f5fe51d5e5/canvas HTTP/1.1\" 200 58 \"http://localhost:5173/\" \"Mozilla/5.0 (Windows NT 10.0; Win64; x64) AppleWebKit/537.36 (KHTML, like Gecko) Chrome/148.0.0.0 Safari/537.36\"","service":"visual-whiteboard-api","timestamp":"2026-05-19 03:32:20"}
{"level":"info","message":"::1 - - [18/May/2026:22:02:25 +0000] \"PUT /api/v1/whiteboards/6a06e877af1816f5fe51d5e5/canvas HTTP/1.1\" 200 58 \"http://localhost:5173/\" \"Mozilla/5.0 (Windows NT 10.0; Win64; x64) AppleWebKit/537.36 (KHTML, like Gecko) Chrome/148.0.0.0 Safari/537.36\"","service":"visual-whiteboard-api","timestamp":"2026-05-19 03:32:25"}
{"level":"info","message":"::1 - - [18/May/2026:22:02:29 +0000] \"PUT /api/v1/whiteboards/6a06e877af1816f5fe51d5e5/canvas HTTP/1.1\" 200 58 \"http://localhost:5173/\" \"Mozilla/5.0 (Windows NT 10.0; Win64; x64) AppleWebKit/537.36 (KHTML, like Gecko) Chrome/148.0.0.0 Safari/537.36\"","service":"visual-whiteboard-api","timestamp":"2026-05-19 03:32:29"}
{"level":"info","message":"::1 - - [18/May/2026:22:02:33 +0000] \"PUT /api/v1/whiteboards/6a06e877af1816f5fe51d5e5/canvas HTTP/1.1\" 200 58 \"http://localhost:5173/\" \"Mozilla/5.0 (Windows NT 10.0; Win64; x64) AppleWebKit/537.36 (KHTML, like Gecko) Chrome/148.0.0.0 Safari/537.36\"","service":"visual-whiteboard-api","timestamp":"2026-05-19 03:32:33"}
{"level":"info","message":"::1 - - [18/May/2026:22:05:45 +0000] \"PUT /api/v1/whiteboards/6a06e877af1816f5fe51d5e5/canvas HTTP/1.1\" 200 58 \"http://localhost:5173/\" \"Mozilla/5.0 (Windows NT 10.0; Win64; x64) AppleWebKit/537.36 (KHTML, like Gecko) Chrome/148.0.0.0 Safari/537.36\"","service":"visual-whiteboard-api","timestamp":"2026-05-19 03:35:45"}
{"level":"info","message":"::1 - - [18/May/2026:22:05:47 +0000] \"PUT /api/v1/whiteboards/6a06e877af1816f5fe51d5e5/canvas HTTP/1.1\" 200 58 \"http://localhost:5173/\" \"Mozilla/5.0 (Windows NT 10.0; Win64; x64) AppleWebKit/537.36 (KHTML, like Gecko) Chrome/148.0.0.0 Safari/537.36\"","service":"visual-whiteboard-api","timestamp":"2026-05-19 03:35:47"}
{"level":"info","message":"::1 - - [18/May/2026:22:05:59 +0000] \"PUT /api/v1/whiteboards/6a06e877af1816f5fe51d5e5/canvas HTTP/1.1\" 200 58 \"http://localhost:5173/\" \"Mozilla/5.0 (Windows NT 10.0; Win64; x64) AppleWebKit/537.36 (KHTML, like Gecko) Chrome/148.0.0.0 Safari/537.36\"","service":"visual-whiteboard-api","timestamp":"2026-05-19 03:35:59"}
{"level":"info","message":"::1 - - [18/May/2026:22:06:03 +0000] \"PUT /api/v1/whiteboards/6a06e877af1816f5fe51d5e5/canvas HTTP/1.1\" 200 58 \"http://localhost:5173/\" \"Mozilla/5.0 (Windows NT 10.0; Win64; x64) AppleWebKit/537.36 (KHTML, like Gecko) Chrome/148.0.0.0 Safari/537.36\"","service":"visual-whiteboard-api","timestamp":"2026-05-19 03:36:03"}
{"level":"info","message":"::1 - - [18/May/2026:22:06:10 +0000] \"PUT /api/v1/whiteboards/6a06e877af1816f5fe51d5e5/canvas HTTP/1.1\" 200 58 \"http://localhost:5173/\" \"Mozilla/5.0 (Windows NT 10.0; Win64; x64) AppleWebKit/537.36 (KHTML, like Gecko) Chrome/148.0.0.0 Safari/537.36\"","service":"visual-whiteboard-api","timestamp":"2026-05-19 03:36:10"}
{"level":"info","message":"::1 - - [18/May/2026:22:06:23 +0000] \"PUT /api/v1/whiteboards/6a06e877af1816f5fe51d5e5/canvas HTTP/1.1\" 200 58 \"http://localhost:5173/\" \"Mozilla/5.0 (Windows NT 10.0; Win64; x64) AppleWebKit/537.36 (KHTML, like Gecko) Chrome/148.0.0.0 Safari/537.36\"","service":"visual-whiteboard-api","timestamp":"2026-05-19 03:36:23"}
{"level":"info","message":"::1 - - [18/May/2026:22:10:46 +0000] \"PUT /api/v1/whiteboards/6a06e877af1816f5fe51d5e5/canvas HTTP/1.1\" 200 58 \"http://localhost:5173/\" \"Mozilla/5.0 (Windows NT 10.0; Win64; x64) AppleWebKit/537.36 (KHTML, like Gecko) Chrome/148.0.0.0 Safari/537.36\"","service":"visual-whiteboard-api","timestamp":"2026-05-19 03:40:46"}
{"level":"info","message":"User a@a.com left room whiteboard:6a06e877af1816f5fe51d5e5","service":"visual-whiteboard-api","timestamp":"2026-05-19 03:50:52"}
{"level":"error","message":"Authentication error: jwt expired","service":"visual-whiteboard-api","timestamp":"2026-05-19 03:50:53"}
{"level":"info","message":"::1 - - [18/May/2026:22:20:53 +0000] \"GET /api/v1/whiteboards/6a06e877af1816f5fe51d5e5 HTTP/1.1\" 401 81 \"http://localhost:5173/\" \"Mozilla/5.0 (Windows NT 10.0; Win64; x64) AppleWebKit/537.36 (KHTML, like Gecko) Chrome/148.0.0.0 Safari/537.36\"","service":"visual-whiteboard-api","timestamp":"2026-05-19 03:50:53"}
{"level":"error","message":"Authentication error: jwt expired","service":"visual-whiteboard-api","timestamp":"2026-05-19 03:50:53"}
{"level":"info","message":"::1 - - [18/May/2026:22:20:53 +0000] \"GET /api/v1/whiteboards/6a06e877af1816f5fe51d5e5 HTTP/1.1\" 401 81 \"http://localhost:5173/\" \"Mozilla/5.0 (Windows NT 10.0; Win64; x64) AppleWebKit/537.36 (KHTML, like Gecko) Chrome/148.0.0.0 Safari/537.36\"","service":"visual-whiteboard-api","timestamp":"2026-05-19 03:50:53"}
{"level":"error","message":"Authentication error: jwt expired","service":"visual-whiteboard-api","timestamp":"2026-05-19 03:50:53"}
{"level":"info","message":"::1 - - [18/May/2026:22:20:53 +0000] \"GET /api/v1/whiteboards HTTP/1.1\" 401 81 \"http://localhost:5173/\" \"Mozilla/5.0 (Windows NT 10.0; Win64; x64) AppleWebKit/537.36 (KHTML, like Gecko) Chrome/148.0.0.0 Safari/537.36\"","service":"visual-whiteboard-api","timestamp":"2026-05-19 03:50:53"}
{"level":"error","message":"Authentication error: jwt expired","service":"visual-whiteboard-api","timestamp":"2026-05-19 03:50:53"}
{"level":"info","message":"::1 - - [18/May/2026:22:20:53 +0000] \"GET /api/v1/whiteboards HTTP/1.1\" 401 81 \"http://localhost:5173/\" \"Mozilla/5.0 (Windows NT 10.0; Win64; x64) AppleWebKit/537.36 (KHTML, like Gecko) Chrome/148.0.0.0 Safari/537.36\"","service":"visual-whiteboard-api","timestamp":"2026-05-19 03:50:53"}
{"level":"info","message":"::1 - - [18/May/2026:22:21:47 +0000] \"POST /api/v1/auth/login HTTP/1.1\" 200 392 \"http://localhost:5173/\" \"Mozilla/5.0 (Windows NT 10.0; Win64; x64) AppleWebKit/537.36 (KHTML, like Gecko) Chrome/148.0.0.0 Safari/537.36\"","service":"visual-whiteboard-api","timestamp":"2026-05-19 03:51:47"}
{"level":"info","message":"::1 - - [18/May/2026:22:21:47 +0000] \"GET /api/v1/whiteboards HTTP/1.1\" 200 1150 \"http://localhost:5173/\" \"Mozilla/5.0 (Windows NT 10.0; Win64; x64) AppleWebKit/537.36 (KHTML, like Gecko) Chrome/148.0.0.0 Safari/537.36\"","service":"visual-whiteboard-api","timestamp":"2026-05-19 03:51:47"}
{"level":"info","message":"::1 - - [18/May/2026:22:21:47 +0000] \"GET /api/v1/whiteboards HTTP/1.1\" 304 - \"http://localhost:5173/\" \"Mozilla/5.0 (Windows NT 10.0; Win64; x64) AppleWebKit/537.36 (KHTML, like Gecko) Chrome/148.0.0.0 Safari/537.36\"","service":"visual-whiteboard-api","timestamp":"2026-05-19 03:51:47"}
{"level":"info","message":"::1 - - [18/May/2026:22:22:51 +0000] \"GET /api/v1/whiteboards/6a06e877af1816f5fe51d5e5 HTTP/1.1\" 200 14665 \"http://localhost:5173/\" \"Mozilla/5.0 (Windows NT 10.0; Win64; x64) AppleWebKit/537.36 (KHTML, like Gecko) Chrome/148.0.0.0 Safari/537.36\"","service":"visual-whiteboard-api","timestamp":"2026-05-19 03:52:51"}
{"level":"info","message":"⚡ Socket connected: M-Y5XdSmA07Zz2T6AAA9 (User: a@a.com)","service":"visual-whiteboard-api","timestamp":"2026-05-19 03:52:51"}
{"level":"info","message":"User a@a.com joined room whiteboard:6a06e877af1816f5fe51d5e5","service":"visual-whiteboard-api","timestamp":"2026-05-19 03:52:51"}
{"level":"info","message":"::1 - - [18/May/2026:22:22:52 +0000] \"GET /api/v1/media/proxy/b665f003aacafb455271e40a7480878f?token=eyJhbGciOiJIUzI1NiIsInR5cCI6IkpXVCJ9.eyJpZCI6IjZhMDVjOGEwZDk0ZjkxZmFiMTI4NGM0NyIsImlhdCI6MTc3OTE0MjkwNywiZXhwIjoxNzc5MTQzODA3fQ.ifMm8DJKYoc3FUC0A_e-OrziFcsl94F0_nQKIVu8evs HTTP/1.1\" 200 - \"http://localhost:5173/\" \"Mozilla/5.0 (Windows NT 10.0; Win64; x64) AppleWebKit/537.36 (KHTML, like Gecko) Chrome/148.0.0.0 Safari/537.36\"","service":"visual-whiteboard-api","timestamp":"2026-05-19 03:52:52"}
{"level":"info","message":"User a@a.com left room whiteboard:6a06e877af1816f5fe51d5e5","service":"visual-whiteboard-api","timestamp":"2026-05-19 03:53:07"}
{"level":"info","message":"::1 - - [18/May/2026:22:23:07 +0000] \"GET /api/v1/whiteboards/6a06e877af1816f5fe51d5e5 HTTP/1.1\" 304 - \"http://localhost:5173/\" \"Mozilla/5.0 (Windows NT 10.0; Win64; x64) AppleWebKit/537.36 (KHTML, like Gecko) Chrome/148.0.0.0 Safari/537.36\"","service":"visual-whiteboard-api","timestamp":"2026-05-19 03:53:07"}
{"level":"info","message":"::1 - - [18/May/2026:22:23:07 +0000] \"GET /api/v1/whiteboards/6a06e877af1816f5fe51d5e5 HTTP/1.1\" 304 - \"http://localhost:5173/\" \"Mozilla/5.0 (Windows NT 10.0; Win64; x64) AppleWebKit/537.36 (KHTML, like Gecko) Chrome/148.0.0.0 Safari/537.36\"","service":"visual-whiteboard-api","timestamp":"2026-05-19 03:53:07"}
{"level":"info","message":"⚡ Socket connected: aiA9i7VqT07NfkE4AABA (User: a@a.com)","service":"visual-whiteboard-api","timestamp":"2026-05-19 03:53:07"}
{"level":"info","message":"User a@a.com joined room whiteboard:6a06e877af1816f5fe51d5e5","service":"visual-whiteboard-api","timestamp":"2026-05-19 03:53:07"}
{"level":"info","message":"::1 - - [18/May/2026:22:23:08 +0000] \"GET /api/v1/media/proxy/b665f003aacafb455271e40a7480878f?token=eyJhbGciOiJIUzI1NiIsInR5cCI6IkpXVCJ9.eyJpZCI6IjZhMDVjOGEwZDk0ZjkxZmFiMTI4NGM0NyIsImlhdCI6MTc3OTE0MjkwNywiZXhwIjoxNzc5MTQzODA3fQ.ifMm8DJKYoc3FUC0A_e-OrziFcsl94F0_nQKIVu8evs HTTP/1.1\" 200 - \"http://localhost:5173/\" \"Mozilla/5.0 (Windows NT 10.0; Win64; x64) AppleWebKit/537.36 (KHTML, like Gecko) Chrome/148.0.0.0 Safari/537.36\"","service":"visual-whiteboard-api","timestamp":"2026-05-19 03:53:08"}
{"level":"info","message":"User a@a.com left room whiteboard:6a06e877af1816f5fe51d5e5","service":"visual-whiteboard-api","timestamp":"2026-05-19 04:04:05"}
{"level":"info","message":"::1 - - [18/May/2026:22:34:06 +0000] \"GET /api/v1/whiteboards/6a06e877af1816f5fe51d5e5 HTTP/1.1\" 304 - \"http://localhost:5173/\" \"Mozilla/5.0 (Windows NT 10.0; Win64; x64) AppleWebKit/537.36 (KHTML, like Gecko) Chrome/148.0.0.0 Safari/537.36\"","service":"visual-whiteboard-api","timestamp":"2026-05-19 04:04:06"}
{"level":"info","message":"::1 - - [18/May/2026:22:34:06 +0000] \"GET /api/v1/whiteboards/6a06e877af1816f5fe51d5e5 HTTP/1.1\" 304 - \"http://localhost:5173/\" \"Mozilla/5.0 (Windows NT 10.0; Win64; x64) AppleWebKit/537.36 (KHTML, like Gecko) Chrome/148.0.0.0 Safari/537.36\"","service":"visual-whiteboard-api","timestamp":"2026-05-19 04:04:06"}
{"level":"info","message":"⚡ Socket connected: uwf33kANg9Ult62AAABD (User: a@a.com)","service":"visual-whiteboard-api","timestamp":"2026-05-19 04:04:06"}
{"level":"info","message":"User a@a.com joined room whiteboard:6a06e877af1816f5fe51d5e5","service":"visual-whiteboard-api","timestamp":"2026-05-19 04:04:06"}
{"level":"info","message":"::1 - - [18/May/2026:22:34:07 +0000] \"GET /api/v1/media/proxy/b665f003aacafb455271e40a7480878f?token=eyJhbGciOiJIUzI1NiIsInR5cCI6IkpXVCJ9.eyJpZCI6IjZhMDVjOGEwZDk0ZjkxZmFiMTI4NGM0NyIsImlhdCI6MTc3OTE0MjkwNywiZXhwIjoxNzc5MTQzODA3fQ.ifMm8DJKYoc3FUC0A_e-OrziFcsl94F0_nQKIVu8evs HTTP/1.1\" 200 - \"http://localhost:5173/\" \"Mozilla/5.0 (Windows NT 10.0; Win64; x64) AppleWebKit/537.36 (KHTML, like Gecko) Chrome/148.0.0.0 Safari/537.36\"","service":"visual-whiteboard-api","timestamp":"2026-05-19 04:04:07"}
{"level":"info","message":"User a@a.com left room whiteboard:6a06e877af1816f5fe51d5e5","service":"visual-whiteboard-api","timestamp":"2026-05-19 04:04:31"}
{"level":"info","message":"::1 - - [18/May/2026:22:34:31 +0000] \"GET /api/v1/whiteboards HTTP/1.1\" 304 - \"http://localhost:5173/\" \"Mozilla/5.0 (Windows NT 10.0; Win64; x64) AppleWebKit/537.36 (KHTML, like Gecko) Chrome/148.0.0.0 Safari/537.36\"","service":"visual-whiteboard-api","timestamp":"2026-05-19 04:04:31"}
{"level":"info","message":"::1 - - [18/May/2026:22:34:31 +0000] \"GET /api/v1/whiteboards HTTP/1.1\" 304 - \"http://localhost:5173/\" \"Mozilla/5.0 (Windows NT 10.0; Win64; x64) AppleWebKit/537.36 (KHTML, like Gecko) Chrome/148.0.0.0 Safari/537.36\"","service":"visual-whiteboard-api","timestamp":"2026-05-19 04:04:31"}
{"level":"info","message":"::1 - - [18/May/2026:22:34:32 +0000] \"GET /api/v1/whiteboards/6a06e877af1816f5fe51d5e5 HTTP/1.1\" 304 - \"http://localhost:5173/\" \"Mozilla/5.0 (Windows NT 10.0; Win64; x64) AppleWebKit/537.36 (KHTML, like Gecko) Chrome/148.0.0.0 Safari/537.36\"","service":"visual-whiteboard-api","timestamp":"2026-05-19 04:04:32"}
{"level":"info","message":"⚡ Socket connected: 9dRX5DSs8EqMhhv1AABG (User: a@a.com)","service":"visual-whiteboard-api","timestamp":"2026-05-19 04:04:33"}
{"level":"info","message":"User a@a.com joined room whiteboard:6a06e877af1816f5fe51d5e5","service":"visual-whiteboard-api","timestamp":"2026-05-19 04:04:33"}
{"level":"info","message":"::1 - - [18/May/2026:22:34:39 +0000] \"PUT /api/v1/whiteboards/6a06e877af1816f5fe51d5e5/canvas HTTP/1.1\" 200 58 \"http://localhost:5173/\" \"Mozilla/5.0 (Windows NT 10.0; Win64; x64) AppleWebKit/537.36 (KHTML, like Gecko) Chrome/148.0.0.0 Safari/537.36\"","service":"visual-whiteboard-api","timestamp":"2026-05-19 04:04:39"}
{"level":"info","message":"::1 - - [18/May/2026:22:34:42 +0000] \"PUT /api/v1/whiteboards/6a06e877af1816f5fe51d5e5/canvas HTTP/1.1\" 200 58 \"http://localhost:5173/\" \"Mozilla/5.0 (Windows NT 10.0; Win64; x64) AppleWebKit/537.36 (KHTML, like Gecko) Chrome/148.0.0.0 Safari/537.36\"","service":"visual-whiteboard-api","timestamp":"2026-05-19 04:04:42"}
{"level":"info","message":"::1 - - [18/May/2026:22:34:45 +0000] \"PUT /api/v1/whiteboards/6a06e877af1816f5fe51d5e5/canvas HTTP/1.1\" 200 58 \"http://localhost:5173/\" \"Mozilla/5.0 (Windows NT 10.0; Win64; x64) AppleWebKit/537.36 (KHTML, like Gecko) Chrome/148.0.0.0 Safari/537.36\"","service":"visual-whiteboard-api","timestamp":"2026-05-19 04:04:45"}
{"level":"info","message":"::1 - - [18/May/2026:22:36:14 +0000] \"PUT /api/v1/whiteboards/6a06e877af1816f5fe51d5e5/canvas HTTP/1.1\" 200 58 \"http://localhost:5173/\" \"Mozilla/5.0 (Windows NT 10.0; Win64; x64) AppleWebKit/537.36 (KHTML, like Gecko) Chrome/148.0.0.0 Safari/537.36\"","service":"visual-whiteboard-api","timestamp":"2026-05-19 04:06:14"}
{"level":"info","message":"::1 - - [18/May/2026:22:36:18 +0000] \"PUT /api/v1/whiteboards/6a06e877af1816f5fe51d5e5/canvas HTTP/1.1\" 200 58 \"http://localhost:5173/\" \"Mozilla/5.0 (Windows NT 10.0; Win64; x64) AppleWebKit/537.36 (KHTML, like Gecko) Chrome/148.0.0.0 Safari/537.36\"","service":"visual-whiteboard-api","timestamp":"2026-05-19 04:06:18"}
{"level":"error","message":"Authentication error: jwt expired","service":"visual-whiteboard-api","timestamp":"2026-05-19 04:07:43"}
{"level":"info","message":"::1 - - [18/May/2026:22:37:43 +0000] \"PUT /api/v1/whiteboards/6a06e877af1816f5fe51d5e5/canvas HTTP/1.1\" 401 81 \"http://localhost:5173/\" \"Mozilla/5.0 (Windows NT 10.0; Win64; x64) AppleWebKit/537.36 (KHTML, like Gecko) Chrome/148.0.0.0 Safari/537.36\"","service":"visual-whiteboard-api","timestamp":"2026-05-19 04:07:43"}
{"level":"error","message":"Authentication error: jwt expired","service":"visual-whiteboard-api","timestamp":"2026-05-19 04:07:47"}
{"level":"info","message":"::1 - - [18/May/2026:22:37:47 +0000] \"PUT /api/v1/whiteboards/6a06e877af1816f5fe51d5e5/canvas HTTP/1.1\" 401 81 \"http://localhost:5173/\" \"Mozilla/5.0 (Windows NT 10.0; Win64; x64) AppleWebKit/537.36 (KHTML, like Gecko) Chrome/148.0.0.0 Safari/537.36\"","service":"visual-whiteboard-api","timestamp":"2026-05-19 04:07:47"}
{"level":"error","message":"Authentication error: jwt expired","service":"visual-whiteboard-api","timestamp":"2026-05-19 04:07:55"}
{"level":"info","message":"::1 - - [18/May/2026:22:37:55 +0000] \"PUT /api/v1/whiteboards/6a06e877af1816f5fe51d5e5/canvas HTTP/1.1\" 401 81 \"http://localhost:5173/\" \"Mozilla/5.0 (Windows NT 10.0; Win64; x64) AppleWebKit/537.36 (KHTML, like Gecko) Chrome/148.0.0.0 Safari/537.36\"","service":"visual-whiteboard-api","timestamp":"2026-05-19 04:07:55"}
{"level":"error","message":"Authentication error: jwt expired","service":"visual-whiteboard-api","timestamp":"2026-05-19 04:07:58"}
{"level":"info","message":"::1 - - [18/May/2026:22:37:58 +0000] \"PUT /api/v1/whiteboards/6a06e877af1816f5fe51d5e5/canvas HTTP/1.1\" 401 81 \"http://localhost:5173/\" \"Mozilla/5.0 (Windows NT 10.0; Win64; x64) AppleWebKit/537.36 (KHTML, like Gecko) Chrome/148.0.0.0 Safari/537.36\"","service":"visual-whiteboard-api","timestamp":"2026-05-19 04:07:58"}
{"level":"error","message":"Authentication error: jwt expired","service":"visual-whiteboard-api","timestamp":"2026-05-19 04:08:04"}
{"level":"info","message":"::1 - - [18/May/2026:22:38:04 +0000] \"PUT /api/v1/whiteboards/6a06e877af1816f5fe51d5e5/canvas HTTP/1.1\" 401 81 \"http://localhost:5173/\" \"Mozilla/5.0 (Windows NT 10.0; Win64; x64) AppleWebKit/537.36 (KHTML, like Gecko) Chrome/148.0.0.0 Safari/537.36\"","service":"visual-whiteboard-api","timestamp":"2026-05-19 04:08:04"}
{"level":"error","message":"Authentication error: jwt expired","service":"visual-whiteboard-api","timestamp":"2026-05-19 04:08:08"}
{"level":"info","message":"::1 - - [18/May/2026:22:38:08 +0000] \"PUT /api/v1/whiteboards/6a06e877af1816f5fe51d5e5/canvas HTTP/1.1\" 401 81 \"http://localhost:5173/\" \"Mozilla/5.0 (Windows NT 10.0; Win64; x64) AppleWebKit/537.36 (KHTML, like Gecko) Chrome/148.0.0.0 Safari/537.36\"","service":"visual-whiteboard-api","timestamp":"2026-05-19 04:08:08"}
{"level":"error","message":"Authentication error: jwt expired","service":"visual-whiteboard-api","timestamp":"2026-05-19 04:08:15"}
{"level":"info","message":"::1 - - [18/May/2026:22:38:15 +0000] \"PUT /api/v1/whiteboards/6a06e877af1816f5fe51d5e5/canvas HTTP/1.1\" 401 81 \"http://localhost:5173/\" \"Mozilla/5.0 (Windows NT 10.0; Win64; x64) AppleWebKit/537.36 (KHTML, like Gecko) Chrome/148.0.0.0 Safari/537.36\"","service":"visual-whiteboard-api","timestamp":"2026-05-19 04:08:15"}
{"level":"error","message":"Authentication error: jwt expired","service":"visual-whiteboard-api","timestamp":"2026-05-19 04:08:28"}
{"level":"info","message":"::1 - - [18/May/2026:22:38:28 +0000] \"PUT /api/v1/whiteboards/6a06e877af1816f5fe51d5e5/canvas HTTP/1.1\" 401 81 \"http://localhost:5173/\" \"Mozilla/5.0 (Windows NT 10.0; Win64; x64) AppleWebKit/537.36 (KHTML, like Gecko) Chrome/148.0.0.0 Safari/537.36\"","service":"visual-whiteboard-api","timestamp":"2026-05-19 04:08:28"}
{"level":"error","message":"Authentication error: jwt expired","service":"visual-whiteboard-api","timestamp":"2026-05-19 04:08:31"}
{"level":"info","message":"::1 - - [18/May/2026:22:38:31 +0000] \"PUT /api/v1/whiteboards/6a06e877af1816f5fe51d5e5/canvas HTTP/1.1\" 401 81 \"http://localhost:5173/\" \"Mozilla/5.0 (Windows NT 10.0; Win64; x64) AppleWebKit/537.36 (KHTML, like Gecko) Chrome/148.0.0.0 Safari/537.36\"","service":"visual-whiteboard-api","timestamp":"2026-05-19 04:08:31"}
{"level":"error","message":"Authentication error: jwt expired","service":"visual-whiteboard-api","timestamp":"2026-05-19 04:08:35"}
{"level":"info","message":"::1 - - [18/May/2026:22:38:35 +0000] \"PUT /api/v1/whiteboards/6a06e877af1816f5fe51d5e5/canvas HTTP/1.1\" 401 81 \"http://localhost:5173/\" \"Mozilla/5.0 (Windows NT 10.0; Win64; x64) AppleWebKit/537.36 (KHTML, like Gecko) Chrome/148.0.0.0 Safari/537.36\"","service":"visual-whiteboard-api","timestamp":"2026-05-19 04:08:35"}
{"level":"error","message":"Authentication error: jwt expired","service":"visual-whiteboard-api","timestamp":"2026-05-19 04:08:45"}
{"level":"info","message":"::1 - - [18/May/2026:22:38:45 +0000] \"PUT /api/v1/whiteboards/6a06e877af1816f5fe51d5e5/canvas HTTP/1.1\" 401 81 \"http://localhost:5173/\" \"Mozilla/5.0 (Windows NT 10.0; Win64; x64) AppleWebKit/537.36 (KHTML, like Gecko) Chrome/148.0.0.0 Safari/537.36\"","service":"visual-whiteboard-api","timestamp":"2026-05-19 04:08:45"}
{"level":"info","message":"User a@a.com left room whiteboard:6a06e877af1816f5fe51d5e5","service":"visual-whiteboard-api","timestamp":"2026-05-19 04:12:37"}
{"level":"error","message":"Authentication error: jwt expired","service":"visual-whiteboard-api","timestamp":"2026-05-19 04:12:38"}
{"level":"info","message":"::1 - - [18/May/2026:22:42:38 +0000] \"GET /api/v1/whiteboards/6a06e877af1816f5fe51d5e5 HTTP/1.1\" 401 81 \"http://localhost:5173/\" \"Mozilla/5.0 (Windows NT 10.0; Win64; x64) AppleWebKit/537.36 (KHTML, like Gecko) Chrome/148.0.0.0 Safari/537.36\"","service":"visual-whiteboard-api","timestamp":"2026-05-19 04:12:38"}
{"level":"error","message":"Authentication error: jwt expired","service":"visual-whiteboard-api","timestamp":"2026-05-19 04:12:38"}
{"level":"info","message":"::1 - - [18/May/2026:22:42:38 +0000] \"GET /api/v1/whiteboards/6a06e877af1816f5fe51d5e5 HTTP/1.1\" 401 81 \"http://localhost:5173/\" \"Mozilla/5.0 (Windows NT 10.0; Win64; x64) AppleWebKit/537.36 (KHTML, like Gecko) Chrome/148.0.0.0 Safari/537.36\"","service":"visual-whiteboard-api","timestamp":"2026-05-19 04:12:38"}
{"level":"error","message":"Authentication error: jwt expired","service":"visual-whiteboard-api","timestamp":"2026-05-19 04:12:38"}
{"level":"info","message":"::1 - - [18/May/2026:22:42:38 +0000] \"GET /api/v1/whiteboards HTTP/1.1\" 401 81 \"http://localhost:5173/\" \"Mozilla/5.0 (Windows NT 10.0; Win64; x64) AppleWebKit/537.36 (KHTML, like Gecko) Chrome/148.0.0.0 Safari/537.36\"","service":"visual-whiteboard-api","timestamp":"2026-05-19 04:12:38"}
{"level":"error","message":"Authentication error: jwt expired","service":"visual-whiteboard-api","timestamp":"2026-05-19 04:12:38"}
{"level":"info","message":"::1 - - [18/May/2026:22:42:38 +0000] \"GET /api/v1/whiteboards HTTP/1.1\" 401 81 \"http://localhost:5173/\" \"Mozilla/5.0 (Windows NT 10.0; Win64; x64) AppleWebKit/537.36 (KHTML, like Gecko) Chrome/148.0.0.0 Safari/537.36\"","service":"visual-whiteboard-api","timestamp":"2026-05-19 04:12:38"}
{"level":"info","message":"::1 - - [18/May/2026:22:42:53 +0000] \"POST /api/v1/auth/login HTTP/1.1\" 200 392 \"http://localhost:5173/\" \"Mozilla/5.0 (Windows NT 10.0; Win64; x64) AppleWebKit/537.36 (KHTML, like Gecko) Chrome/148.0.0.0 Safari/537.36\"","service":"visual-whiteboard-api","timestamp":"2026-05-19 04:12:53"}
{"level":"info","message":"::1 - - [18/May/2026:22:42:53 +0000] \"GET /api/v1/whiteboards HTTP/1.1\" 200 1150 \"http://localhost:5173/\" \"Mozilla/5.0 (Windows NT 10.0; Win64; x64) AppleWebKit/537.36 (KHTML, like Gecko) Chrome/148.0.0.0 Safari/537.36\"","service":"visual-whiteboard-api","timestamp":"2026-05-19 04:12:53"}
{"level":"info","message":"::1 - - [18/May/2026:22:42:53 +0000] \"GET /api/v1/whiteboards HTTP/1.1\" 304 - \"http://localhost:5173/\" \"Mozilla/5.0 (Windows NT 10.0; Win64; x64) AppleWebKit/537.36 (KHTML, like Gecko) Chrome/148.0.0.0 Safari/537.36\"","service":"visual-whiteboard-api","timestamp":"2026-05-19 04:12:53"}
{"level":"info","message":"::1 - - [18/May/2026:22:42:55 +0000] \"GET /api/v1/whiteboards/6a06e877af1816f5fe51d5e5 HTTP/1.1\" 200 15240 \"http://localhost:5173/\" \"Mozilla/5.0 (Windows NT 10.0; Win64; x64) AppleWebKit/537.36 (KHTML, like Gecko) Chrome/148.0.0.0 Safari/537.36\"","service":"visual-whiteboard-api","timestamp":"2026-05-19 04:12:55"}
{"level":"info","message":"⚡ Socket connected: LL-vLeHRbzOKxu0hAABJ (User: a@a.com)","service":"visual-whiteboard-api","timestamp":"2026-05-19 04:12:55"}
{"level":"info","message":"User a@a.com joined room whiteboard:6a06e877af1816f5fe51d5e5","service":"visual-whiteboard-api","timestamp":"2026-05-19 04:12:55"}
{"level":"info","message":"::1 - - [18/May/2026:22:42:56 +0000] \"GET /api/v1/media/proxy/b665f003aacafb455271e40a7480878f?token=eyJhbGciOiJIUzI1NiIsInR5cCI6IkpXVCJ9.eyJpZCI6IjZhMDVjOGEwZDk0ZjkxZmFiMTI4NGM0NyIsImlhdCI6MTc3OTE0NDE3MywiZXhwIjoxNzc5MTQ1MDczfQ.AiL5HU9E9AurzKj-XupbMk7-OT-5ZXQ9RtMe5-Z54Fk HTTP/1.1\" 200 - \"http://localhost:5173/\" \"Mozilla/5.0 (Windows NT 10.0; Win64; x64) AppleWebKit/537.36 (KHTML, like Gecko) Chrome/148.0.0.0 Safari/537.36\"","service":"visual-whiteboard-api","timestamp":"2026-05-19 04:12:56"}
{"level":"info","message":"::1 - - [18/May/2026:22:43:22 +0000] \"PUT /api/v1/whiteboards/6a06e877af1816f5fe51d5e5/canvas HTTP/1.1\" 200 58 \"http://localhost:5173/\" \"Mozilla/5.0 (Windows NT 10.0; Win64; x64) AppleWebKit/537.36 (KHTML, like Gecko) Chrome/148.0.0.0 Safari/537.36\"","service":"visual-whiteboard-api","timestamp":"2026-05-19 04:13:22"}
{"level":"info","message":"::1 - - [18/May/2026:22:43:26 +0000] \"PUT /api/v1/whiteboards/6a06e877af1816f5fe51d5e5/canvas HTTP/1.1\" 200 58 \"http://localhost:5173/\" \"Mozilla/5.0 (Windows NT 10.0; Win64; x64) AppleWebKit/537.36 (KHTML, like Gecko) Chrome/148.0.0.0 Safari/537.36\"","service":"visual-whiteboard-api","timestamp":"2026-05-19 04:13:26"}
{"level":"info","message":"::1 - - [18/May/2026:22:43:30 +0000] \"PUT /api/v1/whiteboards/6a06e877af1816f5fe51d5e5/canvas HTTP/1.1\" 200 58 \"http://localhost:5173/\" \"Mozilla/5.0 (Windows NT 10.0; Win64; x64) AppleWebKit/537.36 (KHTML, like Gecko) Chrome/148.0.0.0 Safari/537.36\"","service":"visual-whiteboard-api","timestamp":"2026-05-19 04:13:30"}
{"level":"info","message":"::1 - - [18/May/2026:22:43:34 +0000] \"PUT /api/v1/whiteboards/6a06e877af1816f5fe51d5e5/canvas HTTP/1.1\" 200 58 \"http://localhost:5173/\" \"Mozilla/5.0 (Windows NT 10.0; Win64; x64) AppleWebKit/537.36 (KHTML, like Gecko) Chrome/148.0.0.0 Safari/537.36\"","service":"visual-whiteboard-api","timestamp":"2026-05-19 04:13:34"}
{"level":"info","message":"::1 - - [18/May/2026:22:43:39 +0000] \"PUT /api/v1/whiteboards/6a06e877af1816f5fe51d5e5/canvas HTTP/1.1\" 200 58 \"http://localhost:5173/\" \"Mozilla/5.0 (Windows NT 10.0; Win64; x64) AppleWebKit/537.36 (KHTML, like Gecko) Chrome/148.0.0.0 Safari/537.36\"","service":"visual-whiteboard-api","timestamp":"2026-05-19 04:13:39"}
{"level":"info","message":"::1 - - [18/May/2026:22:43:43 +0000] \"PUT /api/v1/whiteboards/6a06e877af1816f5fe51d5e5/canvas HTTP/1.1\" 200 58 \"http://localhost:5173/\" \"Mozilla/5.0 (Windows NT 10.0; Win64; x64) AppleWebKit/537.36 (KHTML, like Gecko) Chrome/148.0.0.0 Safari/537.36\"","service":"visual-whiteboard-api","timestamp":"2026-05-19 04:13:43"}
{"level":"info","message":"::1 - - [18/May/2026:22:43:49 +0000] \"PUT /api/v1/whiteboards/6a06e877af1816f5fe51d5e5/canvas HTTP/1.1\" 200 58 \"http://localhost:5173/\" \"Mozilla/5.0 (Windows NT 10.0; Win64; x64) AppleWebKit/537.36 (KHTML, like Gecko) Chrome/148.0.0.0 Safari/537.36\"","service":"visual-whiteboard-api","timestamp":"2026-05-19 04:13:49"}
{"level":"info","message":"::1 - - [18/May/2026:22:43:59 +0000] \"PUT /api/v1/whiteboards/6a06e877af1816f5fe51d5e5/canvas HTTP/1.1\" 200 58 \"http://localhost:5173/\" \"Mozilla/5.0 (Windows NT 10.0; Win64; x64) AppleWebKit/537.36 (KHTML, like Gecko) Chrome/148.0.0.0 Safari/537.36\"","service":"visual-whiteboard-api","timestamp":"2026-05-19 04:13:59"}
{"level":"info","message":"::1 - - [18/May/2026:22:44:01 +0000] \"PUT /api/v1/whiteboards/6a06e877af1816f5fe51d5e5/canvas HTTP/1.1\" 200 58 \"http://localhost:5173/\" \"Mozilla/5.0 (Windows NT 10.0; Win64; x64) AppleWebKit/537.36 (KHTML, like Gecko) Chrome/148.0.0.0 Safari/537.36\"","service":"visual-whiteboard-api","timestamp":"2026-05-19 04:14:01"}
{"level":"info","message":"::1 - - [18/May/2026:22:44:10 +0000] \"PUT /api/v1/whiteboards/6a06e877af1816f5fe51d5e5/canvas HTTP/1.1\" 200 58 \"http://localhost:5173/\" \"Mozilla/5.0 (Windows NT 10.0; Win64; x64) AppleWebKit/537.36 (KHTML, like Gecko) Chrome/148.0.0.0 Safari/537.36\"","service":"visual-whiteboard-api","timestamp":"2026-05-19 04:14:10"}
{"level":"info","message":"User a@a.com left room whiteboard:6a06e877af1816f5fe51d5e5","service":"visual-whiteboard-api","timestamp":"2026-05-19 04:20:27"}
{"level":"info","message":"::1 - - [18/May/2026:22:50:27 +0000] \"GET /api/v1/whiteboards HTTP/1.1\" 200 1150 \"http://localhost:5173/\" \"Mozilla/5.0 (Windows NT 10.0; Win64; x64) AppleWebKit/537.36 (KHTML, like Gecko) Chrome/148.0.0.0 Safari/537.36\"","service":"visual-whiteboard-api","timestamp":"2026-05-19 04:20:27"}
{"level":"info","message":"::1 - - [18/May/2026:22:50:27 +0000] \"GET /api/v1/whiteboards HTTP/1.1\" 304 - \"http://localhost:5173/\" \"Mozilla/5.0 (Windows NT 10.0; Win64; x64) AppleWebKit/537.36 (KHTML, like Gecko) Chrome/148.0.0.0 Safari/537.36\"","service":"visual-whiteboard-api","timestamp":"2026-05-19 04:20:27"}
{"level":"info","message":"::1 - - [18/May/2026:22:50:29 +0000] \"GET /api/v1/whiteboards/6a06e877af1816f5fe51d5e5 HTTP/1.1\" 200 9719 \"http://localhost:5173/\" \"Mozilla/5.0 (Windows NT 10.0; Win64; x64) AppleWebKit/537.36 (KHTML, like Gecko) Chrome/148.0.0.0 Safari/537.36\"","service":"visual-whiteboard-api","timestamp":"2026-05-19 04:20:29"}
{"level":"info","message":"⚡ Socket connected: c7x_PDl0VCPkD7ZwAABM (User: a@a.com)","service":"visual-whiteboard-api","timestamp":"2026-05-19 04:20:29"}
{"level":"info","message":"User a@a.com joined room whiteboard:6a06e877af1816f5fe51d5e5","service":"visual-whiteboard-api","timestamp":"2026-05-19 04:20:29"}
{"level":"info","message":"::1 - - [18/May/2026:22:50:39 +0000] \"PUT /api/v1/whiteboards/6a06e877af1816f5fe51d5e5/canvas HTTP/1.1\" 200 58 \"http://localhost:5173/\" \"Mozilla/5.0 (Windows NT 10.0; Win64; x64) AppleWebKit/537.36 (KHTML, like Gecko) Chrome/148.0.0.0 Safari/537.36\"","service":"visual-whiteboard-api","timestamp":"2026-05-19 04:20:39"}
{"level":"info","message":"::1 - - [18/May/2026:22:50:43 +0000] \"PUT /api/v1/whiteboards/6a06e877af1816f5fe51d5e5/canvas HTTP/1.1\" 200 58 \"http://localhost:5173/\" \"Mozilla/5.0 (Windows NT 10.0; Win64; x64) AppleWebKit/537.36 (KHTML, like Gecko) Chrome/148.0.0.0 Safari/537.36\"","service":"visual-whiteboard-api","timestamp":"2026-05-19 04:20:43"}
{"level":"info","message":"::1 - - [18/May/2026:22:51:02 +0000] \"PUT /api/v1/whiteboards/6a06e877af1816f5fe51d5e5/canvas HTTP/1.1\" 200 58 \"http://localhost:5173/\" \"Mozilla/5.0 (Windows NT 10.0; Win64; x64) AppleWebKit/537.36 (KHTML, like Gecko) Chrome/148.0.0.0 Safari/537.36\"","service":"visual-whiteboard-api","timestamp":"2026-05-19 04:21:02"}
{"level":"info","message":"User a@a.com left room whiteboard:6a06e877af1816f5fe51d5e5","service":"visual-whiteboard-api","timestamp":"2026-05-19 04:21:04"}
{"level":"info","message":"::1 - - [18/May/2026:22:51:04 +0000] \"GET /api/v1/whiteboards/6a06e877af1816f5fe51d5e5 HTTP/1.1\" 200 8831 \"http://localhost:5173/\" \"Mozilla/5.0 (Windows NT 10.0; Win64; x64) AppleWebKit/537.36 (KHTML, like Gecko) Chrome/148.0.0.0 Safari/537.36\"","service":"visual-whiteboard-api","timestamp":"2026-05-19 04:21:04"}
{"level":"info","message":"::1 - - [18/May/2026:22:51:04 +0000] \"GET /api/v1/whiteboards/6a06e877af1816f5fe51d5e5 HTTP/1.1\" 304 - \"http://localhost:5173/\" \"Mozilla/5.0 (Windows NT 10.0; Win64; x64) AppleWebKit/537.36 (KHTML, like Gecko) Chrome/148.0.0.0 Safari/537.36\"","service":"visual-whiteboard-api","timestamp":"2026-05-19 04:21:04"}
{"level":"info","message":"⚡ Socket connected: 5VVidkPwNu1xmGppAABP (User: a@a.com)","service":"visual-whiteboard-api","timestamp":"2026-05-19 04:21:04"}
{"level":"info","message":"User a@a.com joined room whiteboard:6a06e877af1816f5fe51d5e5","service":"visual-whiteboard-api","timestamp":"2026-05-19 04:21:04"}
{"level":"info","message":"::1 - - [18/May/2026:22:51:06 +0000] \"GET /api/v1/media/proxy/b665f003aacafb455271e40a7480878f?token=eyJhbGciOiJIUzI1NiIsInR5cCI6IkpXVCJ9.eyJpZCI6IjZhMDVjOGEwZDk0ZjkxZmFiMTI4NGM0NyIsImlhdCI6MTc3OTE0NDE3MywiZXhwIjoxNzc5MTQ1MDczfQ.AiL5HU9E9AurzKj-XupbMk7-OT-5ZXQ9RtMe5-Z54Fk HTTP/1.1\" 200 - \"http://localhost:5173/\" \"Mozilla/5.0 (Windows NT 10.0; Win64; x64) AppleWebKit/537.36 (KHTML, like Gecko) Chrome/148.0.0.0 Safari/537.36\"","service":"visual-whiteboard-api","timestamp":"2026-05-19 04:21:06"}
{"level":"info","message":"::1 - - [18/May/2026:22:51:14 +0000] \"PUT /api/v1/whiteboards/6a06e877af1816f5fe51d5e5/canvas HTTP/1.1\" 200 58 \"http://localhost:5173/\" \"Mozilla/5.0 (Windows NT 10.0; Win64; x64) AppleWebKit/537.36 (KHTML, like Gecko) Chrome/148.0.0.0 Safari/537.36\"","service":"visual-whiteboard-api","timestamp":"2026-05-19 04:21:14"}
{"level":"info","message":"::1 - - [18/May/2026:22:51:25 +0000] \"PUT /api/v1/whiteboards/6a06e877af1816f5fe51d5e5/canvas HTTP/1.1\" 200 58 \"http://localhost:5173/\" \"Mozilla/5.0 (Windows NT 10.0; Win64; x64) AppleWebKit/537.36 (KHTML, like Gecko) Chrome/148.0.0.0 Safari/537.36\"","service":"visual-whiteboard-api","timestamp":"2026-05-19 04:21:25"}
{"level":"info","message":"::1 - - [18/May/2026:22:51:28 +0000] \"PUT /api/v1/whiteboards/6a06e877af1816f5fe51d5e5/canvas HTTP/1.1\" 200 58 \"http://localhost:5173/\" \"Mozilla/5.0 (Windows NT 10.0; Win64; x64) AppleWebKit/537.36 (KHTML, like Gecko) Chrome/148.0.0.0 Safari/537.36\"","service":"visual-whiteboard-api","timestamp":"2026-05-19 04:21:28"}
{"level":"info","message":"::1 - - [18/May/2026:22:51:34 +0000] \"PUT /api/v1/whiteboards/6a06e877af1816f5fe51d5e5/canvas HTTP/1.1\" 200 58 \"http://localhost:5173/\" \"Mozilla/5.0 (Windows NT 10.0; Win64; x64) AppleWebKit/537.36 (KHTML, like Gecko) Chrome/148.0.0.0 Safari/537.36\"","service":"visual-whiteboard-api","timestamp":"2026-05-19 04:21:34"}
{"level":"info","message":"::1 - - [18/May/2026:22:51:42 +0000] \"PUT /api/v1/whiteboards/6a06e877af1816f5fe51d5e5/canvas HTTP/1.1\" 200 58 \"http://localhost:5173/\" \"Mozilla/5.0 (Windows NT 10.0; Win64; x64) AppleWebKit/537.36 (KHTML, like Gecko) Chrome/148.0.0.0 Safari/537.36\"","service":"visual-whiteboard-api","timestamp":"2026-05-19 04:21:42"}
{"level":"info","message":"::1 - - [18/May/2026:22:51:46 +0000] \"PUT /api/v1/whiteboards/6a06e877af1816f5fe51d5e5/canvas HTTP/1.1\" 200 58 \"http://localhost:5173/\" \"Mozilla/5.0 (Windows NT 10.0; Win64; x64) AppleWebKit/537.36 (KHTML, like Gecko) Chrome/148.0.0.0 Safari/537.36\"","service":"visual-whiteboard-api","timestamp":"2026-05-19 04:21:46"}
{"level":"info","message":"::1 - - [18/May/2026:22:51:49 +0000] \"PUT /api/v1/whiteboards/6a06e877af1816f5fe51d5e5/canvas HTTP/1.1\" 200 58 \"http://localhost:5173/\" \"Mozilla/5.0 (Windows NT 10.0; Win64; x64) AppleWebKit/537.36 (KHTML, like Gecko) Chrome/148.0.0.0 Safari/537.36\"","service":"visual-whiteboard-api","timestamp":"2026-05-19 04:21:49"}
{"level":"info","message":"::1 - - [18/May/2026:22:51:53 +0000] \"PUT /api/v1/whiteboards/6a06e877af1816f5fe51d5e5/canvas HTTP/1.1\" 200 58 \"http://localhost:5173/\" \"Mozilla/5.0 (Windows NT 10.0; Win64; x64) AppleWebKit/537.36 (KHTML, like Gecko) Chrome/148.0.0.0 Safari/537.36\"","service":"visual-whiteboard-api","timestamp":"2026-05-19 04:21:53"}
{"level":"info","message":"::1 - - [18/May/2026:22:51:58 +0000] \"PUT /api/v1/whiteboards/6a06e877af1816f5fe51d5e5/canvas HTTP/1.1\" 200 58 \"http://localhost:5173/\" \"Mozilla/5.0 (Windows NT 10.0; Win64; x64) AppleWebKit/537.36 (KHTML, like Gecko) Chrome/148.0.0.0 Safari/537.36\"","service":"visual-whiteboard-api","timestamp":"2026-05-19 04:21:58"}
{"level":"info","message":"::1 - - [18/May/2026:22:52:11 +0000] \"POST /api/v1/attachments/upload HTTP/1.1\" 201 486 \"http://localhost:5173/\" \"Mozilla/5.0 (Windows NT 10.0; Win64; x64) AppleWebKit/537.36 (KHTML, like Gecko) Chrome/148.0.0.0 Safari/537.36\"","service":"visual-whiteboard-api","timestamp":"2026-05-19 04:22:11"}
{"level":"info","message":"::1 - - [18/May/2026:22:52:36 +0000] \"PUT /api/v1/whiteboards/6a06e877af1816f5fe51d5e5/canvas HTTP/1.1\" 200 58 \"http://localhost:5173/\" \"Mozilla/5.0 (Windows NT 10.0; Win64; x64) AppleWebKit/537.36 (KHTML, like Gecko) Chrome/148.0.0.0 Safari/537.36\"","service":"visual-whiteboard-api","timestamp":"2026-05-19 04:22:36"}
{"level":"info","message":"::1 - - [18/May/2026:22:52:42 +0000] \"PUT /api/v1/whiteboards/6a06e877af1816f5fe51d5e5/canvas HTTP/1.1\" 200 58 \"http://localhost:5173/\" \"Mozilla/5.0 (Windows NT 10.0; Win64; x64) AppleWebKit/537.36 (KHTML, like Gecko) Chrome/148.0.0.0 Safari/537.36\"","service":"visual-whiteboard-api","timestamp":"2026-05-19 04:22:42"}
{"level":"info","message":"::1 - - [18/May/2026:22:52:48 +0000] \"PUT /api/v1/whiteboards/6a06e877af1816f5fe51d5e5/canvas HTTP/1.1\" 200 58 \"http://localhost:5173/\" \"Mozilla/5.0 (Windows NT 10.0; Win64; x64) AppleWebKit/537.36 (KHTML, like Gecko) Chrome/148.0.0.0 Safari/537.36\"","service":"visual-whiteboard-api","timestamp":"2026-05-19 04:22:48"}
{"level":"info","message":"::1 - - [18/May/2026:22:52:56 +0000] \"PUT /api/v1/whiteboards/6a06e877af1816f5fe51d5e5/canvas HTTP/1.1\" 200 58 \"http://localhost:5173/\" \"Mozilla/5.0 (Windows NT 10.0; Win64; x64) AppleWebKit/537.36 (KHTML, like Gecko) Chrome/148.0.0.0 Safari/537.36\"","service":"visual-whiteboard-api","timestamp":"2026-05-19 04:22:56"}
{"level":"info","message":"::1 - - [18/May/2026:22:55:41 +0000] \"PUT /api/v1/whiteboards/6a06e877af1816f5fe51d5e5/canvas HTTP/1.1\" 200 58 \"http://localhost:5173/\" \"Mozilla/5.0 (Windows NT 10.0; Win64; x64) AppleWebKit/537.36 (KHTML, like Gecko) Chrome/148.0.0.0 Safari/537.36\"","service":"visual-whiteboard-api","timestamp":"2026-05-19 04:25:41"}
{"level":"info","message":"User a@a.com left room whiteboard:6a06e877af1816f5fe51d5e5","service":"visual-whiteboard-api","timestamp":"2026-05-19 04:25:41"}
{"level":"info","message":"::1 - - [18/May/2026:22:55:42 +0000] \"GET /api/v1/whiteboards/6a06e877af1816f5fe51d5e5 HTTP/1.1\" 200 10797 \"http://localhost:5173/\" \"Mozilla/5.0 (Windows NT 10.0; Win64; x64) AppleWebKit/537.36 (KHTML, like Gecko) Chrome/148.0.0.0 Safari/537.36\"","service":"visual-whiteboard-api","timestamp":"2026-05-19 04:25:42"}
{"level":"info","message":"::1 - - [18/May/2026:22:55:42 +0000] \"GET /api/v1/whiteboards/6a06e877af1816f5fe51d5e5 HTTP/1.1\" 304 - \"http://localhost:5173/\" \"Mozilla/5.0 (Windows NT 10.0; Win64; x64) AppleWebKit/537.36 (KHTML, like Gecko) Chrome/148.0.0.0 Safari/537.36\"","service":"visual-whiteboard-api","timestamp":"2026-05-19 04:25:42"}
{"level":"info","message":"⚡ Socket connected: Gy074mhiJIsIU8vOAABS (User: a@a.com)","service":"visual-whiteboard-api","timestamp":"2026-05-19 04:25:42"}
{"level":"info","message":"User a@a.com joined room whiteboard:6a06e877af1816f5fe51d5e5","service":"visual-whiteboard-api","timestamp":"2026-05-19 04:25:42"}
{"level":"info","message":"::1 - - [18/May/2026:22:55:43 +0000] \"GET /api/v1/media/proxy/b665f003aacafb455271e40a7480878f?token=eyJhbGciOiJIUzI1NiIsInR5cCI6IkpXVCJ9.eyJpZCI6IjZhMDVjOGEwZDk0ZjkxZmFiMTI4NGM0NyIsImlhdCI6MTc3OTE0NDE3MywiZXhwIjoxNzc5MTQ1MDczfQ.AiL5HU9E9AurzKj-XupbMk7-OT-5ZXQ9RtMe5-Z54Fk HTTP/1.1\" 200 - \"http://localhost:5173/\" \"Mozilla/5.0 (Windows NT 10.0; Win64; x64) AppleWebKit/537.36 (KHTML, like Gecko) Chrome/148.0.0.0 Safari/537.36\"","service":"visual-whiteboard-api","timestamp":"2026-05-19 04:25:43"}
{"level":"info","message":"::1 - - [18/May/2026:22:55:55 +0000] \"PUT /api/v1/whiteboards/6a06e877af1816f5fe51d5e5/canvas HTTP/1.1\" 200 58 \"http://localhost:5173/\" \"Mozilla/5.0 (Windows NT 10.0; Win64; x64) AppleWebKit/537.36 (KHTML, like Gecko) Chrome/148.0.0.0 Safari/537.36\"","service":"visual-whiteboard-api","timestamp":"2026-05-19 04:25:55"}
{"level":"info","message":"::1 - - [18/May/2026:22:55:58 +0000] \"PUT /api/v1/whiteboards/6a06e877af1816f5fe51d5e5/canvas HTTP/1.1\" 200 58 \"http://localhost:5173/\" \"Mozilla/5.0 (Windows NT 10.0; Win64; x64) AppleWebKit/537.36 (KHTML, like Gecko) Chrome/148.0.0.0 Safari/537.36\"","service":"visual-whiteboard-api","timestamp":"2026-05-19 04:25:58"}
{"level":"info","message":"::1 - - [18/May/2026:22:56:03 +0000] \"PUT /api/v1/whiteboards/6a06e877af1816f5fe51d5e5/canvas HTTP/1.1\" 200 58 \"http://localhost:5173/\" \"Mozilla/5.0 (Windows NT 10.0; Win64; x64) AppleWebKit/537.36 (KHTML, like Gecko) Chrome/148.0.0.0 Safari/537.36\"","service":"visual-whiteboard-api","timestamp":"2026-05-19 04:26:03"}
{"level":"info","message":"::1 - - [18/May/2026:22:56:08 +0000] \"PUT /api/v1/whiteboards/6a06e877af1816f5fe51d5e5/canvas HTTP/1.1\" 200 58 \"http://localhost:5173/\" \"Mozilla/5.0 (Windows NT 10.0; Win64; x64) AppleWebKit/537.36 (KHTML, like Gecko) Chrome/148.0.0.0 Safari/537.36\"","service":"visual-whiteboard-api","timestamp":"2026-05-19 04:26:08"}
{"level":"info","message":"::1 - - [18/May/2026:22:56:13 +0000] \"PUT /api/v1/whiteboards/6a06e877af1816f5fe51d5e5/canvas HTTP/1.1\" 200 58 \"http://localhost:5173/\" \"Mozilla/5.0 (Windows NT 10.0; Win64; x64) AppleWebKit/537.36 (KHTML, like Gecko) Chrome/148.0.0.0 Safari/537.36\"","service":"visual-whiteboard-api","timestamp":"2026-05-19 04:26:13"}
{"level":"info","message":"::1 - - [18/May/2026:22:56:19 +0000] \"PUT /api/v1/whiteboards/6a06e877af1816f5fe51d5e5/canvas HTTP/1.1\" 200 58 \"http://localhost:5173/\" \"Mozilla/5.0 (Windows NT 10.0; Win64; x64) AppleWebKit/537.36 (KHTML, like Gecko) Chrome/148.0.0.0 Safari/537.36\"","service":"visual-whiteboard-api","timestamp":"2026-05-19 04:26:19"}
{"level":"info","message":"::1 - - [18/May/2026:22:56:24 +0000] \"PUT /api/v1/whiteboards/6a06e877af1816f5fe51d5e5/canvas HTTP/1.1\" 200 58 \"http://localhost:5173/\" \"Mozilla/5.0 (Windows NT 10.0; Win64; x64) AppleWebKit/537.36 (KHTML, like Gecko) Chrome/148.0.0.0 Safari/537.36\"","service":"visual-whiteboard-api","timestamp":"2026-05-19 04:26:24"}
{"level":"info","message":"::1 - - [18/May/2026:22:56:28 +0000] \"PUT /api/v1/whiteboards/6a06e877af1816f5fe51d5e5/canvas HTTP/1.1\" 200 58 \"http://localhost:5173/\" \"Mozilla/5.0 (Windows NT 10.0; Win64; x64) AppleWebKit/537.36 (KHTML, like Gecko) Chrome/148.0.0.0 Safari/537.36\"","service":"visual-whiteboard-api","timestamp":"2026-05-19 04:26:28"}
{"level":"info","message":"::1 - - [18/May/2026:22:56:32 +0000] \"PUT /api/v1/whiteboards/6a06e877af1816f5fe51d5e5/canvas HTTP/1.1\" 200 58 \"http://localhost:5173/\" \"Mozilla/5.0 (Windows NT 10.0; Win64; x64) AppleWebKit/537.36 (KHTML, like Gecko) Chrome/148.0.0.0 Safari/537.36\"","service":"visual-whiteboard-api","timestamp":"2026-05-19 04:26:32"}
{"level":"info","message":"::1 - - [18/May/2026:22:56:42 +0000] \"PUT /api/v1/whiteboards/6a06e877af1816f5fe51d5e5/canvas HTTP/1.1\" 200 58 \"http://localhost:5173/\" \"Mozilla/5.0 (Windows NT 10.0; Win64; x64) AppleWebKit/537.36 (KHTML, like Gecko) Chrome/148.0.0.0 Safari/537.36\"","service":"visual-whiteboard-api","timestamp":"2026-05-19 04:26:42"}
{"level":"info","message":"::1 - - [18/May/2026:22:56:44 +0000] \"PUT /api/v1/whiteboards/6a06e877af1816f5fe51d5e5/canvas HTTP/1.1\" 200 58 \"http://localhost:5173/\" \"Mozilla/5.0 (Windows NT 10.0; Win64; x64) AppleWebKit/537.36 (KHTML, like Gecko) Chrome/148.0.0.0 Safari/537.36\"","service":"visual-whiteboard-api","timestamp":"2026-05-19 04:26:44"}
{"level":"info","message":"::1 - - [18/May/2026:22:56:51 +0000] \"PUT /api/v1/whiteboards/6a06e877af1816f5fe51d5e5/canvas HTTP/1.1\" 200 58 \"http://localhost:5173/\" \"Mozilla/5.0 (Windows NT 10.0; Win64; x64) AppleWebKit/537.36 (KHTML, like Gecko) Chrome/148.0.0.0 Safari/537.36\"","service":"visual-whiteboard-api","timestamp":"2026-05-19 04:26:51"}
{"level":"info","message":"::1 - - [18/May/2026:22:56:58 +0000] \"PUT /api/v1/whiteboards/6a06e877af1816f5fe51d5e5/canvas HTTP/1.1\" 200 58 \"http://localhost:5173/\" \"Mozilla/5.0 (Windows NT 10.0; Win64; x64) AppleWebKit/537.36 (KHTML, like Gecko) Chrome/148.0.0.0 Safari/537.36\"","service":"visual-whiteboard-api","timestamp":"2026-05-19 04:26:58"}
{"level":"info","message":"::1 - - [18/May/2026:22:57:03 +0000] \"PUT /api/v1/whiteboards/6a06e877af1816f5fe51d5e5/canvas HTTP/1.1\" 200 58 \"http://localhost:5173/\" \"Mozilla/5.0 (Windows NT 10.0; Win64; x64) AppleWebKit/537.36 (KHTML, like Gecko) Chrome/148.0.0.0 Safari/537.36\"","service":"visual-whiteboard-api","timestamp":"2026-05-19 04:27:03"}
{"level":"info","message":"::1 - - [18/May/2026:22:57:09 +0000] \"PUT /api/v1/whiteboards/6a06e877af1816f5fe51d5e5/canvas HTTP/1.1\" 200 58 \"http://localhost:5173/\" \"Mozilla/5.0 (Windows NT 10.0; Win64; x64) AppleWebKit/537.36 (KHTML, like Gecko) Chrome/148.0.0.0 Safari/537.36\"","service":"visual-whiteboard-api","timestamp":"2026-05-19 04:27:09"}
{"level":"info","message":"::1 - - [18/May/2026:22:57:18 +0000] \"PUT /api/v1/whiteboards/6a06e877af1816f5fe51d5e5/canvas HTTP/1.1\" 200 58 \"http://localhost:5173/\" \"Mozilla/5.0 (Windows NT 10.0; Win64; x64) AppleWebKit/537.36 (KHTML, like Gecko) Chrome/148.0.0.0 Safari/537.36\"","service":"visual-whiteboard-api","timestamp":"2026-05-19 04:27:18"}
{"level":"info","message":"::1 - - [18/May/2026:22:57:24 +0000] \"PUT /api/v1/whiteboards/6a06e877af1816f5fe51d5e5/canvas HTTP/1.1\" 200 58 \"http://localhost:5173/\" \"Mozilla/5.0 (Windows NT 10.0; Win64; x64) AppleWebKit/537.36 (KHTML, like Gecko) Chrome/148.0.0.0 Safari/537.36\"","service":"visual-whiteboard-api","timestamp":"2026-05-19 04:27:24"}
{"level":"info","message":"::1 - - [18/May/2026:22:57:27 +0000] \"PUT /api/v1/whiteboards/6a06e877af1816f5fe51d5e5/canvas HTTP/1.1\" 200 58 \"http://localhost:5173/\" \"Mozilla/5.0 (Windows NT 10.0; Win64; x64) AppleWebKit/537.36 (KHTML, like Gecko) Chrome/148.0.0.0 Safari/537.36\"","service":"visual-whiteboard-api","timestamp":"2026-05-19 04:27:27"}
{"level":"info","message":"::1 - - [18/May/2026:22:57:29 +0000] \"PUT /api/v1/whiteboards/6a06e877af1816f5fe51d5e5/canvas HTTP/1.1\" 200 58 \"http://localhost:5173/\" \"Mozilla/5.0 (Windows NT 10.0; Win64; x64) AppleWebKit/537.36 (KHTML, like Gecko) Chrome/148.0.0.0 Safari/537.36\"","service":"visual-whiteboard-api","timestamp":"2026-05-19 04:27:29"}
{"level":"info","message":"::1 - - [18/May/2026:22:57:34 +0000] \"PUT /api/v1/whiteboards/6a06e877af1816f5fe51d5e5/canvas HTTP/1.1\" 200 58 \"http://localhost:5173/\" \"Mozilla/5.0 (Windows NT 10.0; Win64; x64) AppleWebKit/537.36 (KHTML, like Gecko) Chrome/148.0.0.0 Safari/537.36\"","service":"visual-whiteboard-api","timestamp":"2026-05-19 04:27:34"}
{"level":"info","message":"::1 - - [18/May/2026:22:57:37 +0000] \"PUT /api/v1/whiteboards/6a06e877af1816f5fe51d5e5/canvas HTTP/1.1\" 200 58 \"http://localhost:5173/\" \"Mozilla/5.0 (Windows NT 10.0; Win64; x64) AppleWebKit/537.36 (KHTML, like Gecko) Chrome/148.0.0.0 Safari/537.36\"","service":"visual-whiteboard-api","timestamp":"2026-05-19 04:27:37"}
{"level":"error","message":"Authentication error: jwt expired","service":"visual-whiteboard-api","timestamp":"2026-05-19 04:28:00"}
{"level":"info","message":"::1 - - [18/May/2026:22:58:00 +0000] \"PUT /api/v1/whiteboards/6a06e877af1816f5fe51d5e5/canvas HTTP/1.1\" 401 81 \"http://localhost:5173/\" \"Mozilla/5.0 (Windows NT 10.0; Win64; x64) AppleWebKit/537.36 (KHTML, like Gecko) Chrome/148.0.0.0 Safari/537.36\"","service":"visual-whiteboard-api","timestamp":"2026-05-19 04:28:00"}
{"level":"error","message":"Authentication error: jwt expired","service":"visual-whiteboard-api","timestamp":"2026-05-19 04:28:04"}
{"level":"info","message":"::1 - - [18/May/2026:22:58:04 +0000] \"PUT /api/v1/whiteboards/6a06e877af1816f5fe51d5e5/canvas HTTP/1.1\" 401 81 \"http://localhost:5173/\" \"Mozilla/5.0 (Windows NT 10.0; Win64; x64) AppleWebKit/537.36 (KHTML, like Gecko) Chrome/148.0.0.0 Safari/537.36\"","service":"visual-whiteboard-api","timestamp":"2026-05-19 04:28:04"}
{"level":"error","message":"Authentication error: jwt expired","service":"visual-whiteboard-api","timestamp":"2026-05-19 04:28:10"}
{"level":"info","message":"::1 - - [18/May/2026:22:58:10 +0000] \"PUT /api/v1/whiteboards/6a06e877af1816f5fe51d5e5/canvas HTTP/1.1\" 401 81 \"http://localhost:5173/\" \"Mozilla/5.0 (Windows NT 10.0; Win64; x64) AppleWebKit/537.36 (KHTML, like Gecko) Chrome/148.0.0.0 Safari/537.36\"","service":"visual-whiteboard-api","timestamp":"2026-05-19 04:28:10"}
{"level":"error","message":"Authentication error: jwt expired","service":"visual-whiteboard-api","timestamp":"2026-05-19 04:28:19"}
{"level":"info","message":"::1 - - [18/May/2026:22:58:19 +0000] \"PUT /api/v1/whiteboards/6a06e877af1816f5fe51d5e5/canvas HTTP/1.1\" 401 81 \"http://localhost:5173/\" \"Mozilla/5.0 (Windows NT 10.0; Win64; x64) AppleWebKit/537.36 (KHTML, like Gecko) Chrome/148.0.0.0 Safari/537.36\"","service":"visual-whiteboard-api","timestamp":"2026-05-19 04:28:19"}
{"level":"error","message":"Authentication error: jwt expired","service":"visual-whiteboard-api","timestamp":"2026-05-19 04:28:24"}
{"level":"info","message":"::1 - - [18/May/2026:22:58:24 +0000] \"PUT /api/v1/whiteboards/6a06e877af1816f5fe51d5e5/canvas HTTP/1.1\" 401 81 \"http://localhost:5173/\" \"Mozilla/5.0 (Windows NT 10.0; Win64; x64) AppleWebKit/537.36 (KHTML, like Gecko) Chrome/148.0.0.0 Safari/537.36\"","service":"visual-whiteboard-api","timestamp":"2026-05-19 04:28:24"}
{"level":"error","message":"Authentication error: jwt expired","service":"visual-whiteboard-api","timestamp":"2026-05-19 04:28:29"}
{"level":"info","message":"::1 - - [18/May/2026:22:58:29 +0000] \"PUT /api/v1/whiteboards/6a06e877af1816f5fe51d5e5/canvas HTTP/1.1\" 401 81 \"http://localhost:5173/\" \"Mozilla/5.0 (Windows NT 10.0; Win64; x64) AppleWebKit/537.36 (KHTML, like Gecko) Chrome/148.0.0.0 Safari/537.36\"","service":"visual-whiteboard-api","timestamp":"2026-05-19 04:28:29"}
{"level":"error","message":"Authentication error: jwt expired","service":"visual-whiteboard-api","timestamp":"2026-05-19 04:28:33"}
{"level":"info","message":"::1 - - [18/May/2026:22:58:33 +0000] \"PUT /api/v1/whiteboards/6a06e877af1816f5fe51d5e5/canvas HTTP/1.1\" 401 81 \"http://localhost:5173/\" \"Mozilla/5.0 (Windows NT 10.0; Win64; x64) AppleWebKit/537.36 (KHTML, like Gecko) Chrome/148.0.0.0 Safari/537.36\"","service":"visual-whiteboard-api","timestamp":"2026-05-19 04:28:33"}
{"level":"error","message":"Authentication error: jwt expired","service":"visual-whiteboard-api","timestamp":"2026-05-19 04:28:37"}
{"level":"info","message":"::1 - - [18/May/2026:22:58:37 +0000] \"PUT /api/v1/whiteboards/6a06e877af1816f5fe51d5e5/canvas HTTP/1.1\" 401 81 \"http://localhost:5173/\" \"Mozilla/5.0 (Windows NT 10.0; Win64; x64) AppleWebKit/537.36 (KHTML, like Gecko) Chrome/148.0.0.0 Safari/537.36\"","service":"visual-whiteboard-api","timestamp":"2026-05-19 04:28:37"}
{"level":"error","message":"Authentication error: jwt expired","service":"visual-whiteboard-api","timestamp":"2026-05-19 04:28:39"}
{"level":"info","message":"::1 - - [18/May/2026:22:58:39 +0000] \"PUT /api/v1/whiteboards/6a06e877af1816f5fe51d5e5/canvas HTTP/1.1\" 401 81 \"http://localhost:5173/\" \"Mozilla/5.0 (Windows NT 10.0; Win64; x64) AppleWebKit/537.36 (KHTML, like Gecko) Chrome/148.0.0.0 Safari/537.36\"","service":"visual-whiteboard-api","timestamp":"2026-05-19 04:28:39"}
{"level":"error","message":"Authentication error: jwt expired","service":"visual-whiteboard-api","timestamp":"2026-05-19 04:28:43"}
{"level":"info","message":"::1 - - [18/May/2026:22:58:43 +0000] \"PUT /api/v1/whiteboards/6a06e877af1816f5fe51d5e5/canvas HTTP/1.1\" 401 81 \"http://localhost:5173/\" \"Mozilla/5.0 (Windows NT 10.0; Win64; x64) AppleWebKit/537.36 (KHTML, like Gecko) Chrome/148.0.0.0 Safari/537.36\"","service":"visual-whiteboard-api","timestamp":"2026-05-19 04:28:43"}
{"level":"error","message":"Authentication error: jwt expired","service":"visual-whiteboard-api","timestamp":"2026-05-19 04:28:45"}
{"level":"info","message":"::1 - - [18/May/2026:22:58:45 +0000] \"PUT /api/v1/whiteboards/6a06e877af1816f5fe51d5e5/canvas HTTP/1.1\" 401 81 \"http://localhost:5173/\" \"Mozilla/5.0 (Windows NT 10.0; Win64; x64) AppleWebKit/537.36 (KHTML, like Gecko) Chrome/148.0.0.0 Safari/537.36\"","service":"visual-whiteboard-api","timestamp":"2026-05-19 04:28:45"}
{"level":"error","message":"Authentication error: jwt expired","service":"visual-whiteboard-api","timestamp":"2026-05-19 04:28:48"}
{"level":"info","message":"::1 - - [18/May/2026:22:58:48 +0000] \"PUT /api/v1/whiteboards/6a06e877af1816f5fe51d5e5/canvas HTTP/1.1\" 401 81 \"http://localhost:5173/\" \"Mozilla/5.0 (Windows NT 10.0; Win64; x64) AppleWebKit/537.36 (KHTML, like Gecko) Chrome/148.0.0.0 Safari/537.36\"","service":"visual-whiteboard-api","timestamp":"2026-05-19 04:28:48"}
{"level":"error","message":"Authentication error: jwt expired","service":"visual-whiteboard-api","timestamp":"2026-05-19 04:28:53"}
{"level":"info","message":"::1 - - [18/May/2026:22:58:53 +0000] \"PUT /api/v1/whiteboards/6a06e877af1816f5fe51d5e5/canvas HTTP/1.1\" 401 81 \"http://localhost:5173/\" \"Mozilla/5.0 (Windows NT 10.0; Win64; x64) AppleWebKit/537.36 (KHTML, like Gecko) Chrome/148.0.0.0 Safari/537.36\"","service":"visual-whiteboard-api","timestamp":"2026-05-19 04:28:53"}
{"level":"error","message":"Authentication error: jwt expired","service":"visual-whiteboard-api","timestamp":"2026-05-19 04:28:59"}
{"level":"info","message":"::1 - - [18/May/2026:22:58:59 +0000] \"PUT /api/v1/whiteboards/6a06e877af1816f5fe51d5e5/canvas HTTP/1.1\" 401 81 \"http://localhost:5173/\" \"Mozilla/5.0 (Windows NT 10.0; Win64; x64) AppleWebKit/537.36 (KHTML, like Gecko) Chrome/148.0.0.0 Safari/537.36\"","service":"visual-whiteboard-api","timestamp":"2026-05-19 04:28:59"}
{"level":"error","message":"Authentication error: jwt expired","service":"visual-whiteboard-api","timestamp":"2026-05-19 04:29:02"}
{"level":"info","message":"::1 - - [18/May/2026:22:59:02 +0000] \"PUT /api/v1/whiteboards/6a06e877af1816f5fe51d5e5/canvas HTTP/1.1\" 401 81 \"http://localhost:5173/\" \"Mozilla/5.0 (Windows NT 10.0; Win64; x64) AppleWebKit/537.36 (KHTML, like Gecko) Chrome/148.0.0.0 Safari/537.36\"","service":"visual-whiteboard-api","timestamp":"2026-05-19 04:29:02"}
{"level":"error","message":"Authentication error: jwt expired","service":"visual-whiteboard-api","timestamp":"2026-05-19 04:29:02"}
{"level":"info","message":"::1 - - [18/May/2026:22:59:02 +0000] \"PUT /api/v1/whiteboards/6a06e877af1816f5fe51d5e5/canvas HTTP/1.1\" 401 81 \"http://localhost:5173/\" \"Mozilla/5.0 (Windows NT 10.0; Win64; x64) AppleWebKit/537.36 (KHTML, like Gecko) Chrome/148.0.0.0 Safari/537.36\"","service":"visual-whiteboard-api","timestamp":"2026-05-19 04:29:02"}
{"level":"error","message":"Authentication error: jwt expired","service":"visual-whiteboard-api","timestamp":"2026-05-19 04:29:07"}
{"level":"info","message":"::1 - - [18/May/2026:22:59:07 +0000] \"PUT /api/v1/whiteboards/6a06e877af1816f5fe51d5e5/canvas HTTP/1.1\" 401 81 \"http://localhost:5173/\" \"Mozilla/5.0 (Windows NT 10.0; Win64; x64) AppleWebKit/537.36 (KHTML, like Gecko) Chrome/148.0.0.0 Safari/537.36\"","service":"visual-whiteboard-api","timestamp":"2026-05-19 04:29:07"}
{"level":"error","message":"Authentication error: jwt expired","service":"visual-whiteboard-api","timestamp":"2026-05-19 04:29:31"}
{"level":"info","message":"::1 - - [18/May/2026:22:59:31 +0000] \"PUT /api/v1/whiteboards/6a06e877af1816f5fe51d5e5/canvas HTTP/1.1\" 401 81 \"http://localhost:5173/\" \"Mozilla/5.0 (Windows NT 10.0; Win64; x64) AppleWebKit/537.36 (KHTML, like Gecko) Chrome/148.0.0.0 Safari/537.36\"","service":"visual-whiteboard-api","timestamp":"2026-05-19 04:29:31"}
{"level":"error","message":"Authentication error: jwt expired","service":"visual-whiteboard-api","timestamp":"2026-05-19 04:29:32"}
{"level":"info","message":"::1 - - [18/May/2026:22:59:32 +0000] \"PUT /api/v1/whiteboards/6a06e877af1816f5fe51d5e5/canvas HTTP/1.1\" 401 81 \"http://localhost:5173/\" \"Mozilla/5.0 (Windows NT 10.0; Win64; x64) AppleWebKit/537.36 (KHTML, like Gecko) Chrome/148.0.0.0 Safari/537.36\"","service":"visual-whiteboard-api","timestamp":"2026-05-19 04:29:32"}
{"level":"info","message":"Graceful shutdown initiated...","service":"visual-whiteboard-api","timestamp":"2026-05-19 04:29:36"}
{"level":"info","message":"Connected to MongoDB","service":"visual-whiteboard-api","timestamp":"2026-05-19 04:29:40"}
{"level":"info","message":"🚀 Connected to Redis","service":"visual-whiteboard-api","timestamp":"2026-05-19 04:29:40"}
{"level":"info","message":"Server running in development mode on port 5000","service":"visual-whiteboard-api","timestamp":"2026-05-19 04:29:40"}
{"level":"info","message":"🚀 Socket.io Redis Adapter configured","service":"visual-whiteboard-api","timestamp":"2026-05-19 04:29:40"}
{"level":"error","message":"Authentication error: jwt expired","service":"visual-whiteboard-api","timestamp":"2026-05-19 04:29:45"}
{"level":"info","message":"::1 - - [18/May/2026:22:59:45 +0000] \"PUT /api/v1/whiteboards/6a06e877af1816f5fe51d5e5/canvas HTTP/1.1\" 401 81 \"http://localhost:5173/\" \"Mozilla/5.0 (Windows NT 10.0; Win64; x64) AppleWebKit/537.36 (KHTML, like Gecko) Chrome/148.0.0.0 Safari/537.36\"","service":"visual-whiteboard-api","timestamp":"2026-05-19 04:29:45"}
{"level":"error","message":"Authentication error: jwt expired","service":"visual-whiteboard-api","timestamp":"2026-05-19 04:29:49"}
{"level":"info","message":"::1 - - [18/May/2026:22:59:49 +0000] \"GET /api/v1/whiteboards HTTP/1.1\" 401 81 \"http://localhost:5173/\" \"Mozilla/5.0 (Windows NT 10.0; Win64; x64) AppleWebKit/537.36 (KHTML, like Gecko) Chrome/148.0.0.0 Safari/537.36\"","service":"visual-whiteboard-api","timestamp":"2026-05-19 04:29:49"}
{"level":"error","message":"Authentication error: jwt expired","service":"visual-whiteboard-api","timestamp":"2026-05-19 04:29:49"}
{"level":"info","message":"::1 - - [18/May/2026:22:59:49 +0000] \"GET /api/v1/whiteboards HTTP/1.1\" 401 81 \"http://localhost:5173/\" \"Mozilla/5.0 (Windows NT 10.0; Win64; x64) AppleWebKit/537.36 (KHTML, like Gecko) Chrome/148.0.0.0 Safari/537.36\"","service":"visual-whiteboard-api","timestamp":"2026-05-19 04:29:49"}
{"level":"info","message":"::1 - - [18/May/2026:22:59:59 +0000] \"POST /api/v1/auth/login HTTP/1.1\" 200 392 \"http://localhost:5173/\" \"Mozilla/5.0 (Windows NT 10.0; Win64; x64) AppleWebKit/537.36 (KHTML, like Gecko) Chrome/148.0.0.0 Safari/537.36\"","service":"visual-whiteboard-api","timestamp":"2026-05-19 04:29:59"}
{"level":"info","message":"::1 - - [18/May/2026:22:59:59 +0000] \"GET /api/v1/whiteboards HTTP/1.1\" 200 1150 \"http://localhost:5173/\" \"Mozilla/5.0 (Windows NT 10.0; Win64; x64) AppleWebKit/537.36 (KHTML, like Gecko) Chrome/148.0.0.0 Safari/537.36\"","service":"visual-whiteboard-api","timestamp":"2026-05-19 04:29:59"}
{"level":"info","message":"::1 - - [18/May/2026:22:59:59 +0000] \"GET /api/v1/whiteboards HTTP/1.1\" 304 - \"http://localhost:5173/\" \"Mozilla/5.0 (Windows NT 10.0; Win64; x64) AppleWebKit/537.36 (KHTML, like Gecko) Chrome/148.0.0.0 Safari/537.36\"","service":"visual-whiteboard-api","timestamp":"2026-05-19 04:29:59"}
{"level":"info","message":"::1 - - [18/May/2026:23:00:00 +0000] \"GET /api/v1/whiteboards/6a06e877af1816f5fe51d5e5 HTTP/1.1\" 200 20795 \"http://localhost:5173/\" \"Mozilla/5.0 (Windows NT 10.0; Win64; x64) AppleWebKit/537.36 (KHTML, like Gecko) Chrome/148.0.0.0 Safari/537.36\"","service":"visual-whiteboard-api","timestamp":"2026-05-19 04:30:00"}
{"level":"info","message":"⚡ Socket connected: a0s2cl5H2qncL3THAAAE (User: a@a.com)","service":"visual-whiteboard-api","timestamp":"2026-05-19 04:30:00"}
{"level":"info","message":"User a@a.com joined room whiteboard:6a06e877af1816f5fe51d5e5","service":"visual-whiteboard-api","timestamp":"2026-05-19 04:30:00"}
{"level":"info","message":"::1 - - [18/May/2026:23:00:01 +0000] \"GET /api/v1/media/proxy/b665f003aacafb455271e40a7480878f?token=eyJhbGciOiJIUzI1NiIsInR5cCI6IkpXVCJ9.eyJpZCI6IjZhMDVjOGEwZDk0ZjkxZmFiMTI4NGM0NyIsImlhdCI6MTc3OTE0NTE5OSwiZXhwIjoxNzc5MTQ2MDk5fQ.LrD6lZ9IOc50FkFoSWIfUCbpgJHK0QYby9wS1qUI8oU HTTP/1.1\" 200 - \"http://localhost:5173/\" \"Mozilla/5.0 (Windows NT 10.0; Win64; x64) AppleWebKit/537.36 (KHTML, like Gecko) Chrome/148.0.0.0 Safari/537.36\"","service":"visual-whiteboard-api","timestamp":"2026-05-19 04:30:01"}
{"level":"info","message":"::1 - - [18/May/2026:23:00:21 +0000] \"PUT /api/v1/whiteboards/6a06e877af1816f5fe51d5e5/canvas HTTP/1.1\" 200 58 \"http://localhost:5173/\" \"Mozilla/5.0 (Windows NT 10.0; Win64; x64) AppleWebKit/537.36 (KHTML, like Gecko) Chrome/148.0.0.0 Safari/537.36\"","service":"visual-whiteboard-api","timestamp":"2026-05-19 04:30:21"}
{"level":"info","message":"::1 - - [18/May/2026:23:00:34 +0000] \"PUT /api/v1/whiteboards/6a06e877af1816f5fe51d5e5/canvas HTTP/1.1\" 200 58 \"http://localhost:5173/\" \"Mozilla/5.0 (Windows NT 10.0; Win64; x64) AppleWebKit/537.36 (KHTML, like Gecko) Chrome/148.0.0.0 Safari/537.36\"","service":"visual-whiteboard-api","timestamp":"2026-05-19 04:30:34"}
{"level":"info","message":"::1 - - [18/May/2026:23:00:45 +0000] \"PUT /api/v1/whiteboards/6a06e877af1816f5fe51d5e5/canvas HTTP/1.1\" 200 58 \"http://localhost:5173/\" \"Mozilla/5.0 (Windows NT 10.0; Win64; x64) AppleWebKit/537.36 (KHTML, like Gecko) Chrome/148.0.0.0 Safari/537.36\"","service":"visual-whiteboard-api","timestamp":"2026-05-19 04:30:45"}
{"level":"info","message":"::1 - - [18/May/2026:23:00:50 +0000] \"PUT /api/v1/whiteboards/6a06e877af1816f5fe51d5e5/canvas HTTP/1.1\" 200 58 \"http://localhost:5173/\" \"Mozilla/5.0 (Windows NT 10.0; Win64; x64) AppleWebKit/537.36 (KHTML, like Gecko) Chrome/148.0.0.0 Safari/537.36\"","service":"visual-whiteboard-api","timestamp":"2026-05-19 04:30:50"}
{"level":"info","message":"::1 - - [18/May/2026:23:01:01 +0000] \"PUT /api/v1/whiteboards/6a06e877af1816f5fe51d5e5/canvas HTTP/1.1\" 200 58 \"http://localhost:5173/\" \"Mozilla/5.0 (Windows NT 10.0; Win64; x64) AppleWebKit/537.36 (KHTML, like Gecko) Chrome/148.0.0.0 Safari/537.36\"","service":"visual-whiteboard-api","timestamp":"2026-05-19 04:31:01"}
{"level":"info","message":"::1 - - [18/May/2026:23:01:05 +0000] \"PUT /api/v1/whiteboards/6a06e877af1816f5fe51d5e5/canvas HTTP/1.1\" 200 58 \"http://localhost:5173/\" \"Mozilla/5.0 (Windows NT 10.0; Win64; x64) AppleWebKit/537.36 (KHTML, like Gecko) Chrome/148.0.0.0 Safari/537.36\"","service":"visual-whiteboard-api","timestamp":"2026-05-19 04:31:05"}
{"level":"info","message":"::1 - - [18/May/2026:23:01:12 +0000] \"PUT /api/v1/whiteboards/6a06e877af1816f5fe51d5e5/canvas HTTP/1.1\" 200 58 \"http://localhost:5173/\" \"Mozilla/5.0 (Windows NT 10.0; Win64; x64) AppleWebKit/537.36 (KHTML, like Gecko) Chrome/148.0.0.0 Safari/537.36\"","service":"visual-whiteboard-api","timestamp":"2026-05-19 04:31:12"}
{"level":"info","message":"::1 - - [18/May/2026:23:01:19 +0000] \"PUT /api/v1/whiteboards/6a06e877af1816f5fe51d5e5/canvas HTTP/1.1\" 200 58 \"http://localhost:5173/\" \"Mozilla/5.0 (Windows NT 10.0; Win64; x64) AppleWebKit/537.36 (KHTML, like Gecko) Chrome/148.0.0.0 Safari/537.36\"","service":"visual-whiteboard-api","timestamp":"2026-05-19 04:31:19"}
{"level":"info","message":"::1 - - [18/May/2026:23:01:23 +0000] \"PUT /api/v1/whiteboards/6a06e877af1816f5fe51d5e5/canvas HTTP/1.1\" 200 58 \"http://localhost:5173/\" \"Mozilla/5.0 (Windows NT 10.0; Win64; x64) AppleWebKit/537.36 (KHTML, like Gecko) Chrome/148.0.0.0 Safari/537.36\"","service":"visual-whiteboard-api","timestamp":"2026-05-19 04:31:23"}
{"level":"info","message":"::1 - - [18/May/2026:23:01:28 +0000] \"PUT /api/v1/whiteboards/6a06e877af1816f5fe51d5e5/canvas HTTP/1.1\" 200 58 \"http://localhost:5173/\" \"Mozilla/5.0 (Windows NT 10.0; Win64; x64) AppleWebKit/537.36 (KHTML, like Gecko) Chrome/148.0.0.0 Safari/537.36\"","service":"visual-whiteboard-api","timestamp":"2026-05-19 04:31:28"}
{"level":"info","message":"::1 - - [18/May/2026:23:01:30 +0000] \"PUT /api/v1/whiteboards/6a06e877af1816f5fe51d5e5/canvas HTTP/1.1\" 200 58 \"http://localhost:5173/\" \"Mozilla/5.0 (Windows NT 10.0; Win64; x64) AppleWebKit/537.36 (KHTML, like Gecko) Chrome/148.0.0.0 Safari/537.36\"","service":"visual-whiteboard-api","timestamp":"2026-05-19 04:31:30"}
{"level":"info","message":"::1 - - [18/May/2026:23:01:34 +0000] \"PUT /api/v1/whiteboards/6a06e877af1816f5fe51d5e5/canvas HTTP/1.1\" 200 58 \"http://localhost:5173/\" \"Mozilla/5.0 (Windows NT 10.0; Win64; x64) AppleWebKit/537.36 (KHTML, like Gecko) Chrome/148.0.0.0 Safari/537.36\"","service":"visual-whiteboard-api","timestamp":"2026-05-19 04:31:34"}
{"level":"info","message":"::1 - - [18/May/2026:23:01:44 +0000] \"PUT /api/v1/whiteboards/6a06e877af1816f5fe51d5e5/canvas HTTP/1.1\" 200 58 \"http://localhost:5173/\" \"Mozilla/5.0 (Windows NT 10.0; Win64; x64) AppleWebKit/537.36 (KHTML, like Gecko) Chrome/148.0.0.0 Safari/537.36\"","service":"visual-whiteboard-api","timestamp":"2026-05-19 04:31:44"}
{"level":"info","message":"::1 - - [18/May/2026:23:01:46 +0000] \"PUT /api/v1/whiteboards/6a06e877af1816f5fe51d5e5/canvas HTTP/1.1\" 200 58 \"http://localhost:5173/\" \"Mozilla/5.0 (Windows NT 10.0; Win64; x64) AppleWebKit/537.36 (KHTML, like Gecko) Chrome/148.0.0.0 Safari/537.36\"","service":"visual-whiteboard-api","timestamp":"2026-05-19 04:31:46"}
{"level":"info","message":"::1 - - [18/May/2026:23:01:52 +0000] \"PUT /api/v1/whiteboards/6a06e877af1816f5fe51d5e5/canvas HTTP/1.1\" 200 58 \"http://localhost:5173/\" \"Mozilla/5.0 (Windows NT 10.0; Win64; x64) AppleWebKit/537.36 (KHTML, like Gecko) Chrome/148.0.0.0 Safari/537.36\"","service":"visual-whiteboard-api","timestamp":"2026-05-19 04:31:52"}
{"level":"info","message":"::1 - - [18/May/2026:23:01:56 +0000] \"PUT /api/v1/whiteboards/6a06e877af1816f5fe51d5e5/canvas HTTP/1.1\" 200 58 \"http://localhost:5173/\" \"Mozilla/5.0 (Windows NT 10.0; Win64; x64) AppleWebKit/537.36 (KHTML, like Gecko) Chrome/148.0.0.0 Safari/537.36\"","service":"visual-whiteboard-api","timestamp":"2026-05-19 04:31:56"}
{"level":"info","message":"::1 - - [18/May/2026:23:02:21 +0000] \"POST /api/v1/media/upload HTTP/1.1\" 201 313 \"http://localhost:5173/\" \"Mozilla/5.0 (Windows NT 10.0; Win64; x64) AppleWebKit/537.36 (KHTML, like Gecko) Chrome/148.0.0.0 Safari/537.36\"","service":"visual-whiteboard-api","timestamp":"2026-05-19 04:32:21"}
{"level":"info","message":"::1 - - [18/May/2026:23:02:28 +0000] \"PUT /api/v1/whiteboards/6a06e877af1816f5fe51d5e5/canvas HTTP/1.1\" 200 58 \"http://localhost:5173/\" \"Mozilla/5.0 (Windows NT 10.0; Win64; x64) AppleWebKit/537.36 (KHTML, like Gecko) Chrome/148.0.0.0 Safari/537.36\"","service":"visual-whiteboard-api","timestamp":"2026-05-19 04:32:28"}
{"level":"info","message":"::1 - - [18/May/2026:23:02:33 +0000] \"PUT /api/v1/whiteboards/6a06e877af1816f5fe51d5e5/canvas HTTP/1.1\" 200 58 \"http://localhost:5173/\" \"Mozilla/5.0 (Windows NT 10.0; Win64; x64) AppleWebKit/537.36 (KHTML, like Gecko) Chrome/148.0.0.0 Safari/537.36\"","service":"visual-whiteboard-api","timestamp":"2026-05-19 04:32:33"}
{"level":"info","message":"::1 - - [18/May/2026:23:02:37 +0000] \"PUT /api/v1/whiteboards/6a06e877af1816f5fe51d5e5/canvas HTTP/1.1\" 200 58 \"http://localhost:5173/\" \"Mozilla/5.0 (Windows NT 10.0; Win64; x64) AppleWebKit/537.36 (KHTML, like Gecko) Chrome/148.0.0.0 Safari/537.36\"","service":"visual-whiteboard-api","timestamp":"2026-05-19 04:32:37"}
{"level":"info","message":"::1 - - [18/May/2026:23:03:07 +0000] \"POST /api/v1/media/upload HTTP/1.1\" 201 291 \"http://localhost:5173/\" \"Mozilla/5.0 (Windows NT 10.0; Win64; x64) AppleWebKit/537.36 (KHTML, like Gecko) Chrome/148.0.0.0 Safari/537.36\"","service":"visual-whiteboard-api","timestamp":"2026-05-19 04:33:07"}
{"level":"info","message":"::1 - - [18/May/2026:23:03:11 +0000] \"PUT /api/v1/whiteboards/6a06e877af1816f5fe51d5e5/canvas HTTP/1.1\" 200 58 \"http://localhost:5173/\" \"Mozilla/5.0 (Windows NT 10.0; Win64; x64) AppleWebKit/537.36 (KHTML, like Gecko) Chrome/148.0.0.0 Safari/537.36\"","service":"visual-whiteboard-api","timestamp":"2026-05-19 04:33:11"}
{"level":"info","message":"::1 - - [18/May/2026:23:03:21 +0000] \"PUT /api/v1/whiteboards/6a06e877af1816f5fe51d5e5/canvas HTTP/1.1\" 200 58 \"http://localhost:5173/\" \"Mozilla/5.0 (Windows NT 10.0; Win64; x64) AppleWebKit/537.36 (KHTML, like Gecko) Chrome/148.0.0.0 Safari/537.36\"","service":"visual-whiteboard-api","timestamp":"2026-05-19 04:33:21"}
{"level":"info","message":"::1 - - [18/May/2026:23:04:13 +0000] \"POST /api/v1/media/upload HTTP/1.1\" 201 247 \"http://localhost:5173/\" \"Mozilla/5.0 (Windows NT 10.0; Win64; x64) AppleWebKit/537.36 (KHTML, like Gecko) Chrome/148.0.0.0 Safari/537.36\"","service":"visual-whiteboard-api","timestamp":"2026-05-19 04:34:13"}
{"level":"info","message":"::1 - - [18/May/2026:23:04:18 +0000] \"PUT /api/v1/whiteboards/6a06e877af1816f5fe51d5e5/canvas HTTP/1.1\" 200 58 \"http://localhost:5173/\" \"Mozilla/5.0 (Windows NT 10.0; Win64; x64) AppleWebKit/537.36 (KHTML, like Gecko) Chrome/148.0.0.0 Safari/537.36\"","service":"visual-whiteboard-api","timestamp":"2026-05-19 04:34:18"}
{"level":"info","message":"User a@a.com left room whiteboard:6a06e877af1816f5fe51d5e5","service":"visual-whiteboard-api","timestamp":"2026-05-19 04:43:19"}
{"level":"info","message":"::1 - - [18/May/2026:23:13:20 +0000] \"GET /api/v1/whiteboards/6a06e877af1816f5fe51d5e5 HTTP/1.1\" 200 27113 \"http://localhost:5173/\" \"Mozilla/5.0 (Windows NT 10.0; Win64; x64) AppleWebKit/537.36 (KHTML, like Gecko) Chrome/148.0.0.0 Safari/537.36\"","service":"visual-whiteboard-api","timestamp":"2026-05-19 04:43:20"}
{"level":"info","message":"::1 - - [18/May/2026:23:13:20 +0000] \"GET /api/v1/whiteboards/6a06e877af1816f5fe51d5e5 HTTP/1.1\" 304 - \"http://localhost:5173/\" \"Mozilla/5.0 (Windows NT 10.0; Win64; x64) AppleWebKit/537.36 (KHTML, like Gecko) Chrome/148.0.0.0 Safari/537.36\"","service":"visual-whiteboard-api","timestamp":"2026-05-19 04:43:20"}
{"level":"info","message":"⚡ Socket connected: 8kSsvwJ_wCiCSjp6AAAH (User: a@a.com)","service":"visual-whiteboard-api","timestamp":"2026-05-19 04:43:20"}
{"level":"info","message":"User a@a.com joined room whiteboard:6a06e877af1816f5fe51d5e5","service":"visual-whiteboard-api","timestamp":"2026-05-19 04:43:20"}
{"level":"info","message":"::1 - - [18/May/2026:23:13:21 +0000] \"GET /api/v1/media/proxy/b665f003aacafb455271e40a7480878f?token=eyJhbGciOiJIUzI1NiIsInR5cCI6IkpXVCJ9.eyJpZCI6IjZhMDVjOGEwZDk0ZjkxZmFiMTI4NGM0NyIsImlhdCI6MTc3OTE0NTE5OSwiZXhwIjoxNzc5MTQ2MDk5fQ.LrD6lZ9IOc50FkFoSWIfUCbpgJHK0QYby9wS1qUI8oU HTTP/1.1\" 200 - \"http://localhost:5173/\" \"Mozilla/5.0 (Windows NT 10.0; Win64; x64) AppleWebKit/537.36 (KHTML, like Gecko) Chrome/148.0.0.0 Safari/537.36\"","service":"visual-whiteboard-api","timestamp":"2026-05-19 04:43:21"}
{"level":"info","message":"::1 - - [18/May/2026:23:13:27 +0000] \"PUT /api/v1/whiteboards/6a06e877af1816f5fe51d5e5/canvas HTTP/1.1\" 200 58 \"http://localhost:5173/\" \"Mozilla/5.0 (Windows NT 10.0; Win64; x64) AppleWebKit/537.36 (KHTML, like Gecko) Chrome/148.0.0.0 Safari/537.36\"","service":"visual-whiteboard-api","timestamp":"2026-05-19 04:43:27"}
{"level":"info","message":"::1 - - [18/May/2026:23:13:33 +0000] \"PUT /api/v1/whiteboards/6a06e877af1816f5fe51d5e5/canvas HTTP/1.1\" 200 58 \"http://localhost:5173/\" \"Mozilla/5.0 (Windows NT 10.0; Win64; x64) AppleWebKit/537.36 (KHTML, like Gecko) Chrome/148.0.0.0 Safari/537.36\"","service":"visual-whiteboard-api","timestamp":"2026-05-19 04:43:33"}
{"level":"info","message":"::1 - - [18/May/2026:23:13:40 +0000] \"PUT /api/v1/whiteboards/6a06e877af1816f5fe51d5e5/canvas HTTP/1.1\" 200 58 \"http://localhost:5173/\" \"Mozilla/5.0 (Windows NT 10.0; Win64; x64) AppleWebKit/537.36 (KHTML, like Gecko) Chrome/148.0.0.0 Safari/537.36\"","service":"visual-whiteboard-api","timestamp":"2026-05-19 04:43:40"}
{"level":"info","message":"::1 - - [18/May/2026:23:13:45 +0000] \"PUT /api/v1/whiteboards/6a06e877af1816f5fe51d5e5/canvas HTTP/1.1\" 200 58 \"http://localhost:5173/\" \"Mozilla/5.0 (Windows NT 10.0; Win64; x64) AppleWebKit/537.36 (KHTML, like Gecko) Chrome/148.0.0.0 Safari/537.36\"","service":"visual-whiteboard-api","timestamp":"2026-05-19 04:43:45"}
{"level":"info","message":"User a@a.com left room whiteboard:6a06e877af1816f5fe51d5e5","service":"visual-whiteboard-api","timestamp":"2026-05-19 04:50:34"}
{"level":"error","message":"Authentication error: jwt expired","service":"visual-whiteboard-api","timestamp":"2026-05-19 04:50:34"}
{"level":"info","message":"::1 - - [18/May/2026:23:20:34 +0000] \"GET /api/v1/whiteboards/6a06e877af1816f5fe51d5e5 HTTP/1.1\" 401 81 \"http://localhost:5173/\" \"Mozilla/5.0 (Windows NT 10.0; Win64; x64) AppleWebKit/537.36 (KHTML, like Gecko) Chrome/148.0.0.0 Safari/537.36\"","service":"visual-whiteboard-api","timestamp":"2026-05-19 04:50:34"}
{"level":"error","message":"Authentication error: jwt expired","service":"visual-whiteboard-api","timestamp":"2026-05-19 04:50:34"}
{"level":"info","message":"::1 - - [18/May/2026:23:20:34 +0000] \"GET /api/v1/whiteboards/6a06e877af1816f5fe51d5e5 HTTP/1.1\" 401 81 \"http://localhost:5173/\" \"Mozilla/5.0 (Windows NT 10.0; Win64; x64) AppleWebKit/537.36 (KHTML, like Gecko) Chrome/148.0.0.0 Safari/537.36\"","service":"visual-whiteboard-api","timestamp":"2026-05-19 04:50:34"}
{"level":"error","message":"Authentication error: jwt expired","service":"visual-whiteboard-api","timestamp":"2026-05-19 04:50:34"}
{"level":"info","message":"::1 - - [18/May/2026:23:20:34 +0000] \"GET /api/v1/whiteboards HTTP/1.1\" 401 81 \"http://localhost:5173/\" \"Mozilla/5.0 (Windows NT 10.0; Win64; x64) AppleWebKit/537.36 (KHTML, like Gecko) Chrome/148.0.0.0 Safari/537.36\"","service":"visual-whiteboard-api","timestamp":"2026-05-19 04:50:34"}
{"level":"error","message":"Authentication error: jwt expired","service":"visual-whiteboard-api","timestamp":"2026-05-19 04:50:34"}
{"level":"info","message":"::1 - - [18/May/2026:23:20:34 +0000] \"GET /api/v1/whiteboards HTTP/1.1\" 401 81 \"http://localhost:5173/\" \"Mozilla/5.0 (Windows NT 10.0; Win64; x64) AppleWebKit/537.36 (KHTML, like Gecko) Chrome/148.0.0.0 Safari/537.36\"","service":"visual-whiteboard-api","timestamp":"2026-05-19 04:50:34"}
{"level":"info","message":"::1 - - [18/May/2026:23:20:43 +0000] \"POST /api/v1/auth/login HTTP/1.1\" 200 392 \"http://localhost:5173/\" \"Mozilla/5.0 (Windows NT 10.0; Win64; x64) AppleWebKit/537.36 (KHTML, like Gecko) Chrome/148.0.0.0 Safari/537.36\"","service":"visual-whiteboard-api","timestamp":"2026-05-19 04:50:43"}
{"level":"info","message":"::1 - - [18/May/2026:23:20:43 +0000] \"GET /api/v1/whiteboards HTTP/1.1\" 200 1150 \"http://localhost:5173/\" \"Mozilla/5.0 (Windows NT 10.0; Win64; x64) AppleWebKit/537.36 (KHTML, like Gecko) Chrome/148.0.0.0 Safari/537.36\"","service":"visual-whiteboard-api","timestamp":"2026-05-19 04:50:43"}
{"level":"info","message":"::1 - - [18/May/2026:23:20:43 +0000] \"GET /api/v1/whiteboards HTTP/1.1\" 304 - \"http://localhost:5173/\" \"Mozilla/5.0 (Windows NT 10.0; Win64; x64) AppleWebKit/537.36 (KHTML, like Gecko) Chrome/148.0.0.0 Safari/537.36\"","service":"visual-whiteboard-api","timestamp":"2026-05-19 04:50:43"}
{"level":"info","message":"::1 - - [18/May/2026:23:20:44 +0000] \"GET /api/v1/whiteboards/6a06e877af1816f5fe51d5e5 HTTP/1.1\" 200 27209 \"http://localhost:5173/\" \"Mozilla/5.0 (Windows NT 10.0; Win64; x64) AppleWebKit/537.36 (KHTML, like Gecko) Chrome/148.0.0.0 Safari/537.36\"","service":"visual-whiteboard-api","timestamp":"2026-05-19 04:50:44"}
{"level":"info","message":"⚡ Socket connected: pbVkSR0u6dpnO0ogAAAK (User: a@a.com)","service":"visual-whiteboard-api","timestamp":"2026-05-19 04:50:44"}
{"level":"info","message":"User a@a.com joined room whiteboard:6a06e877af1816f5fe51d5e5","service":"visual-whiteboard-api","timestamp":"2026-05-19 04:50:44"}
{"level":"info","message":"::1 - - [18/May/2026:23:20:46 +0000] \"GET /api/v1/media/proxy/b665f003aacafb455271e40a7480878f?token=eyJhbGciOiJIUzI1NiIsInR5cCI6IkpXVCJ9.eyJpZCI6IjZhMDVjOGEwZDk0ZjkxZmFiMTI4NGM0NyIsImlhdCI6MTc3OTE0NjQ0MywiZXhwIjoxNzc5MTQ3MzQzfQ.xSXykzdpKR0_U4sIFDb59PVIuognaCSu9Ju1wGCCcqo HTTP/1.1\" 200 - \"http://localhost:5173/\" \"Mozilla/5.0 (Windows NT 10.0; Win64; x64) AppleWebKit/537.36 (KHTML, like Gecko) Chrome/148.0.0.0 Safari/537.36\"","service":"visual-whiteboard-api","timestamp":"2026-05-19 04:50:46"}
{"level":"info","message":"::1 - - [18/May/2026:23:20:57 +0000] \"PUT /api/v1/whiteboards/6a06e877af1816f5fe51d5e5/canvas HTTP/1.1\" 200 58 \"http://localhost:5173/\" \"Mozilla/5.0 (Windows NT 10.0; Win64; x64) AppleWebKit/537.36 (KHTML, like Gecko) Chrome/148.0.0.0 Safari/537.36\"","service":"visual-whiteboard-api","timestamp":"2026-05-19 04:50:57"}
{"level":"info","message":"::1 - - [18/May/2026:23:21:21 +0000] \"POST /api/v1/media/upload HTTP/1.1\" 201 290 \"http://localhost:5173/\" \"Mozilla/5.0 (Windows NT 10.0; Win64; x64) AppleWebKit/537.36 (KHTML, like Gecko) Chrome/148.0.0.0 Safari/537.36\"","service":"visual-whiteboard-api","timestamp":"2026-05-19 04:51:21"}
{"level":"info","message":"User a@a.com left room whiteboard:6a06e877af1816f5fe51d5e5","service":"visual-whiteboard-api","timestamp":"2026-05-19 04:54:12"}
{"level":"info","message":"::1 - - [18/May/2026:23:24:13 +0000] \"GET /api/v1/whiteboards/6a06e877af1816f5fe51d5e5 HTTP/1.1\" 200 24332 \"http://localhost:5173/\" \"Mozilla/5.0 (Windows NT 10.0; Win64; x64) AppleWebKit/537.36 (KHTML, like Gecko) Chrome/148.0.0.0 Safari/537.36\"","service":"visual-whiteboard-api","timestamp":"2026-05-19 04:54:13"}
{"level":"info","message":"::1 - - [18/May/2026:23:24:13 +0000] \"GET /api/v1/whiteboards/6a06e877af1816f5fe51d5e5 HTTP/1.1\" 304 - \"http://localhost:5173/\" \"Mozilla/5.0 (Windows NT 10.0; Win64; x64) AppleWebKit/537.36 (KHTML, like Gecko) Chrome/148.0.0.0 Safari/537.36\"","service":"visual-whiteboard-api","timestamp":"2026-05-19 04:54:13"}
{"level":"info","message":"⚡ Socket connected: 14TtBAfZZjUn09l_AAAN (User: a@a.com)","service":"visual-whiteboard-api","timestamp":"2026-05-19 04:54:13"}
{"level":"info","message":"User a@a.com joined room whiteboard:6a06e877af1816f5fe51d5e5","service":"visual-whiteboard-api","timestamp":"2026-05-19 04:54:13"}
{"level":"info","message":"::1 - - [18/May/2026:23:24:14 +0000] \"GET /api/v1/media/proxy/b665f003aacafb455271e40a7480878f?token=eyJhbGciOiJIUzI1NiIsInR5cCI6IkpXVCJ9.eyJpZCI6IjZhMDVjOGEwZDk0ZjkxZmFiMTI4NGM0NyIsImlhdCI6MTc3OTE0NjQ0MywiZXhwIjoxNzc5MTQ3MzQzfQ.xSXykzdpKR0_U4sIFDb59PVIuognaCSu9Ju1wGCCcqo HTTP/1.1\" 200 - \"http://localhost:5173/\" \"Mozilla/5.0 (Windows NT 10.0; Win64; x64) AppleWebKit/537.36 (KHTML, like Gecko) Chrome/148.0.0.0 Safari/537.36\"","service":"visual-whiteboard-api","timestamp":"2026-05-19 04:54:14"}
{"level":"info","message":"::1 - - [18/May/2026:23:24:21 +0000] \"PUT /api/v1/whiteboards/6a06e877af1816f5fe51d5e5/canvas HTTP/1.1\" 200 58 \"http://localhost:5173/\" \"Mozilla/5.0 (Windows NT 10.0; Win64; x64) AppleWebKit/537.36 (KHTML, like Gecko) Chrome/148.0.0.0 Safari/537.36\"","service":"visual-whiteboard-api","timestamp":"2026-05-19 04:54:21"}
{"level":"info","message":"::1 - - [18/May/2026:23:24:32 +0000] \"POST /api/v1/media/upload HTTP/1.1\" 201 277 \"http://localhost:5173/\" \"Mozilla/5.0 (Windows NT 10.0; Win64; x64) AppleWebKit/537.36 (KHTML, like Gecko) Chrome/148.0.0.0 Safari/537.36\"","service":"visual-whiteboard-api","timestamp":"2026-05-19 04:54:32"}
{"level":"info","message":"::1 - - [18/May/2026:23:24:36 +0000] \"PUT /api/v1/whiteboards/6a06e877af1816f5fe51d5e5/canvas HTTP/1.1\" 200 58 \"http://localhost:5173/\" \"Mozilla/5.0 (Windows NT 10.0; Win64; x64) AppleWebKit/537.36 (KHTML, like Gecko) Chrome/148.0.0.0 Safari/537.36\"","service":"visual-whiteboard-api","timestamp":"2026-05-19 04:54:36"}
{"level":"info","message":"::1 - - [18/May/2026:23:24:38 +0000] \"PUT /api/v1/whiteboards/6a06e877af1816f5fe51d5e5/canvas HTTP/1.1\" 200 58 \"http://localhost:5173/\" \"Mozilla/5.0 (Windows NT 10.0; Win64; x64) AppleWebKit/537.36 (KHTML, like Gecko) Chrome/148.0.0.0 Safari/537.36\"","service":"visual-whiteboard-api","timestamp":"2026-05-19 04:54:38"}
{"level":"info","message":"::1 - - [18/May/2026:23:24:46 +0000] \"PUT /api/v1/whiteboards/6a06e877af1816f5fe51d5e5/canvas HTTP/1.1\" 200 58 \"http://localhost:5173/\" \"Mozilla/5.0 (Windows NT 10.0; Win64; x64) AppleWebKit/537.36 (KHTML, like Gecko) Chrome/148.0.0.0 Safari/537.36\"","service":"visual-whiteboard-api","timestamp":"2026-05-19 04:54:46"}
{"level":"info","message":"User a@a.com left room whiteboard:6a06e877af1816f5fe51d5e5","service":"visual-whiteboard-api","timestamp":"2026-05-19 04:54:49"}
{"level":"info","message":"Graceful shutdown initiated...","service":"visual-whiteboard-api","timestamp":"2026-05-19 04:54:52"}
{"level":"info","message":"Connected to MongoDB","service":"visual-whiteboard-api","timestamp":"2026-05-22 20:24:30"}
{"code":"ECONNREFUSED","level":"error","message":"Redis Client Error","service":"visual-whiteboard-api","stack":"AggregateError [ECONNREFUSED]: \n    at internalConnectMultiple (node:net:1142:49)\n    at afterConnectMultiple (node:net:1723:7)","timestamp":"2026-05-22 20:24:30"}
{"code":"ECONNREFUSED","level":"error","message":"Redis Client Error","service":"visual-whiteboard-api","stack":"AggregateError [ECONNREFUSED]: \n    at internalConnectMultiple (node:net:1142:49)\n    at afterConnectMultiple (node:net:1723:7)","timestamp":"2026-05-22 20:24:30"}
{"code":"ECONNREFUSED","level":"error","message":"Redis Client Error","service":"visual-whiteboard-api","stack":"AggregateError [ECONNREFUSED]: \n    at internalConnectMultiple (node:net:1142:49)\n    at afterConnectMultiple (node:net:1723:7)","timestamp":"2026-05-22 20:24:31"}
{"code":"ECONNREFUSED","level":"error","message":"Redis Client Error","service":"visual-whiteboard-api","stack":"AggregateError [ECONNREFUSED]: \n    at internalConnectMultiple (node:net:1142:49)\n    at afterConnectMultiple (node:net:1723:7)","timestamp":"2026-05-22 20:24:31"}
{"code":"ECONNREFUSED","level":"error","message":"Redis Client Error","service":"visual-whiteboard-api","stack":"AggregateError [ECONNREFUSED]: \n    at internalConnectMultiple (node:net:1142:49)\n    at afterConnectMultiple (node:net:1723:7)","timestamp":"2026-05-22 20:24:31"}
{"code":"ECONNREFUSED","level":"error","message":"Redis Client Error","service":"visual-whiteboard-api","stack":"AggregateError [ECONNREFUSED]: \n    at internalConnectMultiple (node:net:1142:49)\n    at afterConnectMultiple (node:net:1723:7)","timestamp":"2026-05-22 20:24:32"}
{"code":"ECONNREFUSED","level":"error","message":"Redis Client Error","service":"visual-whiteboard-api","stack":"AggregateError [ECONNREFUSED]: \n    at internalConnectMultiple (node:net:1142:49)\n    at afterConnectMultiple (node:net:1723:7)","timestamp":"2026-05-22 20:24:34"}
{"code":"ECONNREFUSED","level":"error","message":"Redis Client Error","service":"visual-whiteboard-api","stack":"AggregateError [ECONNREFUSED]: \n    at internalConnectMultiple (node:net:1142:49)\n    at afterConnectMultiple (node:net:1723:7)","timestamp":"2026-05-22 20:24:36"}
{"code":"ECONNREFUSED","level":"error","message":"Redis Client Error","service":"visual-whiteboard-api","stack":"AggregateError [ECONNREFUSED]: \n    at internalConnectMultiple (node:net:1142:49)\n    at afterConnectMultiple (node:net:1723:7)","timestamp":"2026-05-22 20:24:38"}
{"level":"info","message":"🚀 Connected to Redis","service":"visual-whiteboard-api","timestamp":"2026-05-22 20:24:40"}
{"level":"info","message":"Server running in development mode on port 5000","service":"visual-whiteboard-api","timestamp":"2026-05-22 20:24:40"}
{"level":"info","message":"🚀 Socket.io Redis Adapter configured","service":"visual-whiteboard-api","timestamp":"2026-05-22 20:24:40"}
{"level":"info","message":"::1 - - [22/May/2026:14:55:39 +0000] \"POST /api/v1/auth/login HTTP/1.1\" 200 392 \"http://localhost:5173/\" \"Mozilla/5.0 (Windows NT 10.0; Win64; x64) AppleWebKit/537.36 (KHTML, like Gecko) Chrome/148.0.0.0 Safari/537.36\"","service":"visual-whiteboard-api","timestamp":"2026-05-22 20:25:39"}
{"level":"info","message":"::1 - - [22/May/2026:14:55:39 +0000] \"GET /api/v1/whiteboards HTTP/1.1\" 200 1150 \"http://localhost:5173/\" \"Mozilla/5.0 (Windows NT 10.0; Win64; x64) AppleWebKit/537.36 (KHTML, like Gecko) Chrome/148.0.0.0 Safari/537.36\"","service":"visual-whiteboard-api","timestamp":"2026-05-22 20:25:39"}
{"level":"info","message":"::1 - - [22/May/2026:14:55:39 +0000] \"GET /api/v1/whiteboards HTTP/1.1\" 304 - \"http://localhost:5173/\" \"Mozilla/5.0 (Windows NT 10.0; Win64; x64) AppleWebKit/537.36 (KHTML, like Gecko) Chrome/148.0.0.0 Safari/537.36\"","service":"visual-whiteboard-api","timestamp":"2026-05-22 20:25:39"}
{"level":"info","message":"::1 - - [22/May/2026:14:55:41 +0000] \"GET /api/v1/whiteboards/6a06e877af1816f5fe51d5e5 HTTP/1.1\" 200 27125 \"http://localhost:5173/\" \"Mozilla/5.0 (Windows NT 10.0; Win64; x64) AppleWebKit/537.36 (KHTML, like Gecko) Chrome/148.0.0.0 Safari/537.36\"","service":"visual-whiteboard-api","timestamp":"2026-05-22 20:25:41"}
{"level":"info","message":"⚡ Socket connected: DlrgNHM_-Ljcbj_wAAAC (User: a@a.com)","service":"visual-whiteboard-api","timestamp":"2026-05-22 20:25:41"}
{"level":"info","message":"User a@a.com joined room whiteboard:6a06e877af1816f5fe51d5e5","service":"visual-whiteboard-api","timestamp":"2026-05-22 20:25:41"}
{"level":"info","message":"::1 - - [22/May/2026:14:55:45 +0000] \"GET /api/v1/media/proxy/b665f003aacafb455271e40a7480878f?token=eyJhbGciOiJIUzI1NiIsInR5cCI6IkpXVCJ9.eyJpZCI6IjZhMDVjOGEwZDk0ZjkxZmFiMTI4NGM0NyIsImlhdCI6MTc3OTQ2MTczOSwiZXhwIjoxNzc5NDYyNjM5fQ.6nzVhvHVdYsFd6iN6FFwnB-akp-_PR3BvfRfPhNw_CQ HTTP/1.1\" 200 - \"http://localhost:5173/\" \"Mozilla/5.0 (Windows NT 10.0; Win64; x64) AppleWebKit/537.36 (KHTML, like Gecko) Chrome/148.0.0.0 Safari/537.36\"","service":"visual-whiteboard-api","timestamp":"2026-05-22 20:25:45"}
{"level":"info","message":"::1 - - [22/May/2026:14:56:03 +0000] \"PUT /api/v1/whiteboards/6a06e877af1816f5fe51d5e5/canvas HTTP/1.1\" 200 58 \"http://localhost:5173/\" \"Mozilla/5.0 (Windows NT 10.0; Win64; x64) AppleWebKit/537.36 (KHTML, like Gecko) Chrome/148.0.0.0 Safari/537.36\"","service":"visual-whiteboard-api","timestamp":"2026-05-22 20:26:03"}
{"level":"info","message":"::1 - - [22/May/2026:14:56:24 +0000] \"PUT /api/v1/whiteboards/6a06e877af1816f5fe51d5e5/canvas HTTP/1.1\" 200 58 \"http://localhost:5173/\" \"Mozilla/5.0 (Windows NT 10.0; Win64; x64) AppleWebKit/537.36 (KHTML, like Gecko) Chrome/148.0.0.0 Safari/537.36\"","service":"visual-whiteboard-api","timestamp":"2026-05-22 20:26:24"}
{"level":"info","message":"::1 - - [22/May/2026:14:56:26 +0000] \"PUT /api/v1/whiteboards/6a06e877af1816f5fe51d5e5/canvas HTTP/1.1\" 200 58 \"http://localhost:5173/\" \"Mozilla/5.0 (Windows NT 10.0; Win64; x64) AppleWebKit/537.36 (KHTML, like Gecko) Chrome/148.0.0.0 Safari/537.36\"","service":"visual-whiteboard-api","timestamp":"2026-05-22 20:26:26"}
{"level":"info","message":"::1 - - [22/May/2026:14:57:46 +0000] \"PUT /api/v1/whiteboards/6a06e877af1816f5fe51d5e5/canvas HTTP/1.1\" 200 58 \"http://localhost:5173/\" \"Mozilla/5.0 (Windows NT 10.0; Win64; x64) AppleWebKit/537.36 (KHTML, like Gecko) Chrome/148.0.0.0 Safari/537.36\"","service":"visual-whiteboard-api","timestamp":"2026-05-22 20:27:46"}
{"level":"info","message":"::1 - - [22/May/2026:14:58:06 +0000] \"PUT /api/v1/whiteboards/6a06e877af1816f5fe51d5e5/canvas HTTP/1.1\" 200 58 \"http://localhost:5173/\" \"Mozilla/5.0 (Windows NT 10.0; Win64; x64) AppleWebKit/537.36 (KHTML, like Gecko) Chrome/148.0.0.0 Safari/537.36\"","service":"visual-whiteboard-api","timestamp":"2026-05-22 20:28:06"}
{"level":"info","message":"::1 - - [22/May/2026:14:58:13 +0000] \"PUT /api/v1/whiteboards/6a06e877af1816f5fe51d5e5/canvas HTTP/1.1\" 200 58 \"http://localhost:5173/\" \"Mozilla/5.0 (Windows NT 10.0; Win64; x64) AppleWebKit/537.36 (KHTML, like Gecko) Chrome/148.0.0.0 Safari/537.36\"","service":"visual-whiteboard-api","timestamp":"2026-05-22 20:28:13"}
{"level":"info","message":"::1 - - [22/May/2026:14:58:18 +0000] \"PUT /api/v1/whiteboards/6a06e877af1816f5fe51d5e5/canvas HTTP/1.1\" 200 58 \"http://localhost:5173/\" \"Mozilla/5.0 (Windows NT 10.0; Win64; x64) AppleWebKit/537.36 (KHTML, like Gecko) Chrome/148.0.0.0 Safari/537.36\"","service":"visual-whiteboard-api","timestamp":"2026-05-22 20:28:18"}
{"level":"info","message":"::1 - - [22/May/2026:14:58:25 +0000] \"PUT /api/v1/whiteboards/6a06e877af1816f5fe51d5e5/canvas HTTP/1.1\" 200 58 \"http://localhost:5173/\" \"Mozilla/5.0 (Windows NT 10.0; Win64; x64) AppleWebKit/537.36 (KHTML, like Gecko) Chrome/148.0.0.0 Safari/537.36\"","service":"visual-whiteboard-api","timestamp":"2026-05-22 20:28:25"}
{"level":"info","message":"::1 - - [22/May/2026:14:58:37 +0000] \"PUT /api/v1/whiteboards/6a06e877af1816f5fe51d5e5/canvas HTTP/1.1\" 200 58 \"http://localhost:5173/\" \"Mozilla/5.0 (Windows NT 10.0; Win64; x64) AppleWebKit/537.36 (KHTML, like Gecko) Chrome/148.0.0.0 Safari/537.36\"","service":"visual-whiteboard-api","timestamp":"2026-05-22 20:28:37"}
{"level":"info","message":"::1 - - [22/May/2026:14:58:42 +0000] \"PUT /api/v1/whiteboards/6a06e877af1816f5fe51d5e5/canvas HTTP/1.1\" 200 58 \"http://localhost:5173/\" \"Mozilla/5.0 (Windows NT 10.0; Win64; x64) AppleWebKit/537.36 (KHTML, like Gecko) Chrome/148.0.0.0 Safari/537.36\"","service":"visual-whiteboard-api","timestamp":"2026-05-22 20:28:42"}
{"level":"info","message":"::1 - - [22/May/2026:14:58:45 +0000] \"PUT /api/v1/whiteboards/6a06e877af1816f5fe51d5e5/canvas HTTP/1.1\" 200 58 \"http://localhost:5173/\" \"Mozilla/5.0 (Windows NT 10.0; Win64; x64) AppleWebKit/537.36 (KHTML, like Gecko) Chrome/148.0.0.0 Safari/537.36\"","service":"visual-whiteboard-api","timestamp":"2026-05-22 20:28:45"}
{"level":"info","message":"::1 - - [22/May/2026:14:58:51 +0000] \"PUT /api/v1/whiteboards/6a06e877af1816f5fe51d5e5/canvas HTTP/1.1\" 200 58 \"http://localhost:5173/\" \"Mozilla/5.0 (Windows NT 10.0; Win64; x64) AppleWebKit/537.36 (KHTML, like Gecko) Chrome/148.0.0.0 Safari/537.36\"","service":"visual-whiteboard-api","timestamp":"2026-05-22 20:28:51"}
{"level":"info","message":"::1 - - [22/May/2026:14:59:57 +0000] \"PUT /api/v1/whiteboards/6a06e877af1816f5fe51d5e5/canvas HTTP/1.1\" 200 58 \"http://localhost:5173/\" \"Mozilla/5.0 (Windows NT 10.0; Win64; x64) AppleWebKit/537.36 (KHTML, like Gecko) Chrome/148.0.0.0 Safari/537.36\"","service":"visual-whiteboard-api","timestamp":"2026-05-22 20:29:57"}
{"level":"info","message":"::1 - - [22/May/2026:14:59:59 +0000] \"PUT /api/v1/whiteboards/6a06e877af1816f5fe51d5e5/canvas HTTP/1.1\" 200 58 \"http://localhost:5173/\" \"Mozilla/5.0 (Windows NT 10.0; Win64; x64) AppleWebKit/537.36 (KHTML, like Gecko) Chrome/148.0.0.0 Safari/537.36\"","service":"visual-whiteboard-api","timestamp":"2026-05-22 20:29:59"}
{"level":"info","message":"::1 - - [22/May/2026:15:01:19 +0000] \"PUT /api/v1/whiteboards/6a06e877af1816f5fe51d5e5/canvas HTTP/1.1\" 200 58 \"http://localhost:5173/\" \"Mozilla/5.0 (Windows NT 10.0; Win64; x64) AppleWebKit/537.36 (KHTML, like Gecko) Chrome/148.0.0.0 Safari/537.36\"","service":"visual-whiteboard-api","timestamp":"2026-05-22 20:31:19"}
{"level":"info","message":"::1 - - [22/May/2026:15:01:29 +0000] \"PUT /api/v1/whiteboards/6a06e877af1816f5fe51d5e5/canvas HTTP/1.1\" 200 58 \"http://localhost:5173/\" \"Mozilla/5.0 (Windows NT 10.0; Win64; x64) AppleWebKit/537.36 (KHTML, like Gecko) Chrome/148.0.0.0 Safari/537.36\"","service":"visual-whiteboard-api","timestamp":"2026-05-22 20:31:29"}
{"level":"info","message":"::1 - - [22/May/2026:15:01:59 +0000] \"PUT /api/v1/whiteboards/6a06e877af1816f5fe51d5e5/canvas HTTP/1.1\" 200 58 \"http://localhost:5173/\" \"Mozilla/5.0 (Windows NT 10.0; Win64; x64) AppleWebKit/537.36 (KHTML, like Gecko) Chrome/148.0.0.0 Safari/537.36\"","service":"visual-whiteboard-api","timestamp":"2026-05-22 20:31:59"}
{"level":"info","message":"::1 - - [22/May/2026:15:02:08 +0000] \"PUT /api/v1/whiteboards/6a06e877af1816f5fe51d5e5/canvas HTTP/1.1\" 200 58 \"http://localhost:5173/\" \"Mozilla/5.0 (Windows NT 10.0; Win64; x64) AppleWebKit/537.36 (KHTML, like Gecko) Chrome/148.0.0.0 Safari/537.36\"","service":"visual-whiteboard-api","timestamp":"2026-05-22 20:32:08"}
{"level":"info","message":"User a@a.com left room whiteboard:6a06e877af1816f5fe51d5e5","service":"visual-whiteboard-api","timestamp":"2026-05-22 20:33:06"}
{"level":"info","message":"::1 - - [22/May/2026:15:03:06 +0000] \"GET /api/v1/whiteboards HTTP/1.1\" 200 1150 \"http://localhost:5173/\" \"Mozilla/5.0 (Windows NT 10.0; Win64; x64) AppleWebKit/537.36 (KHTML, like Gecko) Chrome/148.0.0.0 Safari/537.36\"","service":"visual-whiteboard-api","timestamp":"2026-05-22 20:33:06"}
{"level":"info","message":"::1 - - [22/May/2026:15:03:06 +0000] \"GET /api/v1/whiteboards HTTP/1.1\" 304 - \"http://localhost:5173/\" \"Mozilla/5.0 (Windows NT 10.0; Win64; x64) AppleWebKit/537.36 (KHTML, like Gecko) Chrome/148.0.0.0 Safari/537.36\"","service":"visual-whiteboard-api","timestamp":"2026-05-22 20:33:06"}
{"level":"info","message":"::1 - - [22/May/2026:15:03:07 +0000] \"GET /api/v1/whiteboards/6a06e877af1816f5fe51d5e5 HTTP/1.1\" 200 32549 \"http://localhost:5173/\" \"Mozilla/5.0 (Windows NT 10.0; Win64; x64) AppleWebKit/537.36 (KHTML, like Gecko) Chrome/148.0.0.0 Safari/537.36\"","service":"visual-whiteboard-api","timestamp":"2026-05-22 20:33:07"}
{"level":"info","message":"⚡ Socket connected: QZkc9aiosZgQAbcPAAAF (User: a@a.com)","service":"visual-whiteboard-api","timestamp":"2026-05-22 20:33:07"}
{"level":"info","message":"User a@a.com joined room whiteboard:6a06e877af1816f5fe51d5e5","service":"visual-whiteboard-api","timestamp":"2026-05-22 20:33:07"}
{"level":"info","message":"User a@a.com left room whiteboard:6a06e877af1816f5fe51d5e5","service":"visual-whiteboard-api","timestamp":"2026-05-22 20:45:58"}
{"level":"error","message":"Authentication error: jwt expired","service":"visual-whiteboard-api","timestamp":"2026-05-22 20:45:58"}
{"level":"info","message":"::1 - - [22/May/2026:15:15:58 +0000] \"GET /api/v1/whiteboards/6a06e877af1816f5fe51d5e5 HTTP/1.1\" 401 81 \"http://localhost:5173/\" \"Mozilla/5.0 (Windows NT 10.0; Win64; x64) AppleWebKit/537.36 (KHTML, like Gecko) Chrome/148.0.0.0 Safari/537.36\"","service":"visual-whiteboard-api","timestamp":"2026-05-22 20:45:58"}
{"level":"error","message":"Authentication error: jwt expired","service":"visual-whiteboard-api","timestamp":"2026-05-22 20:45:58"}
{"level":"info","message":"::1 - - [22/May/2026:15:15:58 +0000] \"GET /api/v1/whiteboards HTTP/1.1\" 401 81 \"http://localhost:5173/\" \"Mozilla/5.0 (Windows NT 10.0; Win64; x64) AppleWebKit/537.36 (KHTML, like Gecko) Chrome/148.0.0.0 Safari/537.36\"","service":"visual-whiteboard-api","timestamp":"2026-05-22 20:45:58"}
{"level":"error","message":"Authentication error: jwt expired","service":"visual-whiteboard-api","timestamp":"2026-05-22 20:45:58"}
{"level":"info","message":"::1 - - [22/May/2026:15:15:58 +0000] \"GET /api/v1/whiteboards HTTP/1.1\" 401 81 \"http://localhost:5173/\" \"Mozilla/5.0 (Windows NT 10.0; Win64; x64) AppleWebKit/537.36 (KHTML, like Gecko) Chrome/148.0.0.0 Safari/537.36\"","service":"visual-whiteboard-api","timestamp":"2026-05-22 20:45:58"}
{"level":"info","message":"Connected to MongoDB","service":"visual-whiteboard-api","timestamp":"2026-05-22 20:48:45"}
{"level":"info","message":"🚀 Connected to Redis","service":"visual-whiteboard-api","timestamp":"2026-05-22 20:48:45"}
{"level":"info","message":"Server running in development mode on port 5000","service":"visual-whiteboard-api","timestamp":"2026-05-22 20:48:45"}
{"level":"info","message":"🚀 Socket.io Redis Adapter configured","service":"visual-whiteboard-api","timestamp":"2026-05-22 20:48:45"}
{"level":"error","message":"Authentication error: jwt expired","service":"visual-whiteboard-api","timestamp":"2026-05-22 20:50:39"}
{"level":"info","message":"::1 - - [22/May/2026:15:20:39 +0000] \"GET /api/v1/whiteboards HTTP/1.1\" 401 81 \"http://localhost:5173/\" \"Mozilla/5.0 (Windows NT 10.0; Win64; x64) AppleWebKit/537.36 (KHTML, like Gecko) Chrome/148.0.0.0 Safari/537.36\"","service":"visual-whiteboard-api","timestamp":"2026-05-22 20:50:39"}
{"level":"error","message":"Authentication error: jwt expired","service":"visual-whiteboard-api","timestamp":"2026-05-22 20:50:39"}
{"level":"info","message":"::1 - - [22/May/2026:15:20:39 +0000] \"GET /api/v1/whiteboards HTTP/1.1\" 401 81 \"http://localhost:5173/\" \"Mozilla/5.0 (Windows NT 10.0; Win64; x64) AppleWebKit/537.36 (KHTML, like Gecko) Chrome/148.0.0.0 Safari/537.36\"","service":"visual-whiteboard-api","timestamp":"2026-05-22 20:50:39"}
{"level":"info","message":"Graceful shutdown initiated...","service":"visual-whiteboard-api","timestamp":"2026-05-22 20:50:42"}
{"level":"info","message":"Connected to MongoDB","service":"visual-whiteboard-api","timestamp":"2026-05-22 20:50:46"}
{"level":"info","message":"🚀 Connected to Redis","service":"visual-whiteboard-api","timestamp":"2026-05-22 20:50:46"}
{"level":"info","message":"Server running in development mode on port 5000","service":"visual-whiteboard-api","timestamp":"2026-05-22 20:50:46"}
{"level":"info","message":"🚀 Socket.io Redis Adapter configured","service":"visual-whiteboard-api","timestamp":"2026-05-22 20:50:46"}
{"level":"info","message":"::1 - - [22/May/2026:15:21:09 +0000] \"POST /api/v1/auth/login HTTP/1.1\" 401 55 \"http://localhost:5173/\" \"Mozilla/5.0 (Windows NT 10.0; Win64; x64) AppleWebKit/537.36 (KHTML, like Gecko) Chrome/148.0.0.0 Safari/537.36\"","service":"visual-whiteboard-api","timestamp":"2026-05-22 20:51:09"}
{"level":"info","message":"::1 - - [22/May/2026:15:21:14 +0000] \"POST /api/v1/auth/login HTTP/1.1\" 200 392 \"http://localhost:5173/\" \"Mozilla/5.0 (Windows NT 10.0; Win64; x64) AppleWebKit/537.36 (KHTML, like Gecko) Chrome/148.0.0.0 Safari/537.36\"","service":"visual-whiteboard-api","timestamp":"2026-05-22 20:51:14"}
{"level":"info","message":"::1 - - [22/May/2026:15:21:14 +0000] \"GET /api/v1/whiteboards HTTP/1.1\" 304 - \"http://localhost:5173/\" \"Mozilla/5.0 (Windows NT 10.0; Win64; x64) AppleWebKit/537.36 (KHTML, like Gecko) Chrome/148.0.0.0 Safari/537.36\"","service":"visual-whiteboard-api","timestamp":"2026-05-22 20:51:14"}
{"level":"info","message":"::1 - - [22/May/2026:15:21:14 +0000] \"GET /api/v1/whiteboards HTTP/1.1\" 304 - \"http://localhost:5173/\" \"Mozilla/5.0 (Windows NT 10.0; Win64; x64) AppleWebKit/537.36 (KHTML, like Gecko) Chrome/148.0.0.0 Safari/537.36\"","service":"visual-whiteboard-api","timestamp":"2026-05-22 20:51:14"}
{"level":"info","message":"::1 - - [22/May/2026:15:21:15 +0000] \"GET /api/v1/whiteboards/6a06e877af1816f5fe51d5e5 HTTP/1.1\" 304 - \"http://localhost:5173/\" \"Mozilla/5.0 (Windows NT 10.0; Win64; x64) AppleWebKit/537.36 (KHTML, like Gecko) Chrome/148.0.0.0 Safari/537.36\"","service":"visual-whiteboard-api","timestamp":"2026-05-22 20:51:15"}
{"level":"info","message":"⚡ Socket connected: GEcc4tVnSwOGTJnYAAAC (User: a@a.com)","service":"visual-whiteboard-api","timestamp":"2026-05-22 20:51:15"}
{"level":"info","message":"User a@a.com joined room whiteboard:6a06e877af1816f5fe51d5e5","service":"visual-whiteboard-api","timestamp":"2026-05-22 20:51:15"}
{"level":"info","message":"::1 - - [22/May/2026:15:21:17 +0000] \"GET /api/v1/media/proxy/b665f003aacafb455271e40a7480878f?token=eyJhbGciOiJIUzI1NiIsInR5cCI6IkpXVCJ9.eyJpZCI6IjZhMDVjOGEwZDk0ZjkxZmFiMTI4NGM0NyIsImlhdCI6MTc3OTQ2MzI3NCwiZXhwIjoxNzc5NDY0MTc0fQ.RbLl9rmcUcK-bGQ8KkhgmZ6-IEWBo2vxqxCJiJW4pB4 HTTP/1.1\" 200 - \"http://localhost:5173/\" \"Mozilla/5.0 (Windows NT 10.0; Win64; x64) AppleWebKit/537.36 (KHTML, like Gecko) Chrome/148.0.0.0 Safari/537.36\"","service":"visual-whiteboard-api","timestamp":"2026-05-22 20:51:17"}
{"level":"info","message":"::1 - - [22/May/2026:15:26:45 +0000] \"PUT /api/v1/whiteboards/6a06e877af1816f5fe51d5e5/canvas HTTP/1.1\" 200 58 \"http://localhost:5173/\" \"Mozilla/5.0 (Windows NT 10.0; Win64; x64) AppleWebKit/537.36 (KHTML, like Gecko) Chrome/148.0.0.0 Safari/537.36\"","service":"visual-whiteboard-api","timestamp":"2026-05-22 20:56:45"}
{"level":"info","message":"::1 - - [22/May/2026:15:28:03 +0000] \"PUT /api/v1/whiteboards/6a06e877af1816f5fe51d5e5/canvas HTTP/1.1\" 200 58 \"http://localhost:5173/\" \"Mozilla/5.0 (Windows NT 10.0; Win64; x64) AppleWebKit/537.36 (KHTML, like Gecko) Chrome/148.0.0.0 Safari/537.36\"","service":"visual-whiteboard-api","timestamp":"2026-05-22 20:58:03"}
{"level":"info","message":"::1 - - [22/May/2026:15:28:06 +0000] \"PUT /api/v1/whiteboards/6a06e877af1816f5fe51d5e5/canvas HTTP/1.1\" 200 58 \"http://localhost:5173/\" \"Mozilla/5.0 (Windows NT 10.0; Win64; x64) AppleWebKit/537.36 (KHTML, like Gecko) Chrome/148.0.0.0 Safari/537.36\"","service":"visual-whiteboard-api","timestamp":"2026-05-22 20:58:06"}
{"level":"info","message":"::1 - - [22/May/2026:15:28:06 +0000] \"PUT /api/v1/whiteboards/6a06e877af1816f5fe51d5e5/canvas HTTP/1.1\" 200 58 \"http://localhost:5173/\" \"Mozilla/5.0 (Windows NT 10.0; Win64; x64) AppleWebKit/537.36 (KHTML, like Gecko) Chrome/148.0.0.0 Safari/537.36\"","service":"visual-whiteboard-api","timestamp":"2026-05-22 20:58:06"}
{"level":"info","message":"User a@a.com left room whiteboard:6a06e877af1816f5fe51d5e5","service":"visual-whiteboard-api","timestamp":"2026-05-22 20:58:10"}
{"level":"info","message":"::1 - - [22/May/2026:15:28:10 +0000] \"GET /api/v1/whiteboards HTTP/1.1\" 200 1150 \"http://localhost:5173/\" \"Mozilla/5.0 (Windows NT 10.0; Win64; x64) AppleWebKit/537.36 (KHTML, like Gecko) Chrome/148.0.0.0 Safari/537.36\"","service":"visual-whiteboard-api","timestamp":"2026-05-22 20:58:10"}
{"level":"info","message":"::1 - - [22/May/2026:15:28:10 +0000] \"GET /api/v1/whiteboards HTTP/1.1\" 304 - \"http://localhost:5173/\" \"Mozilla/5.0 (Windows NT 10.0; Win64; x64) AppleWebKit/537.36 (KHTML, like Gecko) Chrome/148.0.0.0 Safari/537.36\"","service":"visual-whiteboard-api","timestamp":"2026-05-22 20:58:10"}
{"level":"info","message":"Graceful shutdown initiated...","service":"visual-whiteboard-api","timestamp":"2026-05-22 21:00:10"}
{"level":"info","message":"Connected to MongoDB","service":"visual-whiteboard-api","timestamp":"2026-05-23 00:40:47"}
{"code":"ECONNREFUSED","level":"error","message":"Redis Client Error","service":"visual-whiteboard-api","stack":"AggregateError [ECONNREFUSED]: \n    at internalConnectMultiple (node:net:1142:49)\n    at afterConnectMultiple (node:net:1723:7)","timestamp":"2026-05-23 00:40:47"}
{"code":"ECONNREFUSED","level":"error","message":"Redis Client Error","service":"visual-whiteboard-api","stack":"AggregateError [ECONNREFUSED]: \n    at internalConnectMultiple (node:net:1142:49)\n    at afterConnectMultiple (node:net:1723:7)","timestamp":"2026-05-23 00:40:48"}
{"code":"ECONNREFUSED","level":"error","message":"Redis Client Error","service":"visual-whiteboard-api","stack":"AggregateError [ECONNREFUSED]: \n    at internalConnectMultiple (node:net:1142:49)\n    at afterConnectMultiple (node:net:1723:7)","timestamp":"2026-05-23 00:40:48"}
{"code":"ECONNREFUSED","level":"error","message":"Redis Client Error","service":"visual-whiteboard-api","stack":"AggregateError [ECONNREFUSED]: \n    at internalConnectMultiple (node:net:1142:49)\n    at afterConnectMultiple (node:net:1723:7)","timestamp":"2026-05-23 00:40:48"}
{"code":"ECONNREFUSED","level":"error","message":"Redis Client Error","service":"visual-whiteboard-api","stack":"AggregateError [ECONNREFUSED]: \n    at internalConnectMultiple (node:net:1142:49)\n    at afterConnectMultiple (node:net:1723:7)","timestamp":"2026-05-23 00:40:49"}
{"code":"ECONNREFUSED","level":"error","message":"Redis Client Error","service":"visual-whiteboard-api","stack":"AggregateError [ECONNREFUSED]: \n    at internalConnectMultiple (node:net:1142:49)\n    at afterConnectMultiple (node:net:1723:7)","timestamp":"2026-05-23 00:40:50"}
{"code":"ECONNREFUSED","level":"error","message":"Redis Client Error","service":"visual-whiteboard-api","stack":"AggregateError [ECONNREFUSED]: \n    at internalConnectMultiple (node:net:1142:49)\n    at afterConnectMultiple (node:net:1723:7)","timestamp":"2026-05-23 00:40:51"}
{"code":"ECONNREFUSED","level":"error","message":"Redis Client Error","service":"visual-whiteboard-api","stack":"AggregateError [ECONNREFUSED]: \n    at internalConnectMultiple (node:net:1142:49)\n    at afterConnectMultiple (node:net:1723:7)","timestamp":"2026-05-23 00:40:53"}
{"code":"ECONNREFUSED","level":"error","message":"Redis Client Error","service":"visual-whiteboard-api","stack":"AggregateError [ECONNREFUSED]: \n    at internalConnectMultiple (node:net:1142:49)\n    at afterConnectMultiple (node:net:1723:7)","timestamp":"2026-05-23 00:40:56"}
{"level":"info","message":"🚀 Connected to Redis","service":"visual-whiteboard-api","timestamp":"2026-05-23 00:40:58"}
{"level":"info","message":"Server running in development mode on port 5000","service":"visual-whiteboard-api","timestamp":"2026-05-23 00:40:58"}
{"level":"info","message":"🚀 Socket.io Redis Adapter configured","service":"visual-whiteboard-api","timestamp":"2026-05-23 00:40:58"}
{"level":"info","message":"::1 - - [22/May/2026:19:16:46 +0000] \"POST /api/v1/auth/login HTTP/1.1\" 200 392 \"http://localhost:5173/\" \"Mozilla/5.0 (Windows NT 10.0; Win64; x64) AppleWebKit/537.36 (KHTML, like Gecko) Chrome/148.0.0.0 Safari/537.36\"","service":"visual-whiteboard-api","timestamp":"2026-05-23 00:46:46"}
{"level":"info","message":"::1 - - [22/May/2026:19:16:46 +0000] \"GET /api/v1/whiteboards HTTP/1.1\" 200 1150 \"http://localhost:5173/\" \"Mozilla/5.0 (Windows NT 10.0; Win64; x64) AppleWebKit/537.36 (KHTML, like Gecko) Chrome/148.0.0.0 Safari/537.36\"","service":"visual-whiteboard-api","timestamp":"2026-05-23 00:46:46"}
{"level":"info","message":"::1 - - [22/May/2026:19:16:46 +0000] \"GET /api/v1/whiteboards HTTP/1.1\" 304 - \"http://localhost:5173/\" \"Mozilla/5.0 (Windows NT 10.0; Win64; x64) AppleWebKit/537.36 (KHTML, like Gecko) Chrome/148.0.0.0 Safari/537.36\"","service":"visual-whiteboard-api","timestamp":"2026-05-23 00:46:46"}
{"level":"info","message":"::1 - - [22/May/2026:19:16:47 +0000] \"GET /api/v1/whiteboards/6a06e877af1816f5fe51d5e5 HTTP/1.1\" 200 32549 \"http://localhost:5173/\" \"Mozilla/5.0 (Windows NT 10.0; Win64; x64) AppleWebKit/537.36 (KHTML, like Gecko) Chrome/148.0.0.0 Safari/537.36\"","service":"visual-whiteboard-api","timestamp":"2026-05-23 00:46:47"}
{"level":"info","message":"⚡ Socket connected: 05yKRNTHlcEVKdV1AAAC (User: a@a.com)","service":"visual-whiteboard-api","timestamp":"2026-05-23 00:46:47"}
{"level":"info","message":"User a@a.com joined room whiteboard:6a06e877af1816f5fe51d5e5","service":"visual-whiteboard-api","timestamp":"2026-05-23 00:46:47"}
{"level":"info","message":"::1 - - [22/May/2026:19:16:49 +0000] \"GET /api/v1/media/proxy/b665f003aacafb455271e40a7480878f?token=eyJhbGciOiJIUzI1NiIsInR5cCI6IkpXVCJ9.eyJpZCI6IjZhMDVjOGEwZDk0ZjkxZmFiMTI4NGM0NyIsImlhdCI6MTc3OTQ3NzQwNiwiZXhwIjoxNzc5NDc4MzA2fQ.9_9nV9hcDWTG68nWxGEzH9j8OIATryMlGKfDJspPV08 HTTP/1.1\" 200 - \"http://localhost:5173/\" \"Mozilla/5.0 (Windows NT 10.0; Win64; x64) AppleWebKit/537.36 (KHTML, like Gecko) Chrome/148.0.0.0 Safari/537.36\"","service":"visual-whiteboard-api","timestamp":"2026-05-23 00:46:49"}
{"level":"info","message":"::1 - - [22/May/2026:19:16:54 +0000] \"PUT /api/v1/whiteboards/6a06e877af1816f5fe51d5e5/canvas HTTP/1.1\" 200 58 \"http://localhost:5173/\" \"Mozilla/5.0 (Windows NT 10.0; Win64; x64) AppleWebKit/537.36 (KHTML, like Gecko) Chrome/148.0.0.0 Safari/537.36\"","service":"visual-whiteboard-api","timestamp":"2026-05-23 00:46:54"}
{"level":"info","message":"User a@a.com left room whiteboard:6a06e877af1816f5fe51d5e5","service":"visual-whiteboard-api","timestamp":"2026-05-23 00:50:25"}
{"level":"info","message":"::1 - - [22/May/2026:19:20:26 +0000] \"GET /api/v1/whiteboards/6a06e877af1816f5fe51d5e5 HTTP/1.1\" 200 32556 \"http://localhost:5173/\" \"Mozilla/5.0 (Windows NT 10.0; Win64; x64) AppleWebKit/537.36 (KHTML, like Gecko) Chrome/148.0.0.0 Safari/537.36\"","service":"visual-whiteboard-api","timestamp":"2026-05-23 00:50:26"}
{"level":"info","message":"::1 - - [22/May/2026:19:20:26 +0000] \"GET /api/v1/whiteboards/6a06e877af1816f5fe51d5e5 HTTP/1.1\" 304 - \"http://localhost:5173/\" \"Mozilla/5.0 (Windows NT 10.0; Win64; x64) AppleWebKit/537.36 (KHTML, like Gecko) Chrome/148.0.0.0 Safari/537.36\"","service":"visual-whiteboard-api","timestamp":"2026-05-23 00:50:26"}
{"level":"info","message":"⚡ Socket connected: TAdUzqTJkFGH_egdAAAF (User: a@a.com)","service":"visual-whiteboard-api","timestamp":"2026-05-23 00:50:26"}
{"level":"info","message":"User a@a.com joined room whiteboard:6a06e877af1816f5fe51d5e5","service":"visual-whiteboard-api","timestamp":"2026-05-23 00:50:26"}
{"level":"info","message":"::1 - - [22/May/2026:19:20:27 +0000] \"GET /api/v1/media/proxy/b665f003aacafb455271e40a7480878f?token=eyJhbGciOiJIUzI1NiIsInR5cCI6IkpXVCJ9.eyJpZCI6IjZhMDVjOGEwZDk0ZjkxZmFiMTI4NGM0NyIsImlhdCI6MTc3OTQ3NzQwNiwiZXhwIjoxNzc5NDc4MzA2fQ.9_9nV9hcDWTG68nWxGEzH9j8OIATryMlGKfDJspPV08 HTTP/1.1\" 200 - \"http://localhost:5173/\" \"Mozilla/5.0 (Windows NT 10.0; Win64; x64) AppleWebKit/537.36 (KHTML, like Gecko) Chrome/148.0.0.0 Safari/537.36\"","service":"visual-whiteboard-api","timestamp":"2026-05-23 00:50:27"}
{"level":"info","message":"User a@a.com left room whiteboard:6a06e877af1816f5fe51d5e5","service":"visual-whiteboard-api","timestamp":"2026-05-23 00:50:47"}
{"level":"info","message":"::1 - - [22/May/2026:19:20:47 +0000] \"GET /api/v1/whiteboards/6a06e877af1816f5fe51d5e5 HTTP/1.1\" 304 - \"http://localhost:5173/\" \"Mozilla/5.0 (Windows NT 10.0; Win64; x64) AppleWebKit/537.36 (KHTML, like Gecko) Chrome/148.0.0.0 Safari/537.36\"","service":"visual-whiteboard-api","timestamp":"2026-05-23 00:50:47"}
{"level":"info","message":"::1 - - [22/May/2026:19:20:47 +0000] \"GET /api/v1/whiteboards/6a06e877af1816f5fe51d5e5 HTTP/1.1\" 304 - \"http://localhost:5173/\" \"Mozilla/5.0 (Windows NT 10.0; Win64; x64) AppleWebKit/537.36 (KHTML, like Gecko) Chrome/148.0.0.0 Safari/537.36\"","service":"visual-whiteboard-api","timestamp":"2026-05-23 00:50:47"}
{"level":"info","message":"⚡ Socket connected: Sc8uJvzsDhKKMID-AAAI (User: a@a.com)","service":"visual-whiteboard-api","timestamp":"2026-05-23 00:50:47"}
{"level":"info","message":"User a@a.com joined room whiteboard:6a06e877af1816f5fe51d5e5","service":"visual-whiteboard-api","timestamp":"2026-05-23 00:50:47"}
{"level":"info","message":"::1 - - [22/May/2026:19:20:48 +0000] \"GET /api/v1/media/proxy/b665f003aacafb455271e40a7480878f?token=eyJhbGciOiJIUzI1NiIsInR5cCI6IkpXVCJ9.eyJpZCI6IjZhMDVjOGEwZDk0ZjkxZmFiMTI4NGM0NyIsImlhdCI6MTc3OTQ3NzQwNiwiZXhwIjoxNzc5NDc4MzA2fQ.9_9nV9hcDWTG68nWxGEzH9j8OIATryMlGKfDJspPV08 HTTP/1.1\" 200 - \"http://localhost:5173/\" \"Mozilla/5.0 (Windows NT 10.0; Win64; x64) AppleWebKit/537.36 (KHTML, like Gecko) Chrome/148.0.0.0 Safari/537.36\"","service":"visual-whiteboard-api","timestamp":"2026-05-23 00:50:48"}
{"level":"info","message":"User a@a.com left room whiteboard:6a06e877af1816f5fe51d5e5","service":"visual-whiteboard-api","timestamp":"2026-05-23 00:50:52"}
{"level":"info","message":"::1 - - [22/May/2026:19:20:52 +0000] \"GET /api/v1/whiteboards HTTP/1.1\" 200 1150 \"http://localhost:5173/\" \"Mozilla/5.0 (Windows NT 10.0; Win64; x64) AppleWebKit/537.36 (KHTML, like Gecko) Chrome/148.0.0.0 Safari/537.36\"","service":"visual-whiteboard-api","timestamp":"2026-05-23 00:50:52"}
{"level":"info","message":"::1 - - [22/May/2026:19:20:52 +0000] \"GET /api/v1/whiteboards HTTP/1.1\" 304 - \"http://localhost:5173/\" \"Mozilla/5.0 (Windows NT 10.0; Win64; x64) AppleWebKit/537.36 (KHTML, like Gecko) Chrome/148.0.0.0 Safari/537.36\"","service":"visual-whiteboard-api","timestamp":"2026-05-23 00:50:52"}
{"level":"info","message":"::1 - - [22/May/2026:19:20:54 +0000] \"GET /api/v1/whiteboards/6a06e877af1816f5fe51d5e5 HTTP/1.1\" 304 - \"http://localhost:5173/\" \"Mozilla/5.0 (Windows NT 10.0; Win64; x64) AppleWebKit/537.36 (KHTML, like Gecko) Chrome/148.0.0.0 Safari/537.36\"","service":"visual-whiteboard-api","timestamp":"2026-05-23 00:50:54"}
{"level":"info","message":"⚡ Socket connected: ClRmCfo0V0Ouh-xRAAAL (User: a@a.com)","service":"visual-whiteboard-api","timestamp":"2026-05-23 00:50:54"}
{"level":"info","message":"User a@a.com joined room whiteboard:6a06e877af1816f5fe51d5e5","service":"visual-whiteboard-api","timestamp":"2026-05-23 00:50:54"}
{"level":"info","message":"::1 - - [22/May/2026:19:21:08 +0000] \"PUT /api/v1/whiteboards/6a06e877af1816f5fe51d5e5/canvas HTTP/1.1\" 200 58 \"http://localhost:5173/\" \"Mozilla/5.0 (Windows NT 10.0; Win64; x64) AppleWebKit/537.36 (KHTML, like Gecko) Chrome/148.0.0.0 Safari/537.36\"","service":"visual-whiteboard-api","timestamp":"2026-05-23 00:51:08"}
{"level":"info","message":"::1 - - [22/May/2026:19:26:04 +0000] \"PUT /api/v1/whiteboards/6a06e877af1816f5fe51d5e5/canvas HTTP/1.1\" 200 58 \"http://localhost:5173/\" \"Mozilla/5.0 (Windows NT 10.0; Win64; x64) AppleWebKit/537.36 (KHTML, like Gecko) Chrome/148.0.0.0 Safari/537.36\"","service":"visual-whiteboard-api","timestamp":"2026-05-23 00:56:04"}
{"level":"info","message":"Graceful shutdown initiated...","service":"visual-whiteboard-api","timestamp":"2026-05-23 00:57:00"}
{"level":"info","message":"Connected to MongoDB","service":"visual-whiteboard-api","timestamp":"2026-05-23 00:57:05"}
{"level":"info","message":"🚀 Connected to Redis","service":"visual-whiteboard-api","timestamp":"2026-05-23 00:57:05"}
{"level":"info","message":"Server running in development mode on port 5000","service":"visual-whiteboard-api","timestamp":"2026-05-23 00:57:05"}
{"level":"info","message":"🚀 Socket.io Redis Adapter configured","service":"visual-whiteboard-api","timestamp":"2026-05-23 00:57:05"}
{"level":"info","message":"⚡ Socket connected: nwN8DcORjIKFoonxAAAB (User: a@a.com)","service":"visual-whiteboard-api","timestamp":"2026-05-23 00:57:08"}
{"level":"info","message":"User a@a.com joined room whiteboard:6a06e877af1816f5fe51d5e5","service":"visual-whiteboard-api","timestamp":"2026-05-23 00:57:08"}
{"level":"info","message":"User a@a.com left room whiteboard:6a06e877af1816f5fe51d5e5","service":"visual-whiteboard-api","timestamp":"2026-05-23 01:02:52"}
{"level":"error","message":"Authentication error: jwt expired","service":"visual-whiteboard-api","timestamp":"2026-05-23 01:02:52"}
{"level":"info","message":"::1 - - [22/May/2026:19:32:52 +0000] \"GET /api/v1/whiteboards/6a06e877af1816f5fe51d5e5 HTTP/1.1\" 401 81 \"http://localhost:5173/\" \"Mozilla/5.0 (Windows NT 10.0; Win64; x64) AppleWebKit/537.36 (KHTML, like Gecko) Chrome/148.0.0.0 Safari/537.36\"","service":"visual-whiteboard-api","timestamp":"2026-05-23 01:02:52"}
{"level":"error","message":"Authentication error: jwt expired","service":"visual-whiteboard-api","timestamp":"2026-05-23 01:02:52"}
{"level":"info","message":"::1 - - [22/May/2026:19:32:52 +0000] \"GET /api/v1/whiteboards/6a06e877af1816f5fe51d5e5 HTTP/1.1\" 401 81 \"http://localhost:5173/\" \"Mozilla/5.0 (Windows NT 10.0; Win64; x64) AppleWebKit/537.36 (KHTML, like Gecko) Chrome/148.0.0.0 Safari/537.36\"","service":"visual-whiteboard-api","timestamp":"2026-05-23 01:02:52"}
{"level":"error","message":"Authentication error: jwt expired","service":"visual-whiteboard-api","timestamp":"2026-05-23 01:02:52"}
{"level":"info","message":"::1 - - [22/May/2026:19:32:52 +0000] \"GET /api/v1/whiteboards HTTP/1.1\" 401 81 \"http://localhost:5173/\" \"Mozilla/5.0 (Windows NT 10.0; Win64; x64) AppleWebKit/537.36 (KHTML, like Gecko) Chrome/148.0.0.0 Safari/537.36\"","service":"visual-whiteboard-api","timestamp":"2026-05-23 01:02:52"}
{"level":"error","message":"Authentication error: jwt expired","service":"visual-whiteboard-api","timestamp":"2026-05-23 01:02:52"}
{"level":"info","message":"::1 - - [22/May/2026:19:32:52 +0000] \"GET /api/v1/whiteboards HTTP/1.1\" 401 81 \"http://localhost:5173/\" \"Mozilla/5.0 (Windows NT 10.0; Win64; x64) AppleWebKit/537.36 (KHTML, like Gecko) Chrome/148.0.0.0 Safari/537.36\"","service":"visual-whiteboard-api","timestamp":"2026-05-23 01:02:52"}
{"level":"info","message":"::1 - - [22/May/2026:19:33:02 +0000] \"POST /api/v1/auth/login HTTP/1.1\" 200 392 \"http://localhost:5173/\" \"Mozilla/5.0 (Windows NT 10.0; Win64; x64) AppleWebKit/537.36 (KHTML, like Gecko) Chrome/148.0.0.0 Safari/537.36\"","service":"visual-whiteboard-api","timestamp":"2026-05-23 01:03:02"}
{"level":"info","message":"::1 - - [22/May/2026:19:33:02 +0000] \"GET /api/v1/whiteboards HTTP/1.1\" 200 1150 \"http://localhost:5173/\" \"Mozilla/5.0 (Windows NT 10.0; Win64; x64) AppleWebKit/537.36 (KHTML, like Gecko) Chrome/148.0.0.0 Safari/537.36\"","service":"visual-whiteboard-api","timestamp":"2026-05-23 01:03:02"}
{"level":"info","message":"::1 - - [22/May/2026:19:33:02 +0000] \"GET /api/v1/whiteboards HTTP/1.1\" 304 - \"http://localhost:5173/\" \"Mozilla/5.0 (Windows NT 10.0; Win64; x64) AppleWebKit/537.36 (KHTML, like Gecko) Chrome/148.0.0.0 Safari/537.36\"","service":"visual-whiteboard-api","timestamp":"2026-05-23 01:03:02"}
{"level":"info","message":"::1 - - [22/May/2026:19:33:23 +0000] \"GET /api/v1/whiteboards/6a06e877af1816f5fe51d5e5 HTTP/1.1\" 200 32561 \"http://localhost:5173/\" \"Mozilla/5.0 (Windows NT 10.0; Win64; x64) AppleWebKit/537.36 (KHTML, like Gecko) Chrome/148.0.0.0 Safari/537.36\"","service":"visual-whiteboard-api","timestamp":"2026-05-23 01:03:23"}
{"level":"info","message":"⚡ Socket connected: czBQxm1TrFM57YH2AAAE (User: a@a.com)","service":"visual-whiteboard-api","timestamp":"2026-05-23 01:03:24"}
{"level":"info","message":"User a@a.com joined room whiteboard:6a06e877af1816f5fe51d5e5","service":"visual-whiteboard-api","timestamp":"2026-05-23 01:03:24"}
{"level":"info","message":"::1 - - [22/May/2026:19:33:25 +0000] \"GET /api/v1/media/proxy/b665f003aacafb455271e40a7480878f?token=eyJhbGciOiJIUzI1NiIsInR5cCI6IkpXVCJ9.eyJpZCI6IjZhMDVjOGEwZDk0ZjkxZmFiMTI4NGM0NyIsImlhdCI6MTc3OTQ3ODM4MiwiZXhwIjoxNzc5NDc5MjgyfQ.CDqNoYWWMroRAU1o1apRLIqsgEzhgbsi2tgCuUn9b2c HTTP/1.1\" 200 - \"http://localhost:5173/\" \"Mozilla/5.0 (Windows NT 10.0; Win64; x64) AppleWebKit/537.36 (KHTML, like Gecko) Chrome/148.0.0.0 Safari/537.36\"","service":"visual-whiteboard-api","timestamp":"2026-05-23 01:03:25"}
{"level":"info","message":"User a@a.com left room whiteboard:6a06e877af1816f5fe51d5e5","service":"visual-whiteboard-api","timestamp":"2026-05-23 01:08:51"}
{"level":"info","message":"::1 - - [22/May/2026:19:38:51 +0000] \"GET /api/v1/whiteboards/6a06e877af1816f5fe51d5e5 HTTP/1.1\" 304 - \"http://localhost:5173/\" \"Mozilla/5.0 (Windows NT 10.0; Win64; x64) AppleWebKit/537.36 (KHTML, like Gecko) Chrome/148.0.0.0 Safari/537.36\"","service":"visual-whiteboard-api","timestamp":"2026-05-23 01:08:51"}
{"level":"info","message":"::1 - - [22/May/2026:19:38:51 +0000] \"GET /api/v1/whiteboards/6a06e877af1816f5fe51d5e5 HTTP/1.1\" 304 - \"http://localhost:5173/\" \"Mozilla/5.0 (Windows NT 10.0; Win64; x64) AppleWebKit/537.36 (KHTML, like Gecko) Chrome/148.0.0.0 Safari/537.36\"","service":"visual-whiteboard-api","timestamp":"2026-05-23 01:08:51"}
{"level":"info","message":"⚡ Socket connected: bFJRxEoSpJAVxCtCAAAH (User: a@a.com)","service":"visual-whiteboard-api","timestamp":"2026-05-23 01:08:51"}
{"level":"info","message":"User a@a.com joined room whiteboard:6a06e877af1816f5fe51d5e5","service":"visual-whiteboard-api","timestamp":"2026-05-23 01:08:51"}
{"level":"info","message":"::1 - - [22/May/2026:19:38:56 +0000] \"GET /api/v1/media/proxy/b665f003aacafb455271e40a7480878f?token=eyJhbGciOiJIUzI1NiIsInR5cCI6IkpXVCJ9.eyJpZCI6IjZhMDVjOGEwZDk0ZjkxZmFiMTI4NGM0NyIsImlhdCI6MTc3OTQ3ODM4MiwiZXhwIjoxNzc5NDc5MjgyfQ.CDqNoYWWMroRAU1o1apRLIqsgEzhgbsi2tgCuUn9b2c HTTP/1.1\" 200 - \"http://localhost:5173/\" \"Mozilla/5.0 (Windows NT 10.0; Win64; x64) AppleWebKit/537.36 (KHTML, like Gecko) Chrome/148.0.0.0 Safari/537.36\"","service":"visual-whiteboard-api","timestamp":"2026-05-23 01:08:56"}
{"level":"info","message":"::1 - - [22/May/2026:19:40:52 +0000] \"PUT /api/v1/whiteboards/6a06e877af1816f5fe51d5e5/canvas HTTP/1.1\" 200 58 \"http://localhost:5173/\" \"Mozilla/5.0 (Windows NT 10.0; Win64; x64) AppleWebKit/537.36 (KHTML, like Gecko) Chrome/148.0.0.0 Safari/537.36\"","service":"visual-whiteboard-api","timestamp":"2026-05-23 01:10:52"}
{"level":"info","message":"User a@a.com left room whiteboard:6a06e877af1816f5fe51d5e5","service":"visual-whiteboard-api","timestamp":"2026-05-23 01:18:22"}
{"level":"error","message":"Authentication error: jwt expired","service":"visual-whiteboard-api","timestamp":"2026-05-23 01:18:22"}
{"level":"info","message":"::1 - - [22/May/2026:19:48:22 +0000] \"GET /api/v1/whiteboards HTTP/1.1\" 401 81 \"http://localhost:5173/\" \"Mozilla/5.0 (Windows NT 10.0; Win64; x64) AppleWebKit/537.36 (KHTML, like Gecko) Chrome/148.0.0.0 Safari/537.36\"","service":"visual-whiteboard-api","timestamp":"2026-05-23 01:18:22"}
{"level":"error","message":"Authentication error: jwt expired","service":"visual-whiteboard-api","timestamp":"2026-05-23 01:18:22"}
{"level":"info","message":"::1 - - [22/May/2026:19:48:22 +0000] \"GET /api/v1/whiteboards HTTP/1.1\" 401 81 \"http://localhost:5173/\" \"Mozilla/5.0 (Windows NT 10.0; Win64; x64) AppleWebKit/537.36 (KHTML, like Gecko) Chrome/148.0.0.0 Safari/537.36\"","service":"visual-whiteboard-api","timestamp":"2026-05-23 01:18:22"}
{"level":"info","message":"::1 - - [22/May/2026:19:48:31 +0000] \"POST /api/v1/auth/login HTTP/1.1\" 200 392 \"http://localhost:5173/\" \"Mozilla/5.0 (Windows NT 10.0; Win64; x64) AppleWebKit/537.36 (KHTML, like Gecko) Chrome/148.0.0.0 Safari/537.36\"","service":"visual-whiteboard-api","timestamp":"2026-05-23 01:18:31"}
{"level":"info","message":"::1 - - [22/May/2026:19:48:31 +0000] \"GET /api/v1/whiteboards HTTP/1.1\" 200 1150 \"http://localhost:5173/\" \"Mozilla/5.0 (Windows NT 10.0; Win64; x64) AppleWebKit/537.36 (KHTML, like Gecko) Chrome/148.0.0.0 Safari/537.36\"","service":"visual-whiteboard-api","timestamp":"2026-05-23 01:18:31"}
{"level":"info","message":"::1 - - [22/May/2026:19:48:31 +0000] \"GET /api/v1/whiteboards HTTP/1.1\" 304 - \"http://localhost:5173/\" \"Mozilla/5.0 (Windows NT 10.0; Win64; x64) AppleWebKit/537.36 (KHTML, like Gecko) Chrome/148.0.0.0 Safari/537.36\"","service":"visual-whiteboard-api","timestamp":"2026-05-23 01:18:31"}
{"level":"info","message":"::1 - - [22/May/2026:19:48:33 +0000] \"GET /api/v1/whiteboards/6a06e877af1816f5fe51d5e5 HTTP/1.1\" 200 31665 \"http://localhost:5173/\" \"Mozilla/5.0 (Windows NT 10.0; Win64; x64) AppleWebKit/537.36 (KHTML, like Gecko) Chrome/148.0.0.0 Safari/537.36\"","service":"visual-whiteboard-api","timestamp":"2026-05-23 01:18:33"}
{"level":"info","message":"⚡ Socket connected: fVFJkeJPJVOK4dMUAAAK (User: a@a.com)","service":"visual-whiteboard-api","timestamp":"2026-05-23 01:18:33"}
{"level":"info","message":"User a@a.com joined room whiteboard:6a06e877af1816f5fe51d5e5","service":"visual-whiteboard-api","timestamp":"2026-05-23 01:18:33"}
{"level":"info","message":"::1 - - [22/May/2026:19:48:34 +0000] \"GET /api/v1/media/proxy/b665f003aacafb455271e40a7480878f?token=eyJhbGciOiJIUzI1NiIsInR5cCI6IkpXVCJ9.eyJpZCI6IjZhMDVjOGEwZDk0ZjkxZmFiMTI4NGM0NyIsImlhdCI6MTc3OTQ3OTMxMSwiZXhwIjoxNzc5NDgwMjExfQ.v0pcDz8qREA8QOw-H7fJpT8Meg-C4KP9tHXKVMtXtgk HTTP/1.1\" 200 - \"http://localhost:5173/\" \"Mozilla/5.0 (Windows NT 10.0; Win64; x64) AppleWebKit/537.36 (KHTML, like Gecko) Chrome/148.0.0.0 Safari/537.36\"","service":"visual-whiteboard-api","timestamp":"2026-05-23 01:18:34"}
{"level":"info","message":"User a@a.com left room whiteboard:6a06e877af1816f5fe51d5e5","service":"visual-whiteboard-api","timestamp":"2026-05-23 01:26:40"}
{"level":"info","message":"::1 - - [22/May/2026:19:56:40 +0000] \"GET /api/v1/whiteboards/6a06e877af1816f5fe51d5e5 HTTP/1.1\" 304 - \"http://localhost:5173/\" \"Mozilla/5.0 (Windows NT 10.0; Win64; x64) AppleWebKit/537.36 (KHTML, like Gecko) Chrome/148.0.0.0 Safari/537.36\"","service":"visual-whiteboard-api","timestamp":"2026-05-23 01:26:40"}
{"level":"info","message":"::1 - - [22/May/2026:19:56:40 +0000] \"GET /api/v1/whiteboards/6a06e877af1816f5fe51d5e5 HTTP/1.1\" 304 - \"http://localhost:5173/\" \"Mozilla/5.0 (Windows NT 10.0; Win64; x64) AppleWebKit/537.36 (KHTML, like Gecko) Chrome/148.0.0.0 Safari/537.36\"","service":"visual-whiteboard-api","timestamp":"2026-05-23 01:26:40"}
{"level":"info","message":"⚡ Socket connected: LypLFZ5l6zdp3BvmAAAN (User: a@a.com)","service":"visual-whiteboard-api","timestamp":"2026-05-23 01:26:41"}
{"level":"info","message":"User a@a.com joined room whiteboard:6a06e877af1816f5fe51d5e5","service":"visual-whiteboard-api","timestamp":"2026-05-23 01:26:41"}
{"level":"info","message":"::1 - - [22/May/2026:19:56:42 +0000] \"GET /api/v1/media/proxy/b665f003aacafb455271e40a7480878f?token=eyJhbGciOiJIUzI1NiIsInR5cCI6IkpXVCJ9.eyJpZCI6IjZhMDVjOGEwZDk0ZjkxZmFiMTI4NGM0NyIsImlhdCI6MTc3OTQ3OTMxMSwiZXhwIjoxNzc5NDgwMjExfQ.v0pcDz8qREA8QOw-H7fJpT8Meg-C4KP9tHXKVMtXtgk HTTP/1.1\" 200 - \"http://localhost:5173/\" \"Mozilla/5.0 (Windows NT 10.0; Win64; x64) AppleWebKit/537.36 (KHTML, like Gecko) Chrome/148.0.0.0 Safari/537.36\"","service":"visual-whiteboard-api","timestamp":"2026-05-23 01:26:42"}
{"level":"info","message":"User a@a.com left room whiteboard:6a06e877af1816f5fe51d5e5","service":"visual-whiteboard-api","timestamp":"2026-05-23 01:30:55"}
{"level":"info","message":"::1 - - [22/May/2026:20:00:55 +0000] \"GET /api/v1/whiteboards HTTP/1.1\" 304 - \"http://localhost:5173/\" \"Mozilla/5.0 (Windows NT 10.0; Win64; x64) AppleWebKit/537.36 (KHTML, like Gecko) Chrome/148.0.0.0 Safari/537.36\"","service":"visual-whiteboard-api","timestamp":"2026-05-23 01:30:55"}
{"level":"info","message":"::1 - - [22/May/2026:20:00:55 +0000] \"GET /api/v1/whiteboards HTTP/1.1\" 304 - \"http://localhost:5173/\" \"Mozilla/5.0 (Windows NT 10.0; Win64; x64) AppleWebKit/537.36 (KHTML, like Gecko) Chrome/148.0.0.0 Safari/537.36\"","service":"visual-whiteboard-api","timestamp":"2026-05-23 01:30:55"}
{"level":"info","message":"::1 - - [22/May/2026:20:01:04 +0000] \"POST /api/v1/auth/login HTTP/1.1\" 200 392 \"http://localhost:5173/\" \"Mozilla/5.0 (Windows NT 10.0; Win64; x64) AppleWebKit/537.36 (KHTML, like Gecko) Chrome/148.0.0.0 Safari/537.36\"","service":"visual-whiteboard-api","timestamp":"2026-05-23 01:31:04"}
{"level":"info","message":"::1 - - [22/May/2026:20:01:04 +0000] \"GET /api/v1/whiteboards HTTP/1.1\" 304 - \"http://localhost:5173/\" \"Mozilla/5.0 (Windows NT 10.0; Win64; x64) AppleWebKit/537.36 (KHTML, like Gecko) Chrome/148.0.0.0 Safari/537.36\"","service":"visual-whiteboard-api","timestamp":"2026-05-23 01:31:04"}
{"level":"info","message":"::1 - - [22/May/2026:20:01:04 +0000] \"GET /api/v1/whiteboards HTTP/1.1\" 304 - \"http://localhost:5173/\" \"Mozilla/5.0 (Windows NT 10.0; Win64; x64) AppleWebKit/537.36 (KHTML, like Gecko) Chrome/148.0.0.0 Safari/537.36\"","service":"visual-whiteboard-api","timestamp":"2026-05-23 01:31:04"}
{"level":"info","message":"::1 - - [22/May/2026:20:01:05 +0000] \"GET /api/v1/whiteboards/6a06e877af1816f5fe51d5e5 HTTP/1.1\" 304 - \"http://localhost:5173/\" \"Mozilla/5.0 (Windows NT 10.0; Win64; x64) AppleWebKit/537.36 (KHTML, like Gecko) Chrome/148.0.0.0 Safari/537.36\"","service":"visual-whiteboard-api","timestamp":"2026-05-23 01:31:05"}
{"level":"info","message":"⚡ Socket connected: BkCYAjjWNQr0DBxaAAAQ (User: a@a.com)","service":"visual-whiteboard-api","timestamp":"2026-05-23 01:31:05"}
{"level":"info","message":"User a@a.com joined room whiteboard:6a06e877af1816f5fe51d5e5","service":"visual-whiteboard-api","timestamp":"2026-05-23 01:31:05"}
{"level":"info","message":"::1 - - [22/May/2026:20:01:06 +0000] \"GET /api/v1/media/proxy/b665f003aacafb455271e40a7480878f?token=eyJhbGciOiJIUzI1NiIsInR5cCI6IkpXVCJ9.eyJpZCI6IjZhMDVjOGEwZDk0ZjkxZmFiMTI4NGM0NyIsImlhdCI6MTc3OTQ4MDA2NCwiZXhwIjoxNzc5NDgwOTY0fQ.KGnFsbgYkgrm7ubO03TG5esNyNo9Ty6eS5cE54GvC94 HTTP/1.1\" 200 - \"http://localhost:5173/\" \"Mozilla/5.0 (Windows NT 10.0; Win64; x64) AppleWebKit/537.36 (KHTML, like Gecko) Chrome/148.0.0.0 Safari/537.36\"","service":"visual-whiteboard-api","timestamp":"2026-05-23 01:31:06"}
{"level":"info","message":"::1 - - [22/May/2026:20:01:22 +0000] \"PUT /api/v1/whiteboards/6a06e877af1816f5fe51d5e5/canvas HTTP/1.1\" 200 58 \"http://localhost:5173/\" \"Mozilla/5.0 (Windows NT 10.0; Win64; x64) AppleWebKit/537.36 (KHTML, like Gecko) Chrome/148.0.0.0 Safari/537.36\"","service":"visual-whiteboard-api","timestamp":"2026-05-23 01:31:22"}
{"level":"info","message":"::1 - - [22/May/2026:20:01:32 +0000] \"PUT /api/v1/whiteboards/6a06e877af1816f5fe51d5e5/canvas HTTP/1.1\" 200 58 \"http://localhost:5173/\" \"Mozilla/5.0 (Windows NT 10.0; Win64; x64) AppleWebKit/537.36 (KHTML, like Gecko) Chrome/148.0.0.0 Safari/537.36\"","service":"visual-whiteboard-api","timestamp":"2026-05-23 01:31:32"}
{"level":"info","message":"Graceful shutdown initiated...","service":"visual-whiteboard-api","timestamp":"2026-05-23 01:39:10"}
{"level":"info","message":"Connected to MongoDB","service":"visual-whiteboard-api","timestamp":"2026-05-23 01:39:14"}
{"level":"info","message":"🚀 Connected to Redis","service":"visual-whiteboard-api","timestamp":"2026-05-23 01:39:14"}
{"level":"info","message":"Server running in development mode on port 5000","service":"visual-whiteboard-api","timestamp":"2026-05-23 01:39:14"}
{"level":"info","message":"🚀 Socket.io Redis Adapter configured","service":"visual-whiteboard-api","timestamp":"2026-05-23 01:39:14"}
{"level":"info","message":"⚡ Socket connected: ijZ3xewaFSgyGSBcAAAB (User: a@a.com)","service":"visual-whiteboard-api","timestamp":"2026-05-23 01:39:14"}
{"level":"info","message":"User a@a.com joined room whiteboard:6a06e877af1816f5fe51d5e5","service":"visual-whiteboard-api","timestamp":"2026-05-23 01:39:14"}
{"level":"info","message":"User a@a.com left room whiteboard:6a06e877af1816f5fe51d5e5","service":"visual-whiteboard-api","timestamp":"2026-05-23 01:39:25"}
{"level":"info","message":"::1 - - [22/May/2026:20:09:26 +0000] \"GET /api/v1/whiteboards/6a06e877af1816f5fe51d5e5 HTTP/1.1\" 200 31650 \"http://localhost:5173/\" \"Mozilla/5.0 (Windows NT 10.0; Win64; x64) AppleWebKit/537.36 (KHTML, like Gecko) Chrome/148.0.0.0 Safari/537.36\"","service":"visual-whiteboard-api","timestamp":"2026-05-23 01:39:26"}
{"level":"info","message":"::1 - - [22/May/2026:20:09:26 +0000] \"GET /api/v1/whiteboards/6a06e877af1816f5fe51d5e5 HTTP/1.1\" 304 - \"http://localhost:5173/\" \"Mozilla/5.0 (Windows NT 10.0; Win64; x64) AppleWebKit/537.36 (KHTML, like Gecko) Chrome/148.0.0.0 Safari/537.36\"","service":"visual-whiteboard-api","timestamp":"2026-05-23 01:39:26"}
{"level":"info","message":"⚡ Socket connected: SEh9fY3EPhCsscGVAAAE (User: a@a.com)","service":"visual-whiteboard-api","timestamp":"2026-05-23 01:39:26"}
{"level":"info","message":"User a@a.com joined room whiteboard:6a06e877af1816f5fe51d5e5","service":"visual-whiteboard-api","timestamp":"2026-05-23 01:39:26"}
{"level":"info","message":"::1 - - [22/May/2026:20:09:27 +0000] \"GET /api/v1/media/proxy/b665f003aacafb455271e40a7480878f?token=eyJhbGciOiJIUzI1NiIsInR5cCI6IkpXVCJ9.eyJpZCI6IjZhMDVjOGEwZDk0ZjkxZmFiMTI4NGM0NyIsImlhdCI6MTc3OTQ4MDA2NCwiZXhwIjoxNzc5NDgwOTY0fQ.KGnFsbgYkgrm7ubO03TG5esNyNo9Ty6eS5cE54GvC94 HTTP/1.1\" 200 - \"http://localhost:5173/\" \"Mozilla/5.0 (Windows NT 10.0; Win64; x64) AppleWebKit/537.36 (KHTML, like Gecko) Chrome/148.0.0.0 Safari/537.36\"","service":"visual-whiteboard-api","timestamp":"2026-05-23 01:39:27"}
{"level":"info","message":"User a@a.com left room whiteboard:6a06e877af1816f5fe51d5e5","service":"visual-whiteboard-api","timestamp":"2026-05-23 01:39:36"}
{"level":"info","message":"::1 - - [22/May/2026:20:09:36 +0000] \"GET /api/v1/whiteboards HTTP/1.1\" 200 1150 \"http://localhost:5173/\" \"Mozilla/5.0 (Windows NT 10.0; Win64; x64) AppleWebKit/537.36 (KHTML, like Gecko) Chrome/148.0.0.0 Safari/537.36\"","service":"visual-whiteboard-api","timestamp":"2026-05-23 01:39:36"}
{"level":"info","message":"::1 - - [22/May/2026:20:09:36 +0000] \"GET /api/v1/whiteboards HTTP/1.1\" 304 - \"http://localhost:5173/\" \"Mozilla/5.0 (Windows NT 10.0; Win64; x64) AppleWebKit/537.36 (KHTML, like Gecko) Chrome/148.0.0.0 Safari/537.36\"","service":"visual-whiteboard-api","timestamp":"2026-05-23 01:39:36"}
{"level":"info","message":"::1 - - [22/May/2026:20:09:45 +0000] \"POST /api/v1/auth/login HTTP/1.1\" 200 392 \"http://localhost:5173/\" \"Mozilla/5.0 (Windows NT 10.0; Win64; x64) AppleWebKit/537.36 (KHTML, like Gecko) Chrome/148.0.0.0 Safari/537.36\"","service":"visual-whiteboard-api","timestamp":"2026-05-23 01:39:45"}
{"level":"info","message":"::1 - - [22/May/2026:20:09:45 +0000] \"GET /api/v1/whiteboards HTTP/1.1\" 304 - \"http://localhost:5173/\" \"Mozilla/5.0 (Windows NT 10.0; Win64; x64) AppleWebKit/537.36 (KHTML, like Gecko) Chrome/148.0.0.0 Safari/537.36\"","service":"visual-whiteboard-api","timestamp":"2026-05-23 01:39:45"}
{"level":"info","message":"::1 - - [22/May/2026:20:09:45 +0000] \"GET /api/v1/whiteboards HTTP/1.1\" 304 - \"http://localhost:5173/\" \"Mozilla/5.0 (Windows NT 10.0; Win64; x64) AppleWebKit/537.36 (KHTML, like Gecko) Chrome/148.0.0.0 Safari/537.36\"","service":"visual-whiteboard-api","timestamp":"2026-05-23 01:39:45"}
{"level":"info","message":"::1 - - [22/May/2026:20:10:10 +0000] \"GET /api/v1/whiteboards/6a06e877af1816f5fe51d5e5 HTTP/1.1\" 304 - \"http://localhost:5173/\" \"Mozilla/5.0 (Windows NT 10.0; Win64; x64) AppleWebKit/537.36 (KHTML, like Gecko) Chrome/148.0.0.0 Safari/537.36\"","service":"visual-whiteboard-api","timestamp":"2026-05-23 01:40:10"}
{"level":"info","message":"⚡ Socket connected: qzneT5wggL0kKqv_AAAH (User: a@a.com)","service":"visual-whiteboard-api","timestamp":"2026-05-23 01:40:10"}
{"level":"info","message":"User a@a.com joined room whiteboard:6a06e877af1816f5fe51d5e5","service":"visual-whiteboard-api","timestamp":"2026-05-23 01:40:10"}
{"level":"info","message":"::1 - - [22/May/2026:20:10:11 +0000] \"GET /api/v1/media/proxy/b665f003aacafb455271e40a7480878f?token=eyJhbGciOiJIUzI1NiIsInR5cCI6IkpXVCJ9.eyJpZCI6IjZhMDVjOGEwZDk0ZjkxZmFiMTI4NGM0NyIsImlhdCI6MTc3OTQ4MDU4NSwiZXhwIjoxNzc5NDgxNDg1fQ.I_tYyNi5MkB7R2T60EX298OtNHlp3V_TW-bB9ScS6KE HTTP/1.1\" 200 - \"http://localhost:5173/\" \"Mozilla/5.0 (Windows NT 10.0; Win64; x64) AppleWebKit/537.36 (KHTML, like Gecko) Chrome/148.0.0.0 Safari/537.36\"","service":"visual-whiteboard-api","timestamp":"2026-05-23 01:40:11"}
{"level":"info","message":"::1 - - [22/May/2026:20:10:38 +0000] \"PUT /api/v1/whiteboards/6a06e877af1816f5fe51d5e5/canvas HTTP/1.1\" 200 58 \"http://localhost:5173/\" \"Mozilla/5.0 (Windows NT 10.0; Win64; x64) AppleWebKit/537.36 (KHTML, like Gecko) Chrome/148.0.0.0 Safari/537.36\"","service":"visual-whiteboard-api","timestamp":"2026-05-23 01:40:38"}
{"level":"info","message":"User a@a.com left room whiteboard:6a06e877af1816f5fe51d5e5","service":"visual-whiteboard-api","timestamp":"2026-05-23 01:44:00"}
{"level":"info","message":"::1 - - [22/May/2026:20:14:01 +0000] \"GET /api/v1/whiteboards/6a06e877af1816f5fe51d5e5 HTTP/1.1\" 200 31650 \"http://localhost:5173/\" \"Mozilla/5.0 (Windows NT 10.0; Win64; x64) AppleWebKit/537.36 (KHTML, like Gecko) Chrome/148.0.0.0 Safari/537.36\"","service":"visual-whiteboard-api","timestamp":"2026-05-23 01:44:01"}
{"level":"info","message":"::1 - - [22/May/2026:20:14:01 +0000] \"GET /api/v1/whiteboards/6a06e877af1816f5fe51d5e5 HTTP/1.1\" 304 - \"http://localhost:5173/\" \"Mozilla/5.0 (Windows NT 10.0; Win64; x64) AppleWebKit/537.36 (KHTML, like Gecko) Chrome/148.0.0.0 Safari/537.36\"","service":"visual-whiteboard-api","timestamp":"2026-05-23 01:44:01"}
{"level":"info","message":"⚡ Socket connected: jsMFg3rzIQr2XEzuAAAK (User: a@a.com)","service":"visual-whiteboard-api","timestamp":"2026-05-23 01:44:01"}
{"level":"info","message":"User a@a.com joined room whiteboard:6a06e877af1816f5fe51d5e5","service":"visual-whiteboard-api","timestamp":"2026-05-23 01:44:01"}
{"level":"info","message":"Graceful shutdown initiated...","service":"visual-whiteboard-api","timestamp":"2026-05-23 01:44:01"}
{"level":"info","message":"Connected to MongoDB","service":"visual-whiteboard-api","timestamp":"2026-05-23 01:44:05"}
{"level":"info","message":"🚀 Connected to Redis","service":"visual-whiteboard-api","timestamp":"2026-05-23 01:44:05"}
{"level":"info","message":"Server running in development mode on port 5000","service":"visual-whiteboard-api","timestamp":"2026-05-23 01:44:05"}
{"level":"info","message":"🚀 Socket.io Redis Adapter configured","service":"visual-whiteboard-api","timestamp":"2026-05-23 01:44:05"}
{"level":"info","message":"⚡ Socket connected: fBAj6mddjUkKDG9pAAAB (User: a@a.com)","service":"visual-whiteboard-api","timestamp":"2026-05-23 01:44:05"}
{"level":"info","message":"User a@a.com joined room whiteboard:6a06e877af1816f5fe51d5e5","service":"visual-whiteboard-api","timestamp":"2026-05-23 01:44:05"}
{"level":"info","message":"User a@a.com left room whiteboard:6a06e877af1816f5fe51d5e5","service":"visual-whiteboard-api","timestamp":"2026-05-23 01:44:08"}
{"level":"info","message":"::1 - - [22/May/2026:20:14:08 +0000] \"GET /api/v1/whiteboards HTTP/1.1\" 200 1150 \"http://localhost:5173/\" \"Mozilla/5.0 (Windows NT 10.0; Win64; x64) AppleWebKit/537.36 (KHTML, like Gecko) Chrome/148.0.0.0 Safari/537.36\"","service":"visual-whiteboard-api","timestamp":"2026-05-23 01:44:08"}
{"level":"info","message":"::1 - - [22/May/2026:20:14:08 +0000] \"GET /api/v1/whiteboards HTTP/1.1\" 304 - \"http://localhost:5173/\" \"Mozilla/5.0 (Windows NT 10.0; Win64; x64) AppleWebKit/537.36 (KHTML, like Gecko) Chrome/148.0.0.0 Safari/537.36\"","service":"visual-whiteboard-api","timestamp":"2026-05-23 01:44:08"}
{"level":"info","message":"::1 - - [22/May/2026:20:14:32 +0000] \"GET /api/v1/whiteboards/6a06e877af1816f5fe51d5e5 HTTP/1.1\" 304 - \"http://localhost:5173/\" \"Mozilla/5.0 (Windows NT 10.0; Win64; x64) AppleWebKit/537.36 (KHTML, like Gecko) Chrome/148.0.0.0 Safari/537.36\"","service":"visual-whiteboard-api","timestamp":"2026-05-23 01:44:32"}
{"level":"info","message":"⚡ Socket connected: Oan1H1JekDbAg6hYAAAE (User: a@a.com)","service":"visual-whiteboard-api","timestamp":"2026-05-23 01:44:32"}
{"level":"info","message":"User a@a.com joined room whiteboard:6a06e877af1816f5fe51d5e5","service":"visual-whiteboard-api","timestamp":"2026-05-23 01:44:32"}
{"level":"info","message":"::1 - - [22/May/2026:20:14:33 +0000] \"GET /api/v1/media/proxy/b665f003aacafb455271e40a7480878f?token=eyJhbGciOiJIUzI1NiIsInR5cCI6IkpXVCJ9.eyJpZCI6IjZhMDVjOGEwZDk0ZjkxZmFiMTI4NGM0NyIsImlhdCI6MTc3OTQ4MDU4NSwiZXhwIjoxNzc5NDgxNDg1fQ.I_tYyNi5MkB7R2T60EX298OtNHlp3V_TW-bB9ScS6KE HTTP/1.1\" 200 - \"http://localhost:5173/\" \"Mozilla/5.0 (Windows NT 10.0; Win64; x64) AppleWebKit/537.36 (KHTML, like Gecko) Chrome/148.0.0.0 Safari/537.36\"","service":"visual-whiteboard-api","timestamp":"2026-05-23 01:44:33"}
{"level":"info","message":"::1 - - [22/May/2026:20:14:52 +0000] \"PUT /api/v1/whiteboards/6a06e877af1816f5fe51d5e5/canvas HTTP/1.1\" 200 58 \"http://localhost:5173/\" \"Mozilla/5.0 (Windows NT 10.0; Win64; x64) AppleWebKit/537.36 (KHTML, like Gecko) Chrome/148.0.0.0 Safari/537.36\"","service":"visual-whiteboard-api","timestamp":"2026-05-23 01:44:52"}
{"level":"info","message":"::1 - - [22/May/2026:20:15:00 +0000] \"PUT /api/v1/whiteboards/6a06e877af1816f5fe51d5e5/canvas HTTP/1.1\" 200 58 \"http://localhost:5173/\" \"Mozilla/5.0 (Windows NT 10.0; Win64; x64) AppleWebKit/537.36 (KHTML, like Gecko) Chrome/148.0.0.0 Safari/537.36\"","service":"visual-whiteboard-api","timestamp":"2026-05-23 01:45:00"}
{"level":"info","message":"::1 - - [22/May/2026:20:15:03 +0000] \"PUT /api/v1/whiteboards/6a06e877af1816f5fe51d5e5/canvas HTTP/1.1\" 200 58 \"http://localhost:5173/\" \"Mozilla/5.0 (Windows NT 10.0; Win64; x64) AppleWebKit/537.36 (KHTML, like Gecko) Chrome/148.0.0.0 Safari/537.36\"","service":"visual-whiteboard-api","timestamp":"2026-05-23 01:45:03"}
{"level":"info","message":"User a@a.com left room whiteboard:6a06e877af1816f5fe51d5e5","service":"visual-whiteboard-api","timestamp":"2026-05-23 01:49:53"}
{"level":"info","message":"::1 - - [22/May/2026:20:19:54 +0000] \"GET /api/v1/whiteboards/6a06e877af1816f5fe51d5e5 HTTP/1.1\" 200 30351 \"http://localhost:5173/\" \"Mozilla/5.0 (Windows NT 10.0; Win64; x64) AppleWebKit/537.36 (KHTML, like Gecko) Chrome/148.0.0.0 Safari/537.36\"","service":"visual-whiteboard-api","timestamp":"2026-05-23 01:49:54"}
{"level":"info","message":"::1 - - [22/May/2026:20:19:54 +0000] \"GET /api/v1/whiteboards/6a06e877af1816f5fe51d5e5 HTTP/1.1\" 304 - \"http://localhost:5173/\" \"Mozilla/5.0 (Windows NT 10.0; Win64; x64) AppleWebKit/537.36 (KHTML, like Gecko) Chrome/148.0.0.0 Safari/537.36\"","service":"visual-whiteboard-api","timestamp":"2026-05-23 01:49:54"}
{"level":"info","message":"⚡ Socket connected: UO1r1NA6p6MCvlAjAAAH (User: a@a.com)","service":"visual-whiteboard-api","timestamp":"2026-05-23 01:49:54"}
{"level":"info","message":"User a@a.com joined room whiteboard:6a06e877af1816f5fe51d5e5","service":"visual-whiteboard-api","timestamp":"2026-05-23 01:49:54"}
{"level":"info","message":"::1 - - [22/May/2026:20:19:55 +0000] \"GET /api/v1/media/proxy/b665f003aacafb455271e40a7480878f?token=eyJhbGciOiJIUzI1NiIsInR5cCI6IkpXVCJ9.eyJpZCI6IjZhMDVjOGEwZDk0ZjkxZmFiMTI4NGM0NyIsImlhdCI6MTc3OTQ4MDU4NSwiZXhwIjoxNzc5NDgxNDg1fQ.I_tYyNi5MkB7R2T60EX298OtNHlp3V_TW-bB9ScS6KE HTTP/1.1\" 200 - \"http://localhost:5173/\" \"Mozilla/5.0 (Windows NT 10.0; Win64; x64) AppleWebKit/537.36 (KHTML, like Gecko) Chrome/148.0.0.0 Safari/537.36\"","service":"visual-whiteboard-api","timestamp":"2026-05-23 01:49:55"}
{"level":"info","message":"Graceful shutdown initiated...","service":"visual-whiteboard-api","timestamp":"2026-05-23 01:49:56"}
{"level":"info","message":"Connected to MongoDB","service":"visual-whiteboard-api","timestamp":"2026-05-23 01:50:00"}
{"level":"info","message":"🚀 Connected to Redis","service":"visual-whiteboard-api","timestamp":"2026-05-23 01:50:00"}
{"level":"info","message":"Server running in development mode on port 5000","service":"visual-whiteboard-api","timestamp":"2026-05-23 01:50:00"}
{"level":"info","message":"🚀 Socket.io Redis Adapter configured","service":"visual-whiteboard-api","timestamp":"2026-05-23 01:50:00"}
{"level":"info","message":"⚡ Socket connected: aqDg4YW22CJ2TGMQAAAB (User: a@a.com)","service":"visual-whiteboard-api","timestamp":"2026-05-23 01:50:00"}
{"level":"info","message":"User a@a.com joined room whiteboard:6a06e877af1816f5fe51d5e5","service":"visual-whiteboard-api","timestamp":"2026-05-23 01:50:00"}
{"level":"info","message":"User a@a.com left room whiteboard:6a06e877af1816f5fe51d5e5","service":"visual-whiteboard-api","timestamp":"2026-05-23 01:55:04"}
{"level":"error","message":"Authentication error: jwt expired","service":"visual-whiteboard-api","timestamp":"2026-05-23 01:55:05"}
{"level":"info","message":"::1 - - [22/May/2026:20:25:05 +0000] \"GET /api/v1/whiteboards/6a06e877af1816f5fe51d5e5 HTTP/1.1\" 401 81 \"http://localhost:5173/\" \"Mozilla/5.0 (Windows NT 10.0; Win64; x64) AppleWebKit/537.36 (KHTML, like Gecko) Chrome/148.0.0.0 Safari/537.36\"","service":"visual-whiteboard-api","timestamp":"2026-05-23 01:55:05"}
{"level":"error","message":"Authentication error: jwt expired","service":"visual-whiteboard-api","timestamp":"2026-05-23 01:55:05"}
{"level":"info","message":"::1 - - [22/May/2026:20:25:05 +0000] \"GET /api/v1/whiteboards/6a06e877af1816f5fe51d5e5 HTTP/1.1\" 401 81 \"http://localhost:5173/\" \"Mozilla/5.0 (Windows NT 10.0; Win64; x64) AppleWebKit/537.36 (KHTML, like Gecko) Chrome/148.0.0.0 Safari/537.36\"","service":"visual-whiteboard-api","timestamp":"2026-05-23 01:55:05"}
{"level":"error","message":"Authentication error: jwt expired","service":"visual-whiteboard-api","timestamp":"2026-05-23 01:55:05"}
{"level":"info","message":"::1 - - [22/May/2026:20:25:05 +0000] \"GET /api/v1/whiteboards HTTP/1.1\" 401 81 \"http://localhost:5173/\" \"Mozilla/5.0 (Windows NT 10.0; Win64; x64) AppleWebKit/537.36 (KHTML, like Gecko) Chrome/148.0.0.0 Safari/537.36\"","service":"visual-whiteboard-api","timestamp":"2026-05-23 01:55:05"}
{"level":"error","message":"Authentication error: jwt expired","service":"visual-whiteboard-api","timestamp":"2026-05-23 01:55:05"}
{"level":"info","message":"::1 - - [22/May/2026:20:25:05 +0000] \"GET /api/v1/whiteboards HTTP/1.1\" 401 81 \"http://localhost:5173/\" \"Mozilla/5.0 (Windows NT 10.0; Win64; x64) AppleWebKit/537.36 (KHTML, like Gecko) Chrome/148.0.0.0 Safari/537.36\"","service":"visual-whiteboard-api","timestamp":"2026-05-23 01:55:05"}
{"level":"info","message":"::1 - - [22/May/2026:20:25:14 +0000] \"POST /api/v1/auth/login HTTP/1.1\" 200 392 \"http://localhost:5173/\" \"Mozilla/5.0 (Windows NT 10.0; Win64; x64) AppleWebKit/537.36 (KHTML, like Gecko) Chrome/148.0.0.0 Safari/537.36\"","service":"visual-whiteboard-api","timestamp":"2026-05-23 01:55:14"}
{"level":"info","message":"::1 - - [22/May/2026:20:25:14 +0000] \"GET /api/v1/whiteboards HTTP/1.1\" 200 1150 \"http://localhost:5173/\" \"Mozilla/5.0 (Windows NT 10.0; Win64; x64) AppleWebKit/537.36 (KHTML, like Gecko) Chrome/148.0.0.0 Safari/537.36\"","service":"visual-whiteboard-api","timestamp":"2026-05-23 01:55:14"}
{"level":"info","message":"::1 - - [22/May/2026:20:25:14 +0000] \"GET /api/v1/whiteboards HTTP/1.1\" 304 - \"http://localhost:5173/\" \"Mozilla/5.0 (Windows NT 10.0; Win64; x64) AppleWebKit/537.36 (KHTML, like Gecko) Chrome/148.0.0.0 Safari/537.36\"","service":"visual-whiteboard-api","timestamp":"2026-05-23 01:55:14"}
{"level":"info","message":"::1 - - [22/May/2026:20:25:16 +0000] \"GET /api/v1/whiteboards/6a06e877af1816f5fe51d5e5 HTTP/1.1\" 304 - \"http://localhost:5173/\" \"Mozilla/5.0 (Windows NT 10.0; Win64; x64) AppleWebKit/537.36 (KHTML, like Gecko) Chrome/148.0.0.0 Safari/537.36\"","service":"visual-whiteboard-api","timestamp":"2026-05-23 01:55:16"}
{"level":"info","message":"⚡ Socket connected: LXz7mrQLp0iPrLfHAAAE (User: a@a.com)","service":"visual-whiteboard-api","timestamp":"2026-05-23 01:55:16"}
{"level":"info","message":"User a@a.com joined room whiteboard:6a06e877af1816f5fe51d5e5","service":"visual-whiteboard-api","timestamp":"2026-05-23 01:55:16"}
{"level":"info","message":"::1 - - [22/May/2026:20:25:17 +0000] \"GET /api/v1/media/proxy/b665f003aacafb455271e40a7480878f?token=eyJhbGciOiJIUzI1NiIsInR5cCI6IkpXVCJ9.eyJpZCI6IjZhMDVjOGEwZDk0ZjkxZmFiMTI4NGM0NyIsImlhdCI6MTc3OTQ4MTUxNCwiZXhwIjoxNzc5NDgyNDE0fQ.lik9dJysknsnF6NH2eCQFk39sXYV1pfWag85OYPrbxE HTTP/1.1\" 200 - \"http://localhost:5173/\" \"Mozilla/5.0 (Windows NT 10.0; Win64; x64) AppleWebKit/537.36 (KHTML, like Gecko) Chrome/148.0.0.0 Safari/537.36\"","service":"visual-whiteboard-api","timestamp":"2026-05-23 01:55:17"}
{"level":"info","message":"::1 - - [22/May/2026:20:26:00 +0000] \"PUT /api/v1/whiteboards/6a06e877af1816f5fe51d5e5/canvas HTTP/1.1\" 200 58 \"http://localhost:5173/\" \"Mozilla/5.0 (Windows NT 10.0; Win64; x64) AppleWebKit/537.36 (KHTML, like Gecko) Chrome/148.0.0.0 Safari/537.36\"","service":"visual-whiteboard-api","timestamp":"2026-05-23 01:56:00"}
{"level":"info","message":"User a@a.com left room whiteboard:6a06e877af1816f5fe51d5e5","service":"visual-whiteboard-api","timestamp":"2026-05-23 02:06:34"}
{"level":"error","message":"Authentication error: jwt expired","service":"visual-whiteboard-api","timestamp":"2026-05-23 02:51:23"}
{"level":"info","message":"::1 - - [22/May/2026:21:21:23 +0000] \"GET /api/v1/whiteboards HTTP/1.1\" 401 81 \"http://localhost:5173/\" \"Mozilla/5.0 (Windows NT 10.0; Win64; x64) AppleWebKit/537.36 (KHTML, like Gecko) Chrome/148.0.0.0 Safari/537.36\"","service":"visual-whiteboard-api","timestamp":"2026-05-23 02:51:23"}
{"level":"error","message":"Authentication error: jwt expired","service":"visual-whiteboard-api","timestamp":"2026-05-23 02:51:23"}
{"level":"info","message":"::1 - - [22/May/2026:21:21:23 +0000] \"GET /api/v1/whiteboards HTTP/1.1\" 401 81 \"http://localhost:5173/\" \"Mozilla/5.0 (Windows NT 10.0; Win64; x64) AppleWebKit/537.36 (KHTML, like Gecko) Chrome/148.0.0.0 Safari/537.36\"","service":"visual-whiteboard-api","timestamp":"2026-05-23 02:51:23"}
{"level":"info","message":"::1 - - [22/May/2026:21:40:28 +0000] \"POST /api/v1/auth/login HTTP/1.1\" 200 392 \"http://localhost:5173/\" \"Mozilla/5.0 (Windows NT 10.0; Win64; x64) AppleWebKit/537.36 (KHTML, like Gecko) Chrome/148.0.0.0 Safari/537.36\"","service":"visual-whiteboard-api","timestamp":"2026-05-23 03:10:28"}
{"level":"info","message":"::1 - - [22/May/2026:21:40:28 +0000] \"GET /api/v1/whiteboards HTTP/1.1\" 304 - \"http://localhost:5173/\" \"Mozilla/5.0 (Windows NT 10.0; Win64; x64) AppleWebKit/537.36 (KHTML, like Gecko) Chrome/148.0.0.0 Safari/537.36\"","service":"visual-whiteboard-api","timestamp":"2026-05-23 03:10:28"}
{"level":"info","message":"::1 - - [22/May/2026:21:40:28 +0000] \"GET /api/v1/whiteboards HTTP/1.1\" 304 - \"http://localhost:5173/\" \"Mozilla/5.0 (Windows NT 10.0; Win64; x64) AppleWebKit/537.36 (KHTML, like Gecko) Chrome/148.0.0.0 Safari/537.36\"","service":"visual-whiteboard-api","timestamp":"2026-05-23 03:10:28"}
{"level":"info","message":"::1 - - [22/May/2026:21:40:31 +0000] \"GET /api/v1/whiteboards/6a06e877af1816f5fe51d5e5 HTTP/1.1\" 304 - \"http://localhost:5173/\" \"Mozilla/5.0 (Windows NT 10.0; Win64; x64) AppleWebKit/537.36 (KHTML, like Gecko) Chrome/148.0.0.0 Safari/537.36\"","service":"visual-whiteboard-api","timestamp":"2026-05-23 03:10:31"}
{"level":"info","message":"⚡ Socket connected: vd2REU2KJ41IOpsFAAAH (User: a@a.com)","service":"visual-whiteboard-api","timestamp":"2026-05-23 03:10:31"}
{"level":"info","message":"User a@a.com joined room whiteboard:6a06e877af1816f5fe51d5e5","service":"visual-whiteboard-api","timestamp":"2026-05-23 03:10:31"}
{"level":"info","message":"::1 - - [22/May/2026:21:40:32 +0000] \"GET /api/v1/media/proxy/b665f003aacafb455271e40a7480878f?token=eyJhbGciOiJIUzI1NiIsInR5cCI6IkpXVCJ9.eyJpZCI6IjZhMDVjOGEwZDk0ZjkxZmFiMTI4NGM0NyIsImlhdCI6MTc3OTQ4NjAyOCwiZXhwIjoxNzc5NDg2OTI4fQ.SmV0vDDc8HuRtJSb6YMBSMbA4f73S37KkX_4AR9tYMA HTTP/1.1\" 200 - \"http://localhost:5173/\" \"Mozilla/5.0 (Windows NT 10.0; Win64; x64) AppleWebKit/537.36 (KHTML, like Gecko) Chrome/148.0.0.0 Safari/537.36\"","service":"visual-whiteboard-api","timestamp":"2026-05-23 03:10:32"}
{"level":"info","message":"User a@a.com left room whiteboard:6a06e877af1816f5fe51d5e5","service":"visual-whiteboard-api","timestamp":"2026-05-23 03:20:08"}
{"level":"info","message":"::1 - - [22/May/2026:21:50:08 +0000] \"GET /api/v1/whiteboards HTTP/1.1\" 304 - \"http://localhost:5173/\" \"Mozilla/5.0 (Windows NT 10.0; Win64; x64) AppleWebKit/537.36 (KHTML, like Gecko) Chrome/148.0.0.0 Safari/537.36\"","service":"visual-whiteboard-api","timestamp":"2026-05-23 03:20:08"}
{"level":"info","message":"::1 - - [22/May/2026:21:50:08 +0000] \"GET /api/v1/whiteboards HTTP/1.1\" 304 - \"http://localhost:5173/\" \"Mozilla/5.0 (Windows NT 10.0; Win64; x64) AppleWebKit/537.36 (KHTML, like Gecko) Chrome/148.0.0.0 Safari/537.36\"","service":"visual-whiteboard-api","timestamp":"2026-05-23 03:20:08"}
{"level":"error","message":"Authentication error: jwt expired","service":"visual-whiteboard-api","timestamp":"2026-05-23 03:29:02"}
{"level":"info","message":"::1 - - [22/May/2026:21:59:02 +0000] \"GET /api/v1/whiteboards HTTP/1.1\" 401 81 \"http://localhost:5173/\" \"Mozilla/5.0 (Windows NT 10.0; Win64; x64) AppleWebKit/537.36 (KHTML, like Gecko) Chrome/148.0.0.0 Safari/537.36\"","service":"visual-whiteboard-api","timestamp":"2026-05-23 03:29:02"}
{"level":"error","message":"Authentication error: jwt expired","service":"visual-whiteboard-api","timestamp":"2026-05-23 03:29:02"}
{"level":"info","message":"::1 - - [22/May/2026:21:59:02 +0000] \"GET /api/v1/whiteboards HTTP/1.1\" 401 81 \"http://localhost:5173/\" \"Mozilla/5.0 (Windows NT 10.0; Win64; x64) AppleWebKit/537.36 (KHTML, like Gecko) Chrome/148.0.0.0 Safari/537.36\"","service":"visual-whiteboard-api","timestamp":"2026-05-23 03:29:02"}
{"level":"error","message":"Authentication error: jwt expired","service":"visual-whiteboard-api","timestamp":"2026-05-23 03:29:07"}
{"level":"info","message":"::1 - - [22/May/2026:21:59:07 +0000] \"GET /api/v1/whiteboards HTTP/1.1\" 401 81 \"http://localhost:5173/\" \"Mozilla/5.0 (Windows NT 10.0; Win64; x64) AppleWebKit/537.36 (KHTML, like Gecko) Chrome/148.0.0.0 Safari/537.36\"","service":"visual-whiteboard-api","timestamp":"2026-05-23 03:29:07"}
{"level":"error","message":"Authentication error: jwt expired","service":"visual-whiteboard-api","timestamp":"2026-05-23 03:29:07"}
{"level":"info","message":"::1 - - [22/May/2026:21:59:07 +0000] \"GET /api/v1/whiteboards HTTP/1.1\" 401 81 \"http://localhost:5173/\" \"Mozilla/5.0 (Windows NT 10.0; Win64; x64) AppleWebKit/537.36 (KHTML, like Gecko) Chrome/148.0.0.0 Safari/537.36\"","service":"visual-whiteboard-api","timestamp":"2026-05-23 03:29:07"}
{"level":"info","message":"::1 - - [22/May/2026:22:31:41 +0000] \"POST /api/v1/auth/login HTTP/1.1\" 200 392 \"http://localhost:5173/\" \"Mozilla/5.0 (Windows NT 10.0; Win64; x64) AppleWebKit/537.36 (KHTML, like Gecko) Chrome/148.0.0.0 Safari/537.36\"","service":"visual-whiteboard-api","timestamp":"2026-05-23 04:01:41"}
{"level":"info","message":"::1 - - [22/May/2026:22:31:41 +0000] \"GET /api/v1/whiteboards HTTP/1.1\" 304 - \"http://localhost:5173/\" \"Mozilla/5.0 (Windows NT 10.0; Win64; x64) AppleWebKit/537.36 (KHTML, like Gecko) Chrome/148.0.0.0 Safari/537.36\"","service":"visual-whiteboard-api","timestamp":"2026-05-23 04:01:41"}
{"level":"info","message":"::1 - - [22/May/2026:22:31:41 +0000] \"GET /api/v1/whiteboards HTTP/1.1\" 304 - \"http://localhost:5173/\" \"Mozilla/5.0 (Windows NT 10.0; Win64; x64) AppleWebKit/537.36 (KHTML, like Gecko) Chrome/148.0.0.0 Safari/537.36\"","service":"visual-whiteboard-api","timestamp":"2026-05-23 04:01:41"}
{"level":"info","message":"::1 - - [22/May/2026:22:31:53 +0000] \"GET /api/v1/whiteboards/6a06e877af1816f5fe51d5e5 HTTP/1.1\" 304 - \"http://localhost:5173/\" \"Mozilla/5.0 (Windows NT 10.0; Win64; x64) AppleWebKit/537.36 (KHTML, like Gecko) Chrome/148.0.0.0 Safari/537.36\"","service":"visual-whiteboard-api","timestamp":"2026-05-23 04:01:53"}
{"level":"info","message":"⚡ Socket connected: GBQNPitB3UHxq9dQAAAK (User: a@a.com)","service":"visual-whiteboard-api","timestamp":"2026-05-23 04:01:53"}
{"level":"info","message":"User a@a.com joined room whiteboard:6a06e877af1816f5fe51d5e5","service":"visual-whiteboard-api","timestamp":"2026-05-23 04:01:53"}
{"level":"info","message":"::1 - - [22/May/2026:22:31:54 +0000] \"GET /api/v1/media/proxy/b665f003aacafb455271e40a7480878f?token=eyJhbGciOiJIUzI1NiIsInR5cCI6IkpXVCJ9.eyJpZCI6IjZhMDVjOGEwZDk0ZjkxZmFiMTI4NGM0NyIsImlhdCI6MTc3OTQ4OTEwMSwiZXhwIjoxNzc5NDkwMDAxfQ.W1ws3NKc7oFBLzCi7clyD9uUAJl-5AxTBe5GGuldCKo HTTP/1.1\" 200 - \"http://localhost:5173/\" \"Mozilla/5.0 (Windows NT 10.0; Win64; x64) AppleWebKit/537.36 (KHTML, like Gecko) Chrome/148.0.0.0 Safari/537.36\"","service":"visual-whiteboard-api","timestamp":"2026-05-23 04:01:54"}
{"level":"info","message":"::1 - - [22/May/2026:22:32:05 +0000] \"PUT /api/v1/whiteboards/6a06e877af1816f5fe51d5e5/canvas HTTP/1.1\" 200 58 \"http://localhost:5173/\" \"Mozilla/5.0 (Windows NT 10.0; Win64; x64) AppleWebKit/537.36 (KHTML, like Gecko) Chrome/148.0.0.0 Safari/537.36\"","service":"visual-whiteboard-api","timestamp":"2026-05-23 04:02:05"}
{"level":"info","message":"::1 - - [22/May/2026:22:32:08 +0000] \"PUT /api/v1/whiteboards/6a06e877af1816f5fe51d5e5/canvas HTTP/1.1\" 200 58 \"http://localhost:5173/\" \"Mozilla/5.0 (Windows NT 10.0; Win64; x64) AppleWebKit/537.36 (KHTML, like Gecko) Chrome/148.0.0.0 Safari/537.36\"","service":"visual-whiteboard-api","timestamp":"2026-05-23 04:02:08"}
{"level":"info","message":"::1 - - [22/May/2026:22:32:10 +0000] \"PUT /api/v1/whiteboards/6a06e877af1816f5fe51d5e5/canvas HTTP/1.1\" 200 58 \"http://localhost:5173/\" \"Mozilla/5.0 (Windows NT 10.0; Win64; x64) AppleWebKit/537.36 (KHTML, like Gecko) Chrome/148.0.0.0 Safari/537.36\"","service":"visual-whiteboard-api","timestamp":"2026-05-23 04:02:10"}
{"level":"info","message":"::1 - - [22/May/2026:22:32:25 +0000] \"PUT /api/v1/whiteboards/6a06e877af1816f5fe51d5e5/canvas HTTP/1.1\" 200 58 \"http://localhost:5173/\" \"Mozilla/5.0 (Windows NT 10.0; Win64; x64) AppleWebKit/537.36 (KHTML, like Gecko) Chrome/148.0.0.0 Safari/537.36\"","service":"visual-whiteboard-api","timestamp":"2026-05-23 04:02:25"}
{"level":"info","message":"::1 - - [22/May/2026:22:32:43 +0000] \"PUT /api/v1/whiteboards/6a06e877af1816f5fe51d5e5/canvas HTTP/1.1\" 200 58 \"http://localhost:5173/\" \"Mozilla/5.0 (Windows NT 10.0; Win64; x64) AppleWebKit/537.36 (KHTML, like Gecko) Chrome/148.0.0.0 Safari/537.36\"","service":"visual-whiteboard-api","timestamp":"2026-05-23 04:02:43"}
{"level":"info","message":"::1 - - [22/May/2026:22:32:47 +0000] \"PUT /api/v1/whiteboards/6a06e877af1816f5fe51d5e5/canvas HTTP/1.1\" 200 58 \"http://localhost:5173/\" \"Mozilla/5.0 (Windows NT 10.0; Win64; x64) AppleWebKit/537.36 (KHTML, like Gecko) Chrome/148.0.0.0 Safari/537.36\"","service":"visual-whiteboard-api","timestamp":"2026-05-23 04:02:47"}
{"level":"info","message":"::1 - - [22/May/2026:22:32:53 +0000] \"PUT /api/v1/whiteboards/6a06e877af1816f5fe51d5e5/canvas HTTP/1.1\" 200 58 \"http://localhost:5173/\" \"Mozilla/5.0 (Windows NT 10.0; Win64; x64) AppleWebKit/537.36 (KHTML, like Gecko) Chrome/148.0.0.0 Safari/537.36\"","service":"visual-whiteboard-api","timestamp":"2026-05-23 04:02:53"}
{"level":"info","message":"::1 - - [22/May/2026:22:33:01 +0000] \"PUT /api/v1/whiteboards/6a06e877af1816f5fe51d5e5/canvas HTTP/1.1\" 200 58 \"http://localhost:5173/\" \"Mozilla/5.0 (Windows NT 10.0; Win64; x64) AppleWebKit/537.36 (KHTML, like Gecko) Chrome/148.0.0.0 Safari/537.36\"","service":"visual-whiteboard-api","timestamp":"2026-05-23 04:03:01"}
{"level":"info","message":"::1 - - [22/May/2026:22:33:26 +0000] \"POST /api/v1/whiteboards/6a06e877af1816f5fe51d5e5/analyze HTTP/1.1\" 200 688 \"http://localhost:5173/\" \"Mozilla/5.0 (Windows NT 10.0; Win64; x64) AppleWebKit/537.36 (KHTML, like Gecko) Chrome/148.0.0.0 Safari/537.36\"","service":"visual-whiteboard-api","timestamp":"2026-05-23 04:03:26"}
{"level":"info","message":"User a@a.com left room whiteboard:6a06e877af1816f5fe51d5e5","service":"visual-whiteboard-api","timestamp":"2026-05-23 04:03:26"}
{"level":"info","message":"::1 - - [22/May/2026:22:33:27 +0000] \"GET /api/v1/whiteboards/6a06e877af1816f5fe51d5e5 HTTP/1.1\" 200 31016 \"http://localhost:5173/\" \"Mozilla/5.0 (Windows NT 10.0; Win64; x64) AppleWebKit/537.36 (KHTML, like Gecko) Chrome/148.0.0.0 Safari/537.36\"","service":"visual-whiteboard-api","timestamp":"2026-05-23 04:03:27"}
{"level":"info","message":"⚡ Socket connected: Jr2iVlADwxBL669MAAAM (User: a@a.com)","service":"visual-whiteboard-api","timestamp":"2026-05-23 04:03:27"}
{"level":"info","message":"⚡ Socket connected: oyS0iMAlyD1_Q8q8AAAO (User: a@a.com)","service":"visual-whiteboard-api","timestamp":"2026-05-23 04:03:27"}
{"level":"info","message":"User a@a.com joined room whiteboard:6a06e877af1816f5fe51d5e5","service":"visual-whiteboard-api","timestamp":"2026-05-23 04:03:27"}
{"level":"info","message":"User a@a.com left room whiteboard:6a06e877af1816f5fe51d5e5","service":"visual-whiteboard-api","timestamp":"2026-05-23 04:03:49"}
{"level":"info","message":"Graceful shutdown initiated...","service":"visual-whiteboard-api","timestamp":"2026-05-23 04:04:00"}
{"level":"info","message":"Connected to MongoDB","service":"visual-whiteboard-api","timestamp":"2026-05-26 16:02:09"}
{"code":"ECONNREFUSED","level":"error","message":"Redis Client Error","service":"visual-whiteboard-api","stack":"AggregateError [ECONNREFUSED]: \n    at internalConnectMultiple (node:net:1142:49)\n    at afterConnectMultiple (node:net:1723:7)","timestamp":"2026-05-26 16:02:09"}
{"code":"ECONNREFUSED","level":"error","message":"Redis Client Error","service":"visual-whiteboard-api","stack":"AggregateError [ECONNREFUSED]: \n    at internalConnectMultiple (node:net:1142:49)\n    at afterConnectMultiple (node:net:1723:7)","timestamp":"2026-05-26 16:02:09"}
{"code":"ECONNREFUSED","level":"error","message":"Redis Client Error","service":"visual-whiteboard-api","stack":"AggregateError [ECONNREFUSED]: \n    at internalConnectMultiple (node:net:1142:49)\n    at afterConnectMultiple (node:net:1723:7)","timestamp":"2026-05-26 16:02:09"}
{"code":"ECONNREFUSED","level":"error","message":"Redis Client Error","service":"visual-whiteboard-api","stack":"AggregateError [ECONNREFUSED]: \n    at internalConnectMultiple (node:net:1142:49)\n    at afterConnectMultiple (node:net:1723:7)","timestamp":"2026-05-26 16:02:09"}
{"code":"ECONNREFUSED","level":"error","message":"Redis Client Error","service":"visual-whiteboard-api","stack":"AggregateError [ECONNREFUSED]: \n    at internalConnectMultiple (node:net:1142:49)\n    at afterConnectMultiple (node:net:1723:7)","timestamp":"2026-05-26 16:02:10"}
{"code":"ECONNREFUSED","level":"error","message":"Redis Client Error","service":"visual-whiteboard-api","stack":"AggregateError [ECONNREFUSED]: \n    at internalConnectMultiple (node:net:1142:49)\n    at afterConnectMultiple (node:net:1723:7)","timestamp":"2026-05-26 16:02:11"}
{"code":"ECONNREFUSED","level":"error","message":"Redis Client Error","service":"visual-whiteboard-api","stack":"AggregateError [ECONNREFUSED]: \n    at internalConnectMultiple (node:net:1142:49)\n    at afterConnectMultiple (node:net:1723:7)","timestamp":"2026-05-26 16:02:13"}
{"level":"info","message":"🚀 Connected to Redis","service":"visual-whiteboard-api","timestamp":"2026-05-26 16:02:15"}
{"level":"info","message":"Server running in development mode on port 5000","service":"visual-whiteboard-api","timestamp":"2026-05-26 16:02:15"}
{"level":"info","message":"🚀 Socket.io Redis Adapter configured","service":"visual-whiteboard-api","timestamp":"2026-05-26 16:02:15"}
{"level":"info","message":"::1 - - [26/May/2026:10:33:23 +0000] \"POST /api/v1/auth/login HTTP/1.1\" 200 392 \"http://localhost:5173/\" \"Mozilla/5.0 (Windows NT 10.0; Win64; x64) AppleWebKit/537.36 (KHTML, like Gecko) Chrome/148.0.0.0 Safari/537.36\"","service":"visual-whiteboard-api","timestamp":"2026-05-26 16:03:23"}
{"level":"info","message":"::1 - - [26/May/2026:10:33:23 +0000] \"GET /api/v1/whiteboards HTTP/1.1\" 200 1824 \"http://localhost:5173/\" \"Mozilla/5.0 (Windows NT 10.0; Win64; x64) AppleWebKit/537.36 (KHTML, like Gecko) Chrome/148.0.0.0 Safari/537.36\"","service":"visual-whiteboard-api","timestamp":"2026-05-26 16:03:23"}
{"level":"info","message":"::1 - - [26/May/2026:10:33:23 +0000] \"GET /api/v1/whiteboards HTTP/1.1\" 304 - \"http://localhost:5173/\" \"Mozilla/5.0 (Windows NT 10.0; Win64; x64) AppleWebKit/537.36 (KHTML, like Gecko) Chrome/148.0.0.0 Safari/537.36\"","service":"visual-whiteboard-api","timestamp":"2026-05-26 16:03:23"}
{"level":"info","message":"::1 - - [26/May/2026:10:33:24 +0000] \"GET /api/v1/whiteboards/6a06e877af1816f5fe51d5e5 HTTP/1.1\" 200 31016 \"http://localhost:5173/\" \"Mozilla/5.0 (Windows NT 10.0; Win64; x64) AppleWebKit/537.36 (KHTML, like Gecko) Chrome/148.0.0.0 Safari/537.36\"","service":"visual-whiteboard-api","timestamp":"2026-05-26 16:03:24"}
{"level":"info","message":"⚡ Socket connected: LSAxGFaPvxmEp_uqAAAC (User: a@a.com)","service":"visual-whiteboard-api","timestamp":"2026-05-26 16:03:24"}
{"level":"info","message":"User a@a.com joined room whiteboard:6a06e877af1816f5fe51d5e5","service":"visual-whiteboard-api","timestamp":"2026-05-26 16:03:25"}
{"level":"info","message":"::1 - - [26/May/2026:10:33:28 +0000] \"GET /api/v1/media/proxy/b665f003aacafb455271e40a7480878f?token=eyJhbGciOiJIUzI1NiIsInR5cCI6IkpXVCJ9.eyJpZCI6IjZhMDVjOGEwZDk0ZjkxZmFiMTI4NGM0NyIsImlhdCI6MTc3OTc5MTYwMywiZXhwIjoxNzc5NzkyNTAzfQ.lZ4ab9GwQNIuDNvYaCBi8pSp-xfrtqEybPZSRwaQpvs HTTP/1.1\" 200 - \"http://localhost:5173/\" \"Mozilla/5.0 (Windows NT 10.0; Win64; x64) AppleWebKit/537.36 (KHTML, like Gecko) Chrome/148.0.0.0 Safari/537.36\"","service":"visual-whiteboard-api","timestamp":"2026-05-26 16:03:28"}
{"level":"info","message":"::1 - - [26/May/2026:10:33:41 +0000] \"PUT /api/v1/whiteboards/6a06e877af1816f5fe51d5e5/canvas HTTP/1.1\" 200 58 \"http://localhost:5173/\" \"Mozilla/5.0 (Windows NT 10.0; Win64; x64) AppleWebKit/537.36 (KHTML, like Gecko) Chrome/148.0.0.0 Safari/537.36\"","service":"visual-whiteboard-api","timestamp":"2026-05-26 16:03:41"}
{"level":"info","message":"::1 - - [26/May/2026:10:34:40 +0000] \"PUT /api/v1/whiteboards/6a06e877af1816f5fe51d5e5/canvas HTTP/1.1\" 200 58 \"http://localhost:5173/\" \"Mozilla/5.0 (Windows NT 10.0; Win64; x64) AppleWebKit/537.36 (KHTML, like Gecko) Chrome/148.0.0.0 Safari/537.36\"","service":"visual-whiteboard-api","timestamp":"2026-05-26 16:04:40"}
{"level":"info","message":"::1 - - [26/May/2026:10:34:50 +0000] \"PUT /api/v1/whiteboards/6a06e877af1816f5fe51d5e5/canvas HTTP/1.1\" 200 58 \"http://localhost:5173/\" \"Mozilla/5.0 (Windows NT 10.0; Win64; x64) AppleWebKit/537.36 (KHTML, like Gecko) Chrome/148.0.0.0 Safari/537.36\"","service":"visual-whiteboard-api","timestamp":"2026-05-26 16:04:50"}
{"level":"info","message":"::1 - - [26/May/2026:10:35:09 +0000] \"PUT /api/v1/whiteboards/6a06e877af1816f5fe51d5e5/canvas HTTP/1.1\" 200 58 \"http://localhost:5173/\" \"Mozilla/5.0 (Windows NT 10.0; Win64; x64) AppleWebKit/537.36 (KHTML, like Gecko) Chrome/148.0.0.0 Safari/537.36\"","service":"visual-whiteboard-api","timestamp":"2026-05-26 16:05:09"}
{"level":"info","message":"::1 - - [26/May/2026:10:35:11 +0000] \"PUT /api/v1/whiteboards/6a06e877af1816f5fe51d5e5/canvas HTTP/1.1\" 200 58 \"http://localhost:5173/\" \"Mozilla/5.0 (Windows NT 10.0; Win64; x64) AppleWebKit/537.36 (KHTML, like Gecko) Chrome/148.0.0.0 Safari/537.36\"","service":"visual-whiteboard-api","timestamp":"2026-05-26 16:05:11"}
{"level":"info","message":"::1 - - [26/May/2026:10:35:40 +0000] \"PUT /api/v1/whiteboards/6a06e877af1816f5fe51d5e5/canvas HTTP/1.1\" 200 58 \"http://localhost:5173/\" \"Mozilla/5.0 (Windows NT 10.0; Win64; x64) AppleWebKit/537.36 (KHTML, like Gecko) Chrome/148.0.0.0 Safari/537.36\"","service":"visual-whiteboard-api","timestamp":"2026-05-26 16:05:40"}
{"level":"info","message":"::1 - - [26/May/2026:10:35:43 +0000] \"PUT /api/v1/whiteboards/6a06e877af1816f5fe51d5e5/canvas HTTP/1.1\" 200 58 \"http://localhost:5173/\" \"Mozilla/5.0 (Windows NT 10.0; Win64; x64) AppleWebKit/537.36 (KHTML, like Gecko) Chrome/148.0.0.0 Safari/537.36\"","service":"visual-whiteboard-api","timestamp":"2026-05-26 16:05:43"}
{"level":"info","message":"::1 - - [26/May/2026:10:35:48 +0000] \"PUT /api/v1/whiteboards/6a06e877af1816f5fe51d5e5/canvas HTTP/1.1\" 200 58 \"http://localhost:5173/\" \"Mozilla/5.0 (Windows NT 10.0; Win64; x64) AppleWebKit/537.36 (KHTML, like Gecko) Chrome/148.0.0.0 Safari/537.36\"","service":"visual-whiteboard-api","timestamp":"2026-05-26 16:05:48"}
{"level":"info","message":"::1 - - [26/May/2026:10:35:52 +0000] \"PUT /api/v1/whiteboards/6a06e877af1816f5fe51d5e5/canvas HTTP/1.1\" 200 58 \"http://localhost:5173/\" \"Mozilla/5.0 (Windows NT 10.0; Win64; x64) AppleWebKit/537.36 (KHTML, like Gecko) Chrome/148.0.0.0 Safari/537.36\"","service":"visual-whiteboard-api","timestamp":"2026-05-26 16:05:52"}
{"level":"info","message":"::1 - - [26/May/2026:10:35:59 +0000] \"PUT /api/v1/whiteboards/6a06e877af1816f5fe51d5e5/canvas HTTP/1.1\" 200 58 \"http://localhost:5173/\" \"Mozilla/5.0 (Windows NT 10.0; Win64; x64) AppleWebKit/537.36 (KHTML, like Gecko) Chrome/148.0.0.0 Safari/537.36\"","service":"visual-whiteboard-api","timestamp":"2026-05-26 16:05:59"}
{"level":"info","message":"::1 - - [26/May/2026:10:36:01 +0000] \"PUT /api/v1/whiteboards/6a06e877af1816f5fe51d5e5/canvas HTTP/1.1\" 200 58 \"http://localhost:5173/\" \"Mozilla/5.0 (Windows NT 10.0; Win64; x64) AppleWebKit/537.36 (KHTML, like Gecko) Chrome/148.0.0.0 Safari/537.36\"","service":"visual-whiteboard-api","timestamp":"2026-05-26 16:06:01"}
{"level":"info","message":"::1 - - [26/May/2026:10:36:13 +0000] \"PUT /api/v1/whiteboards/6a06e877af1816f5fe51d5e5/canvas HTTP/1.1\" 200 58 \"http://localhost:5173/\" \"Mozilla/5.0 (Windows NT 10.0; Win64; x64) AppleWebKit/537.36 (KHTML, like Gecko) Chrome/148.0.0.0 Safari/537.36\"","service":"visual-whiteboard-api","timestamp":"2026-05-26 16:06:13"}
{"level":"info","message":"::1 - - [26/May/2026:10:36:20 +0000] \"PUT /api/v1/whiteboards/6a06e877af1816f5fe51d5e5/canvas HTTP/1.1\" 200 58 \"http://localhost:5173/\" \"Mozilla/5.0 (Windows NT 10.0; Win64; x64) AppleWebKit/537.36 (KHTML, like Gecko) Chrome/148.0.0.0 Safari/537.36\"","service":"visual-whiteboard-api","timestamp":"2026-05-26 16:06:20"}
{"level":"info","message":"::1 - - [26/May/2026:10:36:30 +0000] \"PUT /api/v1/whiteboards/6a06e877af1816f5fe51d5e5/canvas HTTP/1.1\" 200 58 \"http://localhost:5173/\" \"Mozilla/5.0 (Windows NT 10.0; Win64; x64) AppleWebKit/537.36 (KHTML, like Gecko) Chrome/148.0.0.0 Safari/537.36\"","service":"visual-whiteboard-api","timestamp":"2026-05-26 16:06:30"}
{"level":"info","message":"::1 - - [26/May/2026:10:36:36 +0000] \"PUT /api/v1/whiteboards/6a06e877af1816f5fe51d5e5/canvas HTTP/1.1\" 200 58 \"http://localhost:5173/\" \"Mozilla/5.0 (Windows NT 10.0; Win64; x64) AppleWebKit/537.36 (KHTML, like Gecko) Chrome/148.0.0.0 Safari/537.36\"","service":"visual-whiteboard-api","timestamp":"2026-05-26 16:06:36"}
{"level":"info","message":"::1 - - [26/May/2026:10:36:42 +0000] \"PUT /api/v1/whiteboards/6a06e877af1816f5fe51d5e5/canvas HTTP/1.1\" 200 58 \"http://localhost:5173/\" \"Mozilla/5.0 (Windows NT 10.0; Win64; x64) AppleWebKit/537.36 (KHTML, like Gecko) Chrome/148.0.0.0 Safari/537.36\"","service":"visual-whiteboard-api","timestamp":"2026-05-26 16:06:42"}
{"level":"info","message":"::1 - - [26/May/2026:10:36:46 +0000] \"PUT /api/v1/whiteboards/6a06e877af1816f5fe51d5e5/canvas HTTP/1.1\" 200 58 \"http://localhost:5173/\" \"Mozilla/5.0 (Windows NT 10.0; Win64; x64) AppleWebKit/537.36 (KHTML, like Gecko) Chrome/148.0.0.0 Safari/537.36\"","service":"visual-whiteboard-api","timestamp":"2026-05-26 16:06:46"}
{"level":"info","message":"::1 - - [26/May/2026:10:36:47 +0000] \"PUT /api/v1/whiteboards/6a06e877af1816f5fe51d5e5/canvas HTTP/1.1\" 200 58 \"http://localhost:5173/\" \"Mozilla/5.0 (Windows NT 10.0; Win64; x64) AppleWebKit/537.36 (KHTML, like Gecko) Chrome/148.0.0.0 Safari/537.36\"","service":"visual-whiteboard-api","timestamp":"2026-05-26 16:06:47"}
{"level":"info","message":"::1 - - [26/May/2026:10:36:54 +0000] \"PUT /api/v1/whiteboards/6a06e877af1816f5fe51d5e5/canvas HTTP/1.1\" 200 58 \"http://localhost:5173/\" \"Mozilla/5.0 (Windows NT 10.0; Win64; x64) AppleWebKit/537.36 (KHTML, like Gecko) Chrome/148.0.0.0 Safari/537.36\"","service":"visual-whiteboard-api","timestamp":"2026-05-26 16:06:54"}
{"level":"info","message":"::1 - - [26/May/2026:10:38:21 +0000] \"PUT /api/v1/whiteboards/6a06e877af1816f5fe51d5e5/canvas HTTP/1.1\" 200 58 \"http://localhost:5173/\" \"Mozilla/5.0 (Windows NT 10.0; Win64; x64) AppleWebKit/537.36 (KHTML, like Gecko) Chrome/148.0.0.0 Safari/537.36\"","service":"visual-whiteboard-api","timestamp":"2026-05-26 16:08:21"}
{"level":"info","message":"::1 - - [26/May/2026:10:38:28 +0000] \"PUT /api/v1/whiteboards/6a06e877af1816f5fe51d5e5/canvas HTTP/1.1\" 200 58 \"http://localhost:5173/\" \"Mozilla/5.0 (Windows NT 10.0; Win64; x64) AppleWebKit/537.36 (KHTML, like Gecko) Chrome/148.0.0.0 Safari/537.36\"","service":"visual-whiteboard-api","timestamp":"2026-05-26 16:08:28"}
{"level":"info","message":"⚡ Socket connected: AEXLx9fbBREtU-w1AAAE (User: a@a.com)","service":"visual-whiteboard-api","timestamp":"2026-05-26 16:13:13"}
{"level":"info","message":"User a@a.com left room whiteboard:6a06e877af1816f5fe51d5e5","service":"visual-whiteboard-api","timestamp":"2026-05-26 16:13:14"}
{"level":"info","message":"User a@a.com left room whiteboard:6a06e877af1816f5fe51d5e5","service":"visual-whiteboard-api","timestamp":"2026-05-26 16:13:14"}
{"level":"info","message":"User a@a.com joined room whiteboard:6a06e877af1816f5fe51d5e5","service":"visual-whiteboard-api","timestamp":"2026-05-26 16:13:14"}
{"level":"info","message":"::1 - - [26/May/2026:10:43:14 +0000] \"GET /api/v1/whiteboards/6a06e877af1816f5fe51d5e5 HTTP/1.1\" 200 9383 \"http://localhost:5173/\" \"Mozilla/5.0 (Windows NT 10.0; Win64; x64) AppleWebKit/537.36 (KHTML, like Gecko) Chrome/148.0.0.0 Safari/537.36\"","service":"visual-whiteboard-api","timestamp":"2026-05-26 16:13:14"}
{"level":"info","message":"::1 - - [26/May/2026:10:43:15 +0000] \"GET /api/v1/whiteboards/6a06e877af1816f5fe51d5e5 HTTP/1.1\" 304 - \"http://localhost:5173/\" \"Mozilla/5.0 (Windows NT 10.0; Win64; x64) AppleWebKit/537.36 (KHTML, like Gecko) Chrome/148.0.0.0 Safari/537.36\"","service":"visual-whiteboard-api","timestamp":"2026-05-26 16:13:15"}
{"level":"info","message":"⚡ Socket connected: BH38b0OIMwLFP2GjAAAH (User: a@a.com)","service":"visual-whiteboard-api","timestamp":"2026-05-26 16:13:15"}
{"level":"info","message":"User a@a.com joined room whiteboard:6a06e877af1816f5fe51d5e5","service":"visual-whiteboard-api","timestamp":"2026-05-26 16:13:15"}
{"level":"info","message":"Graceful shutdown initiated...","service":"visual-whiteboard-api","timestamp":"2026-05-26 16:25:56"}
{"level":"info","message":"Connected to MongoDB","service":"visual-whiteboard-api","timestamp":"2026-05-26 17:00:39"}
{"level":"info","message":"🚀 Connected to Redis","service":"visual-whiteboard-api","timestamp":"2026-05-26 17:00:39"}
{"level":"info","message":"Server running in development mode on port 5000","service":"visual-whiteboard-api","timestamp":"2026-05-26 17:00:39"}
{"level":"info","message":"🚀 Socket.io Redis Adapter configured","service":"visual-whiteboard-api","timestamp":"2026-05-26 17:00:39"}
{"level":"error","message":"Authentication error: jwt expired","service":"visual-whiteboard-api","timestamp":"2026-05-26 17:08:45"}
{"level":"info","message":"::1 - - [26/May/2026:11:38:45 +0000] \"GET /api/v1/whiteboards/6a06e877af1816f5fe51d5e5 HTTP/1.1\" 401 81 \"http://localhost:5173/\" \"Mozilla/5.0 (Windows NT 10.0; Win64; x64) AppleWebKit/537.36 (KHTML, like Gecko) Chrome/148.0.0.0 Safari/537.36\"","service":"visual-whiteboard-api","timestamp":"2026-05-26 17:08:45"}
{"level":"error","message":"Authentication error: jwt expired","service":"visual-whiteboard-api","timestamp":"2026-05-26 17:08:45"}
{"level":"info","message":"::1 - - [26/May/2026:11:38:45 +0000] \"GET /api/v1/whiteboards/6a06e877af1816f5fe51d5e5 HTTP/1.1\" 401 81 \"http://localhost:5173/\" \"Mozilla/5.0 (Windows NT 10.0; Win64; x64) AppleWebKit/537.36 (KHTML, like Gecko) Chrome/148.0.0.0 Safari/537.36\"","service":"visual-whiteboard-api","timestamp":"2026-05-26 17:08:45"}
{"level":"error","message":"Authentication error: jwt expired","service":"visual-whiteboard-api","timestamp":"2026-05-26 17:08:45"}
{"level":"info","message":"::1 - - [26/May/2026:11:38:45 +0000] \"GET /api/v1/whiteboards HTTP/1.1\" 401 81 \"http://localhost:5173/\" \"Mozilla/5.0 (Windows NT 10.0; Win64; x64) AppleWebKit/537.36 (KHTML, like Gecko) Chrome/148.0.0.0 Safari/537.36\"","service":"visual-whiteboard-api","timestamp":"2026-05-26 17:08:45"}
{"level":"error","message":"Authentication error: jwt expired","service":"visual-whiteboard-api","timestamp":"2026-05-26 17:08:45"}
{"level":"info","message":"::1 - - [26/May/2026:11:38:45 +0000] \"GET /api/v1/whiteboards HTTP/1.1\" 401 81 \"http://localhost:5173/\" \"Mozilla/5.0 (Windows NT 10.0; Win64; x64) AppleWebKit/537.36 (KHTML, like Gecko) Chrome/148.0.0.0 Safari/537.36\"","service":"visual-whiteboard-api","timestamp":"2026-05-26 17:08:45"}
{"level":"info","message":"::1 - - [26/May/2026:11:38:56 +0000] \"POST /api/v1/auth/login HTTP/1.1\" 200 392 \"http://localhost:5173/\" \"Mozilla/5.0 (Windows NT 10.0; Win64; x64) AppleWebKit/537.36 (KHTML, like Gecko) Chrome/148.0.0.0 Safari/537.36\"","service":"visual-whiteboard-api","timestamp":"2026-05-26 17:08:56"}
{"level":"info","message":"::1 - - [26/May/2026:11:38:56 +0000] \"GET /api/v1/whiteboards HTTP/1.1\" 200 1824 \"http://localhost:5173/\" \"Mozilla/5.0 (Windows NT 10.0; Win64; x64) AppleWebKit/537.36 (KHTML, like Gecko) Chrome/148.0.0.0 Safari/537.36\"","service":"visual-whiteboard-api","timestamp":"2026-05-26 17:08:56"}
{"level":"info","message":"::1 - - [26/May/2026:11:38:56 +0000] \"GET /api/v1/whiteboards HTTP/1.1\" 304 - \"http://localhost:5173/\" \"Mozilla/5.0 (Windows NT 10.0; Win64; x64) AppleWebKit/537.36 (KHTML, like Gecko) Chrome/148.0.0.0 Safari/537.36\"","service":"visual-whiteboard-api","timestamp":"2026-05-26 17:08:56"}
{"level":"info","message":"::1 - - [26/May/2026:11:38:57 +0000] \"GET /api/v1/whiteboards/6a06e877af1816f5fe51d5e5 HTTP/1.1\" 304 - \"http://localhost:5173/\" \"Mozilla/5.0 (Windows NT 10.0; Win64; x64) AppleWebKit/537.36 (KHTML, like Gecko) Chrome/148.0.0.0 Safari/537.36\"","service":"visual-whiteboard-api","timestamp":"2026-05-26 17:08:57"}
{"level":"info","message":"⚡ Socket connected: 7qzJPCPQ6dQT5djiAAAE (User: a@a.com)","service":"visual-whiteboard-api","timestamp":"2026-05-26 17:08:57"}
{"level":"info","message":"User a@a.com joined room whiteboard:6a06e877af1816f5fe51d5e5","service":"visual-whiteboard-api","timestamp":"2026-05-26 17:08:57"}
{"level":"info","message":"::1 - - [26/May/2026:11:39:11 +0000] \"PUT /api/v1/whiteboards/6a06e877af1816f5fe51d5e5/canvas HTTP/1.1\" 200 58 \"http://localhost:5173/\" \"Mozilla/5.0 (Windows NT 10.0; Win64; x64) AppleWebKit/537.36 (KHTML, like Gecko) Chrome/148.0.0.0 Safari/537.36\"","service":"visual-whiteboard-api","timestamp":"2026-05-26 17:09:11"}
{"level":"info","message":"::1 - - [26/May/2026:11:39:19 +0000] \"PUT /api/v1/whiteboards/6a06e877af1816f5fe51d5e5/canvas HTTP/1.1\" 200 58 \"http://localhost:5173/\" \"Mozilla/5.0 (Windows NT 10.0; Win64; x64) AppleWebKit/537.36 (KHTML, like Gecko) Chrome/148.0.0.0 Safari/537.36\"","service":"visual-whiteboard-api","timestamp":"2026-05-26 17:09:19"}
{"level":"info","message":"::1 - - [26/May/2026:11:39:23 +0000] \"PUT /api/v1/whiteboards/6a06e877af1816f5fe51d5e5/canvas HTTP/1.1\" 200 58 \"http://localhost:5173/\" \"Mozilla/5.0 (Windows NT 10.0; Win64; x64) AppleWebKit/537.36 (KHTML, like Gecko) Chrome/148.0.0.0 Safari/537.36\"","service":"visual-whiteboard-api","timestamp":"2026-05-26 17:09:23"}
{"level":"info","message":"::1 - - [26/May/2026:11:39:30 +0000] \"PUT /api/v1/whiteboards/6a06e877af1816f5fe51d5e5/canvas HTTP/1.1\" 200 58 \"http://localhost:5173/\" \"Mozilla/5.0 (Windows NT 10.0; Win64; x64) AppleWebKit/537.36 (KHTML, like Gecko) Chrome/148.0.0.0 Safari/537.36\"","service":"visual-whiteboard-api","timestamp":"2026-05-26 17:09:30"}
{"level":"info","message":"::1 - - [26/May/2026:11:39:35 +0000] \"PUT /api/v1/whiteboards/6a06e877af1816f5fe51d5e5/canvas HTTP/1.1\" 200 58 \"http://localhost:5173/\" \"Mozilla/5.0 (Windows NT 10.0; Win64; x64) AppleWebKit/537.36 (KHTML, like Gecko) Chrome/148.0.0.0 Safari/537.36\"","service":"visual-whiteboard-api","timestamp":"2026-05-26 17:09:35"}
{"level":"info","message":"::1 - - [26/May/2026:11:39:53 +0000] \"PUT /api/v1/whiteboards/6a06e877af1816f5fe51d5e5/canvas HTTP/1.1\" 200 58 \"http://localhost:5173/\" \"Mozilla/5.0 (Windows NT 10.0; Win64; x64) AppleWebKit/537.36 (KHTML, like Gecko) Chrome/148.0.0.0 Safari/537.36\"","service":"visual-whiteboard-api","timestamp":"2026-05-26 17:09:53"}
{"level":"info","message":"::1 - - [26/May/2026:11:40:01 +0000] \"PUT /api/v1/whiteboards/6a06e877af1816f5fe51d5e5/canvas HTTP/1.1\" 200 58 \"http://localhost:5173/\" \"Mozilla/5.0 (Windows NT 10.0; Win64; x64) AppleWebKit/537.36 (KHTML, like Gecko) Chrome/148.0.0.0 Safari/537.36\"","service":"visual-whiteboard-api","timestamp":"2026-05-26 17:10:01"}
{"level":"info","message":"::1 - - [26/May/2026:11:40:06 +0000] \"PUT /api/v1/whiteboards/6a06e877af1816f5fe51d5e5/canvas HTTP/1.1\" 200 58 \"http://localhost:5173/\" \"Mozilla/5.0 (Windows NT 10.0; Win64; x64) AppleWebKit/537.36 (KHTML, like Gecko) Chrome/148.0.0.0 Safari/537.36\"","service":"visual-whiteboard-api","timestamp":"2026-05-26 17:10:06"}
{"level":"info","message":"::1 - - [26/May/2026:11:40:20 +0000] \"PUT /api/v1/whiteboards/6a06e877af1816f5fe51d5e5/canvas HTTP/1.1\" 200 58 \"http://localhost:5173/\" \"Mozilla/5.0 (Windows NT 10.0; Win64; x64) AppleWebKit/537.36 (KHTML, like Gecko) Chrome/148.0.0.0 Safari/537.36\"","service":"visual-whiteboard-api","timestamp":"2026-05-26 17:10:20"}
{"level":"info","message":"::1 - - [26/May/2026:11:40:28 +0000] \"PUT /api/v1/whiteboards/6a06e877af1816f5fe51d5e5/canvas HTTP/1.1\" 200 58 \"http://localhost:5173/\" \"Mozilla/5.0 (Windows NT 10.0; Win64; x64) AppleWebKit/537.36 (KHTML, like Gecko) Chrome/148.0.0.0 Safari/537.36\"","service":"visual-whiteboard-api","timestamp":"2026-05-26 17:10:28"}
{"level":"info","message":"User a@a.com left room whiteboard:6a06e877af1816f5fe51d5e5","service":"visual-whiteboard-api","timestamp":"2026-05-26 17:14:47"}
{"level":"info","message":"::1 - - [26/May/2026:11:44:47 +0000] \"GET /api/v1/whiteboards HTTP/1.1\" 200 1824 \"http://localhost:5173/\" \"Mozilla/5.0 (Windows NT 10.0; Win64; x64) AppleWebKit/537.36 (KHTML, like Gecko) Chrome/148.0.0.0 Safari/537.36\"","service":"visual-whiteboard-api","timestamp":"2026-05-26 17:14:47"}
{"level":"info","message":"::1 - - [26/May/2026:11:44:47 +0000] \"GET /api/v1/whiteboards HTTP/1.1\" 304 - \"http://localhost:5173/\" \"Mozilla/5.0 (Windows NT 10.0; Win64; x64) AppleWebKit/537.36 (KHTML, like Gecko) Chrome/148.0.0.0 Safari/537.36\"","service":"visual-whiteboard-api","timestamp":"2026-05-26 17:14:47"}
{"level":"info","message":"::1 - - [26/May/2026:11:44:50 +0000] \"GET /api/v1/whiteboards HTTP/1.1\" 304 - \"http://localhost:5173/\" \"Mozilla/5.0 (Windows NT 10.0; Win64; x64) AppleWebKit/537.36 (KHTML, like Gecko) Chrome/148.0.0.0 Safari/537.36\"","service":"visual-whiteboard-api","timestamp":"2026-05-26 17:14:50"}
{"level":"info","message":"::1 - - [26/May/2026:11:44:50 +0000] \"GET /api/v1/whiteboards HTTP/1.1\" 304 - \"http://localhost:5173/\" \"Mozilla/5.0 (Windows NT 10.0; Win64; x64) AppleWebKit/537.36 (KHTML, like Gecko) Chrome/148.0.0.0 Safari/537.36\"","service":"visual-whiteboard-api","timestamp":"2026-05-26 17:14:50"}
{"level":"info","message":"::1 - - [26/May/2026:11:44:51 +0000] \"GET /api/v1/whiteboards/6a06e877af1816f5fe51d5e5 HTTP/1.1\" 200 9558 \"http://localhost:5173/\" \"Mozilla/5.0 (Windows NT 10.0; Win64; x64) AppleWebKit/537.36 (KHTML, like Gecko) Chrome/148.0.0.0 Safari/537.36\"","service":"visual-whiteboard-api","timestamp":"2026-05-26 17:14:51"}
{"level":"info","message":"⚡ Socket connected: Pgq5EyVENZ3eSJynAAAH (User: a@a.com)","service":"visual-whiteboard-api","timestamp":"2026-05-26 17:14:52"}
{"level":"info","message":"User a@a.com joined room whiteboard:6a06e877af1816f5fe51d5e5","service":"visual-whiteboard-api","timestamp":"2026-05-26 17:14:52"}
{"level":"info","message":"::1 - - [26/May/2026:11:45:01 +0000] \"PUT /api/v1/whiteboards/6a06e877af1816f5fe51d5e5/canvas HTTP/1.1\" 200 58 \"http://localhost:5173/\" \"Mozilla/5.0 (Windows NT 10.0; Win64; x64) AppleWebKit/537.36 (KHTML, like Gecko) Chrome/148.0.0.0 Safari/537.36\"","service":"visual-whiteboard-api","timestamp":"2026-05-26 17:15:01"}
{"level":"info","message":"::1 - - [26/May/2026:11:45:04 +0000] \"PUT /api/v1/whiteboards/6a06e877af1816f5fe51d5e5/canvas HTTP/1.1\" 200 58 \"http://localhost:5173/\" \"Mozilla/5.0 (Windows NT 10.0; Win64; x64) AppleWebKit/537.36 (KHTML, like Gecko) Chrome/148.0.0.0 Safari/537.36\"","service":"visual-whiteboard-api","timestamp":"2026-05-26 17:15:04"}
{"level":"info","message":"::1 - - [26/May/2026:11:45:12 +0000] \"PUT /api/v1/whiteboards/6a06e877af1816f5fe51d5e5/canvas HTTP/1.1\" 200 58 \"http://localhost:5173/\" \"Mozilla/5.0 (Windows NT 10.0; Win64; x64) AppleWebKit/537.36 (KHTML, like Gecko) Chrome/148.0.0.0 Safari/537.36\"","service":"visual-whiteboard-api","timestamp":"2026-05-26 17:15:12"}
{"level":"info","message":"::1 - - [26/May/2026:11:45:22 +0000] \"PUT /api/v1/whiteboards/6a06e877af1816f5fe51d5e5/canvas HTTP/1.1\" 200 58 \"http://localhost:5173/\" \"Mozilla/5.0 (Windows NT 10.0; Win64; x64) AppleWebKit/537.36 (KHTML, like Gecko) Chrome/148.0.0.0 Safari/537.36\"","service":"visual-whiteboard-api","timestamp":"2026-05-26 17:15:22"}
{"level":"info","message":"::1 - - [26/May/2026:11:45:30 +0000] \"PUT /api/v1/whiteboards/6a06e877af1816f5fe51d5e5/canvas HTTP/1.1\" 200 58 \"http://localhost:5173/\" \"Mozilla/5.0 (Windows NT 10.0; Win64; x64) AppleWebKit/537.36 (KHTML, like Gecko) Chrome/148.0.0.0 Safari/537.36\"","service":"visual-whiteboard-api","timestamp":"2026-05-26 17:15:30"}
{"level":"info","message":"::1 - - [26/May/2026:11:45:35 +0000] \"PUT /api/v1/whiteboards/6a06e877af1816f5fe51d5e5/canvas HTTP/1.1\" 200 58 \"http://localhost:5173/\" \"Mozilla/5.0 (Windows NT 10.0; Win64; x64) AppleWebKit/537.36 (KHTML, like Gecko) Chrome/148.0.0.0 Safari/537.36\"","service":"visual-whiteboard-api","timestamp":"2026-05-26 17:15:35"}
{"level":"info","message":"::1 - - [26/May/2026:11:45:39 +0000] \"PUT /api/v1/whiteboards/6a06e877af1816f5fe51d5e5/canvas HTTP/1.1\" 200 58 \"http://localhost:5173/\" \"Mozilla/5.0 (Windows NT 10.0; Win64; x64) AppleWebKit/537.36 (KHTML, like Gecko) Chrome/148.0.0.0 Safari/537.36\"","service":"visual-whiteboard-api","timestamp":"2026-05-26 17:15:39"}
{"level":"info","message":"::1 - - [26/May/2026:11:46:25 +0000] \"PUT /api/v1/whiteboards/6a06e877af1816f5fe51d5e5/canvas HTTP/1.1\" 200 58 \"http://localhost:5173/\" \"Mozilla/5.0 (Windows NT 10.0; Win64; x64) AppleWebKit/537.36 (KHTML, like Gecko) Chrome/148.0.0.0 Safari/537.36\"","service":"visual-whiteboard-api","timestamp":"2026-05-26 17:16:25"}
{"level":"info","message":"::1 - - [26/May/2026:11:46:27 +0000] \"PUT /api/v1/whiteboards/6a06e877af1816f5fe51d5e5/canvas HTTP/1.1\" 200 58 \"http://localhost:5173/\" \"Mozilla/5.0 (Windows NT 10.0; Win64; x64) AppleWebKit/537.36 (KHTML, like Gecko) Chrome/148.0.0.0 Safari/537.36\"","service":"visual-whiteboard-api","timestamp":"2026-05-26 17:16:27"}
{"level":"info","message":"::1 - - [26/May/2026:11:46:40 +0000] \"PUT /api/v1/whiteboards/6a06e877af1816f5fe51d5e5/canvas HTTP/1.1\" 200 58 \"http://localhost:5173/\" \"Mozilla/5.0 (Windows NT 10.0; Win64; x64) AppleWebKit/537.36 (KHTML, like Gecko) Chrome/148.0.0.0 Safari/537.36\"","service":"visual-whiteboard-api","timestamp":"2026-05-26 17:16:40"}
{"level":"info","message":"::1 - - [26/May/2026:11:46:41 +0000] \"POST /api/v1/media/upload HTTP/1.1\" 201 242 \"http://localhost:5173/\" \"Mozilla/5.0 (Windows NT 10.0; Win64; x64) AppleWebKit/537.36 (KHTML, like Gecko) Chrome/148.0.0.0 Safari/537.36\"","service":"visual-whiteboard-api","timestamp":"2026-05-26 17:16:41"}
{"level":"info","message":"::1 - - [26/May/2026:11:46:43 +0000] \"GET /api/v1/media/proxy/4e99bd7b7f1c9b556a59cc6e6cb3f620?token=eyJhbGciOiJIUzI1NiIsInR5cCI6IkpXVCJ9.eyJpZCI6IjZhMDVjOGEwZDk0ZjkxZmFiMTI4NGM0NyIsImlhdCI6MTc3OTc5NTUzNiwiZXhwIjoxNzc5Nzk2NDM2fQ.HCOE3HYTx_EiZMggqsNqxk2OMAEfQPJB787fmuysOSg HTTP/1.1\" 200 - \"http://localhost:5173/\" \"Mozilla/5.0 (Windows NT 10.0; Win64; x64) AppleWebKit/537.36 (KHTML, like Gecko) Chrome/148.0.0.0 Safari/537.36\"","service":"visual-whiteboard-api","timestamp":"2026-05-26 17:16:43"}
{"level":"info","message":"::1 - - [26/May/2026:11:46:50 +0000] \"PUT /api/v1/whiteboards/6a06e877af1816f5fe51d5e5/canvas HTTP/1.1\" 200 58 \"http://localhost:5173/\" \"Mozilla/5.0 (Windows NT 10.0; Win64; x64) AppleWebKit/537.36 (KHTML, like Gecko) Chrome/148.0.0.0 Safari/537.36\"","service":"visual-whiteboard-api","timestamp":"2026-05-26 17:16:50"}
{"level":"info","message":"::1 - - [26/May/2026:11:46:53 +0000] \"PUT /api/v1/whiteboards/6a06e877af1816f5fe51d5e5/canvas HTTP/1.1\" 200 58 \"http://localhost:5173/\" \"Mozilla/5.0 (Windows NT 10.0; Win64; x64) AppleWebKit/537.36 (KHTML, like Gecko) Chrome/148.0.0.0 Safari/537.36\"","service":"visual-whiteboard-api","timestamp":"2026-05-26 17:16:53"}
{"level":"info","message":"::1 - - [26/May/2026:11:47:01 +0000] \"PUT /api/v1/whiteboards/6a06e877af1816f5fe51d5e5/canvas HTTP/1.1\" 200 58 \"http://localhost:5173/\" \"Mozilla/5.0 (Windows NT 10.0; Win64; x64) AppleWebKit/537.36 (KHTML, like Gecko) Chrome/148.0.0.0 Safari/537.36\"","service":"visual-whiteboard-api","timestamp":"2026-05-26 17:17:01"}
{"level":"info","message":"::1 - - [26/May/2026:11:47:05 +0000] \"PUT /api/v1/whiteboards/6a06e877af1816f5fe51d5e5/canvas HTTP/1.1\" 200 58 \"http://localhost:5173/\" \"Mozilla/5.0 (Windows NT 10.0; Win64; x64) AppleWebKit/537.36 (KHTML, like Gecko) Chrome/148.0.0.0 Safari/537.36\"","service":"visual-whiteboard-api","timestamp":"2026-05-26 17:17:05"}
{"level":"info","message":"::1 - - [26/May/2026:11:47:32 +0000] \"POST /api/v1/media/upload HTTP/1.1\" 201 234 \"http://localhost:5173/\" \"Mozilla/5.0 (Windows NT 10.0; Win64; x64) AppleWebKit/537.36 (KHTML, like Gecko) Chrome/148.0.0.0 Safari/537.36\"","service":"visual-whiteboard-api","timestamp":"2026-05-26 17:17:32"}
{"level":"info","message":"::1 - - [26/May/2026:11:47:37 +0000] \"PUT /api/v1/whiteboards/6a06e877af1816f5fe51d5e5/canvas HTTP/1.1\" 200 58 \"http://localhost:5173/\" \"Mozilla/5.0 (Windows NT 10.0; Win64; x64) AppleWebKit/537.36 (KHTML, like Gecko) Chrome/148.0.0.0 Safari/537.36\"","service":"visual-whiteboard-api","timestamp":"2026-05-26 17:17:37"}
{"level":"info","message":"::1 - - [26/May/2026:11:47:42 +0000] \"PUT /api/v1/whiteboards/6a06e877af1816f5fe51d5e5/canvas HTTP/1.1\" 200 58 \"http://localhost:5173/\" \"Mozilla/5.0 (Windows NT 10.0; Win64; x64) AppleWebKit/537.36 (KHTML, like Gecko) Chrome/148.0.0.0 Safari/537.36\"","service":"visual-whiteboard-api","timestamp":"2026-05-26 17:17:42"}
{"level":"info","message":"::1 - - [26/May/2026:11:48:14 +0000] \"PUT /api/v1/whiteboards/6a06e877af1816f5fe51d5e5/canvas HTTP/1.1\" 200 58 \"http://localhost:5173/\" \"Mozilla/5.0 (Windows NT 10.0; Win64; x64) AppleWebKit/537.36 (KHTML, like Gecko) Chrome/148.0.0.0 Safari/537.36\"","service":"visual-whiteboard-api","timestamp":"2026-05-26 17:18:14"}
{"level":"info","message":"User a@a.com left room whiteboard:6a06e877af1816f5fe51d5e5","service":"visual-whiteboard-api","timestamp":"2026-05-26 17:22:08"}
{"level":"info","message":"::1 - - [26/May/2026:11:52:08 +0000] \"GET /api/v1/whiteboards HTTP/1.1\" 200 1824 \"http://localhost:5173/\" \"Mozilla/5.0 (Windows NT 10.0; Win64; x64) AppleWebKit/537.36 (KHTML, like Gecko) Chrome/148.0.0.0 Safari/537.36\"","service":"visual-whiteboard-api","timestamp":"2026-05-26 17:22:08"}
{"level":"info","message":"::1 - - [26/May/2026:11:52:08 +0000] \"GET /api/v1/whiteboards HTTP/1.1\" 304 - \"http://localhost:5173/\" \"Mozilla/5.0 (Windows NT 10.0; Win64; x64) AppleWebKit/537.36 (KHTML, like Gecko) Chrome/148.0.0.0 Safari/537.36\"","service":"visual-whiteboard-api","timestamp":"2026-05-26 17:22:08"}
{"level":"info","message":"::1 - - [26/May/2026:11:52:10 +0000] \"GET /api/v1/whiteboards HTTP/1.1\" 304 - \"http://localhost:5173/\" \"Mozilla/5.0 (Windows NT 10.0; Win64; x64) AppleWebKit/537.36 (KHTML, like Gecko) Chrome/148.0.0.0 Safari/537.36\"","service":"visual-whiteboard-api","timestamp":"2026-05-26 17:22:10"}
{"level":"info","message":"::1 - - [26/May/2026:11:52:10 +0000] \"GET /api/v1/whiteboards HTTP/1.1\" 304 - \"http://localhost:5173/\" \"Mozilla/5.0 (Windows NT 10.0; Win64; x64) AppleWebKit/537.36 (KHTML, like Gecko) Chrome/148.0.0.0 Safari/537.36\"","service":"visual-whiteboard-api","timestamp":"2026-05-26 17:22:10"}
{"level":"info","message":"::1 - - [26/May/2026:11:52:11 +0000] \"GET /api/v1/whiteboards/6a06e877af1816f5fe51d5e5 HTTP/1.1\" 200 17770 \"http://localhost:5173/\" \"Mozilla/5.0 (Windows NT 10.0; Win64; x64) AppleWebKit/537.36 (KHTML, like Gecko) Chrome/148.0.0.0 Safari/537.36\"","service":"visual-whiteboard-api","timestamp":"2026-05-26 17:22:11"}
{"level":"info","message":"⚡ Socket connected: o-jFAllfAnbK4Kp3AAAK (User: a@a.com)","service":"visual-whiteboard-api","timestamp":"2026-05-26 17:22:11"}
{"level":"info","message":"User a@a.com joined room whiteboard:6a06e877af1816f5fe51d5e5","service":"visual-whiteboard-api","timestamp":"2026-05-26 17:22:11"}
{"level":"info","message":"::1 - - [26/May/2026:11:52:13 +0000] \"GET /api/v1/media/proxy/4e99bd7b7f1c9b556a59cc6e6cb3f620?token=eyJhbGciOiJIUzI1NiIsInR5cCI6IkpXVCJ9.eyJpZCI6IjZhMDVjOGEwZDk0ZjkxZmFiMTI4NGM0NyIsImlhdCI6MTc3OTc5NTUzNiwiZXhwIjoxNzc5Nzk2NDM2fQ.HCOE3HYTx_EiZMggqsNqxk2OMAEfQPJB787fmuysOSg HTTP/1.1\" 200 - \"http://localhost:5173/\" \"Mozilla/5.0 (Windows NT 10.0; Win64; x64) AppleWebKit/537.36 (KHTML, like Gecko) Chrome/148.0.0.0 Safari/537.36\"","service":"visual-whiteboard-api","timestamp":"2026-05-26 17:22:13"}
{"level":"info","message":"::1 - - [26/May/2026:11:52:28 +0000] \"PUT /api/v1/whiteboards/6a06e877af1816f5fe51d5e5/canvas HTTP/1.1\" 200 58 \"http://localhost:5173/\" \"Mozilla/5.0 (Windows NT 10.0; Win64; x64) AppleWebKit/537.36 (KHTML, like Gecko) Chrome/148.0.0.0 Safari/537.36\"","service":"visual-whiteboard-api","timestamp":"2026-05-26 17:22:28"}
{"level":"info","message":"::1 - - [26/May/2026:11:52:32 +0000] \"PUT /api/v1/whiteboards/6a06e877af1816f5fe51d5e5/canvas HTTP/1.1\" 200 58 \"http://localhost:5173/\" \"Mozilla/5.0 (Windows NT 10.0; Win64; x64) AppleWebKit/537.36 (KHTML, like Gecko) Chrome/148.0.0.0 Safari/537.36\"","service":"visual-whiteboard-api","timestamp":"2026-05-26 17:22:32"}
{"level":"info","message":"::1 - - [26/May/2026:11:52:36 +0000] \"PUT /api/v1/whiteboards/6a06e877af1816f5fe51d5e5/canvas HTTP/1.1\" 200 58 \"http://localhost:5173/\" \"Mozilla/5.0 (Windows NT 10.0; Win64; x64) AppleWebKit/537.36 (KHTML, like Gecko) Chrome/148.0.0.0 Safari/537.36\"","service":"visual-whiteboard-api","timestamp":"2026-05-26 17:22:36"}
{"level":"info","message":"::1 - - [26/May/2026:11:53:47 +0000] \"POST /api/v1/attachments/upload HTTP/1.1\" 201 477 \"http://localhost:5173/\" \"Mozilla/5.0 (Windows NT 10.0; Win64; x64) AppleWebKit/537.36 (KHTML, like Gecko) Chrome/148.0.0.0 Safari/537.36\"","service":"visual-whiteboard-api","timestamp":"2026-05-26 17:23:47"}
{"level":"error","message":"Authentication error: jwt expired","service":"visual-whiteboard-api","timestamp":"2026-05-26 17:24:17"}
{"level":"info","message":"::1 - - [26/May/2026:11:54:17 +0000] \"GET /api/v1/whiteboards HTTP/1.1\" 401 81 \"http://localhost:5173/\" \"Mozilla/5.0 (Windows NT 10.0; Win64; x64) AppleWebKit/537.36 (KHTML, like Gecko) Chrome/148.0.0.0 Safari/537.36\"","service":"visual-whiteboard-api","timestamp":"2026-05-26 17:24:17"}
{"level":"error","message":"Authentication error: jwt expired","service":"visual-whiteboard-api","timestamp":"2026-05-26 17:24:17"}
{"level":"info","message":"::1 - - [26/May/2026:11:54:17 +0000] \"GET /api/v1/whiteboards HTTP/1.1\" 401 81 \"http://localhost:5173/\" \"Mozilla/5.0 (Windows NT 10.0; Win64; x64) AppleWebKit/537.36 (KHTML, like Gecko) Chrome/148.0.0.0 Safari/537.36\"","service":"visual-whiteboard-api","timestamp":"2026-05-26 17:24:17"}
{"level":"info","message":"User a@a.com left room whiteboard:6a06e877af1816f5fe51d5e5","service":"visual-whiteboard-api","timestamp":"2026-05-26 17:24:17"}
{"level":"error","message":"Authentication error: jwt expired","service":"visual-whiteboard-api","timestamp":"2026-05-26 17:24:18"}
{"level":"info","message":"::1 - - [26/May/2026:11:54:18 +0000] \"GET /api/v1/whiteboards HTTP/1.1\" 401 81 \"http://localhost:5173/\" \"Mozilla/5.0 (Windows NT 10.0; Win64; x64) AppleWebKit/537.36 (KHTML, like Gecko) Chrome/148.0.0.0 Safari/537.36\"","service":"visual-whiteboard-api","timestamp":"2026-05-26 17:24:18"}
{"level":"error","message":"Authentication error: jwt expired","service":"visual-whiteboard-api","timestamp":"2026-05-26 17:24:18"}
{"level":"info","message":"::1 - - [26/May/2026:11:54:18 +0000] \"GET /api/v1/whiteboards HTTP/1.1\" 401 81 \"http://localhost:5173/\" \"Mozilla/5.0 (Windows NT 10.0; Win64; x64) AppleWebKit/537.36 (KHTML, like Gecko) Chrome/148.0.0.0 Safari/537.36\"","service":"visual-whiteboard-api","timestamp":"2026-05-26 17:24:18"}
{"level":"info","message":"::1 - - [26/May/2026:11:54:29 +0000] \"POST /api/v1/auth/login HTTP/1.1\" 200 392 \"http://localhost:5173/\" \"Mozilla/5.0 (Windows NT 10.0; Win64; x64) AppleWebKit/537.36 (KHTML, like Gecko) Chrome/148.0.0.0 Safari/537.36\"","service":"visual-whiteboard-api","timestamp":"2026-05-26 17:24:29"}
{"level":"info","message":"::1 - - [26/May/2026:11:54:29 +0000] \"GET /api/v1/whiteboards HTTP/1.1\" 200 1824 \"http://localhost:5173/\" \"Mozilla/5.0 (Windows NT 10.0; Win64; x64) AppleWebKit/537.36 (KHTML, like Gecko) Chrome/148.0.0.0 Safari/537.36\"","service":"visual-whiteboard-api","timestamp":"2026-05-26 17:24:29"}
{"level":"info","message":"::1 - - [26/May/2026:11:54:29 +0000] \"GET /api/v1/whiteboards HTTP/1.1\" 304 - \"http://localhost:5173/\" \"Mozilla/5.0 (Windows NT 10.0; Win64; x64) AppleWebKit/537.36 (KHTML, like Gecko) Chrome/148.0.0.0 Safari/537.36\"","service":"visual-whiteboard-api","timestamp":"2026-05-26 17:24:29"}
{"level":"info","message":"::1 - - [26/May/2026:11:54:34 +0000] \"GET /api/v1/whiteboards/6a06e877af1816f5fe51d5e5 HTTP/1.1\" 200 17775 \"http://localhost:5173/\" \"Mozilla/5.0 (Windows NT 10.0; Win64; x64) AppleWebKit/537.36 (KHTML, like Gecko) Chrome/148.0.0.0 Safari/537.36\"","service":"visual-whiteboard-api","timestamp":"2026-05-26 17:24:34"}
{"level":"info","message":"⚡ Socket connected: okO1TInRSq2I1XBDAAAN (User: a@a.com)","service":"visual-whiteboard-api","timestamp":"2026-05-26 17:24:34"}
{"level":"info","message":"User a@a.com joined room whiteboard:6a06e877af1816f5fe51d5e5","service":"visual-whiteboard-api","timestamp":"2026-05-26 17:24:34"}
{"level":"info","message":"::1 - - [26/May/2026:11:54:36 +0000] \"GET /api/v1/media/proxy/4e99bd7b7f1c9b556a59cc6e6cb3f620?token=eyJhbGciOiJIUzI1NiIsInR5cCI6IkpXVCJ9.eyJpZCI6IjZhMDVjOGEwZDk0ZjkxZmFiMTI4NGM0NyIsImlhdCI6MTc3OTc5NjQ2OSwiZXhwIjoxNzc5Nzk3MzY5fQ.Om1NDg_uILjFDGiFpnEd4wHzDGWuXumdS94i6U8z7hE HTTP/1.1\" 200 - \"http://localhost:5173/\" \"Mozilla/5.0 (Windows NT 10.0; Win64; x64) AppleWebKit/537.36 (KHTML, like Gecko) Chrome/148.0.0.0 Safari/537.36\"","service":"visual-whiteboard-api","timestamp":"2026-05-26 17:24:36"}
{"level":"info","message":"::1 - - [26/May/2026:11:55:14 +0000] \"PUT /api/v1/whiteboards/6a06e877af1816f5fe51d5e5/canvas HTTP/1.1\" 200 58 \"http://localhost:5173/\" \"Mozilla/5.0 (Windows NT 10.0; Win64; x64) AppleWebKit/537.36 (KHTML, like Gecko) Chrome/148.0.0.0 Safari/537.36\"","service":"visual-whiteboard-api","timestamp":"2026-05-26 17:25:14"}
{"level":"info","message":"User a@a.com left room whiteboard:6a06e877af1816f5fe51d5e5","service":"visual-whiteboard-api","timestamp":"2026-05-26 17:25:22"}
{"level":"info","message":"::1 - - [26/May/2026:11:55:23 +0000] \"GET /api/v1/whiteboards/6a06e877af1816f5fe51d5e5 HTTP/1.1\" 200 17769 \"http://localhost:5173/\" \"Mozilla/5.0 (Windows NT 10.0; Win64; x64) AppleWebKit/537.36 (KHTML, like Gecko) Chrome/148.0.0.0 Safari/537.36\"","service":"visual-whiteboard-api","timestamp":"2026-05-26 17:25:23"}
{"level":"info","message":"::1 - - [26/May/2026:11:55:23 +0000] \"GET /api/v1/whiteboards/6a06e877af1816f5fe51d5e5 HTTP/1.1\" 304 - \"http://localhost:5173/\" \"Mozilla/5.0 (Windows NT 10.0; Win64; x64) AppleWebKit/537.36 (KHTML, like Gecko) Chrome/148.0.0.0 Safari/537.36\"","service":"visual-whiteboard-api","timestamp":"2026-05-26 17:25:23"}
{"level":"info","message":"⚡ Socket connected: qWRi5DBlSz8cumUKAAAQ (User: a@a.com)","service":"visual-whiteboard-api","timestamp":"2026-05-26 17:25:23"}
{"level":"info","message":"User a@a.com joined room whiteboard:6a06e877af1816f5fe51d5e5","service":"visual-whiteboard-api","timestamp":"2026-05-26 17:25:23"}
{"level":"info","message":"::1 - - [26/May/2026:11:55:24 +0000] \"GET /api/v1/media/proxy/4e99bd7b7f1c9b556a59cc6e6cb3f620?token=eyJhbGciOiJIUzI1NiIsInR5cCI6IkpXVCJ9.eyJpZCI6IjZhMDVjOGEwZDk0ZjkxZmFiMTI4NGM0NyIsImlhdCI6MTc3OTc5NjQ2OSwiZXhwIjoxNzc5Nzk3MzY5fQ.Om1NDg_uILjFDGiFpnEd4wHzDGWuXumdS94i6U8z7hE HTTP/1.1\" 200 - \"http://localhost:5173/\" \"Mozilla/5.0 (Windows NT 10.0; Win64; x64) AppleWebKit/537.36 (KHTML, like Gecko) Chrome/148.0.0.0 Safari/537.36\"","service":"visual-whiteboard-api","timestamp":"2026-05-26 17:25:24"}
{"level":"info","message":"User a@a.com left room whiteboard:6a06e877af1816f5fe51d5e5","service":"visual-whiteboard-api","timestamp":"2026-05-26 17:25:27"}
{"level":"info","message":"::1 - - [26/May/2026:11:55:28 +0000] \"GET /api/v1/whiteboards/6a06e877af1816f5fe51d5e5 HTTP/1.1\" 304 - \"http://localhost:5173/\" \"Mozilla/5.0 (Windows NT 10.0; Win64; x64) AppleWebKit/537.36 (KHTML, like Gecko) Chrome/148.0.0.0 Safari/537.36\"","service":"visual-whiteboard-api","timestamp":"2026-05-26 17:25:28"}
{"level":"info","message":"::1 - - [26/May/2026:11:55:28 +0000] \"GET /api/v1/whiteboards/6a06e877af1816f5fe51d5e5 HTTP/1.1\" 304 - \"http://localhost:5173/\" \"Mozilla/5.0 (Windows NT 10.0; Win64; x64) AppleWebKit/537.36 (KHTML, like Gecko) Chrome/148.0.0.0 Safari/537.36\"","service":"visual-whiteboard-api","timestamp":"2026-05-26 17:25:28"}
{"level":"info","message":"⚡ Socket connected: JpJGoaBqrqKb_g4fAAAT (User: a@a.com)","service":"visual-whiteboard-api","timestamp":"2026-05-26 17:25:28"}
{"level":"info","message":"User a@a.com joined room whiteboard:6a06e877af1816f5fe51d5e5","service":"visual-whiteboard-api","timestamp":"2026-05-26 17:25:28"}
{"level":"info","message":"::1 - - [26/May/2026:11:55:28 +0000] \"GET /api/v1/media/proxy/4e99bd7b7f1c9b556a59cc6e6cb3f620?token=eyJhbGciOiJIUzI1NiIsInR5cCI6IkpXVCJ9.eyJpZCI6IjZhMDVjOGEwZDk0ZjkxZmFiMTI4NGM0NyIsImlhdCI6MTc3OTc5NjQ2OSwiZXhwIjoxNzc5Nzk3MzY5fQ.Om1NDg_uILjFDGiFpnEd4wHzDGWuXumdS94i6U8z7hE HTTP/1.1\" 200 - \"http://localhost:5173/\" \"Mozilla/5.0 (Windows NT 10.0; Win64; x64) AppleWebKit/537.36 (KHTML, like Gecko) Chrome/148.0.0.0 Safari/537.36\"","service":"visual-whiteboard-api","timestamp":"2026-05-26 17:25:28"}
{"level":"info","message":"::1 - - [26/May/2026:11:55:42 +0000] \"PUT /api/v1/whiteboards/6a06e877af1816f5fe51d5e5/canvas HTTP/1.1\" 200 58 \"http://localhost:5173/\" \"Mozilla/5.0 (Windows NT 10.0; Win64; x64) AppleWebKit/537.36 (KHTML, like Gecko) Chrome/148.0.0.0 Safari/537.36\"","service":"visual-whiteboard-api","timestamp":"2026-05-26 17:25:42"}
{"level":"info","message":"::1 - - [26/May/2026:11:56:07 +0000] \"PUT /api/v1/whiteboards/6a06e877af1816f5fe51d5e5/canvas HTTP/1.1\" 200 58 \"http://localhost:5173/\" \"Mozilla/5.0 (Windows NT 10.0; Win64; x64) AppleWebKit/537.36 (KHTML, like Gecko) Chrome/148.0.0.0 Safari/537.36\"","service":"visual-whiteboard-api","timestamp":"2026-05-26 17:26:07"}
{"level":"info","message":"::1 - - [26/May/2026:11:56:29 +0000] \"POST /api/v1/attachments/upload HTTP/1.1\" 201 475 \"http://localhost:5173/\" \"Mozilla/5.0 (Windows NT 10.0; Win64; x64) AppleWebKit/537.36 (KHTML, like Gecko) Chrome/148.0.0.0 Safari/537.36\"","service":"visual-whiteboard-api","timestamp":"2026-05-26 17:26:29"}
{"level":"info","message":"User a@a.com left room whiteboard:6a06e877af1816f5fe51d5e5","service":"visual-whiteboard-api","timestamp":"2026-05-26 17:26:37"}
{"level":"info","message":"::1 - - [26/May/2026:11:56:38 +0000] \"GET /api/v1/whiteboards/6a06e877af1816f5fe51d5e5 HTTP/1.1\" 200 17769 \"http://localhost:5173/\" \"Mozilla/5.0 (Windows NT 10.0; Win64; x64) AppleWebKit/537.36 (KHTML, like Gecko) Chrome/148.0.0.0 Safari/537.36\"","service":"visual-whiteboard-api","timestamp":"2026-05-26 17:26:38"}
{"level":"info","message":"::1 - - [26/May/2026:11:56:38 +0000] \"GET /api/v1/whiteboards/6a06e877af1816f5fe51d5e5 HTTP/1.1\" 304 - \"http://localhost:5173/\" \"Mozilla/5.0 (Windows NT 10.0; Win64; x64) AppleWebKit/537.36 (KHTML, like Gecko) Chrome/148.0.0.0 Safari/537.36\"","service":"visual-whiteboard-api","timestamp":"2026-05-26 17:26:38"}
{"level":"info","message":"⚡ Socket connected: eweOJs5GrnyX2X3sAAAW (User: a@a.com)","service":"visual-whiteboard-api","timestamp":"2026-05-26 17:26:38"}
{"level":"info","message":"User a@a.com joined room whiteboard:6a06e877af1816f5fe51d5e5","service":"visual-whiteboard-api","timestamp":"2026-05-26 17:26:38"}
{"level":"info","message":"::1 - - [26/May/2026:11:56:39 +0000] \"GET /api/v1/media/proxy/4e99bd7b7f1c9b556a59cc6e6cb3f620?token=eyJhbGciOiJIUzI1NiIsInR5cCI6IkpXVCJ9.eyJpZCI6IjZhMDVjOGEwZDk0ZjkxZmFiMTI4NGM0NyIsImlhdCI6MTc3OTc5NjQ2OSwiZXhwIjoxNzc5Nzk3MzY5fQ.Om1NDg_uILjFDGiFpnEd4wHzDGWuXumdS94i6U8z7hE HTTP/1.1\" 200 - \"http://localhost:5173/\" \"Mozilla/5.0 (Windows NT 10.0; Win64; x64) AppleWebKit/537.36 (KHTML, like Gecko) Chrome/148.0.0.0 Safari/537.36\"","service":"visual-whiteboard-api","timestamp":"2026-05-26 17:26:39"}
{"level":"info","message":"Graceful shutdown initiated...","service":"visual-whiteboard-api","timestamp":"2026-05-26 17:29:27"}
{"level":"info","message":"Connected to MongoDB","service":"visual-whiteboard-api","timestamp":"2026-05-26 17:29:31"}
{"level":"info","message":"🚀 Connected to Redis","service":"visual-whiteboard-api","timestamp":"2026-05-26 17:29:31"}
{"level":"info","message":"Server running in development mode on port 5000","service":"visual-whiteboard-api","timestamp":"2026-05-26 17:29:31"}
{"level":"info","message":"🚀 Socket.io Redis Adapter configured","service":"visual-whiteboard-api","timestamp":"2026-05-26 17:29:31"}
{"level":"info","message":"⚡ Socket connected: Kjn1HN0IZgEMj9vaAAAB (User: a@a.com)","service":"visual-whiteboard-api","timestamp":"2026-05-26 17:29:31"}
{"level":"info","message":"User a@a.com joined room whiteboard:6a06e877af1816f5fe51d5e5","service":"visual-whiteboard-api","timestamp":"2026-05-26 17:29:31"}
{"level":"info","message":"User a@a.com left room whiteboard:6a06e877af1816f5fe51d5e5","service":"visual-whiteboard-api","timestamp":"2026-05-26 17:29:32"}
{"level":"info","message":"::1 - - [26/May/2026:11:59:32 +0000] \"GET /api/v1/whiteboards HTTP/1.1\" 200 1824 \"http://localhost:5173/\" \"Mozilla/5.0 (Windows NT 10.0; Win64; x64) AppleWebKit/537.36 (KHTML, like Gecko) Chrome/148.0.0.0 Safari/537.36\"","service":"visual-whiteboard-api","timestamp":"2026-05-26 17:29:32"}
{"level":"info","message":"::1 - - [26/May/2026:11:59:32 +0000] \"GET /api/v1/whiteboards HTTP/1.1\" 304 - \"http://localhost:5173/\" \"Mozilla/5.0 (Windows NT 10.0; Win64; x64) AppleWebKit/537.36 (KHTML, like Gecko) Chrome/148.0.0.0 Safari/537.36\"","service":"visual-whiteboard-api","timestamp":"2026-05-26 17:29:32"}
{"level":"info","message":"::1 - - [26/May/2026:11:59:43 +0000] \"POST /api/v1/auth/login HTTP/1.1\" 401 55 \"http://localhost:5173/\" \"Mozilla/5.0 (Windows NT 10.0; Win64; x64) AppleWebKit/537.36 (KHTML, like Gecko) Chrome/148.0.0.0 Safari/537.36\"","service":"visual-whiteboard-api","timestamp":"2026-05-26 17:29:43"}
{"level":"info","message":"::1 - - [26/May/2026:11:59:49 +0000] \"POST /api/v1/auth/login HTTP/1.1\" 200 392 \"http://localhost:5173/\" \"Mozilla/5.0 (Windows NT 10.0; Win64; x64) AppleWebKit/537.36 (KHTML, like Gecko) Chrome/148.0.0.0 Safari/537.36\"","service":"visual-whiteboard-api","timestamp":"2026-05-26 17:29:49"}
{"level":"info","message":"::1 - - [26/May/2026:11:59:49 +0000] \"GET /api/v1/whiteboards HTTP/1.1\" 304 - \"http://localhost:5173/\" \"Mozilla/5.0 (Windows NT 10.0; Win64; x64) AppleWebKit/537.36 (KHTML, like Gecko) Chrome/148.0.0.0 Safari/537.36\"","service":"visual-whiteboard-api","timestamp":"2026-05-26 17:29:49"}
{"level":"info","message":"::1 - - [26/May/2026:11:59:49 +0000] \"GET /api/v1/whiteboards HTTP/1.1\" 304 - \"http://localhost:5173/\" \"Mozilla/5.0 (Windows NT 10.0; Win64; x64) AppleWebKit/537.36 (KHTML, like Gecko) Chrome/148.0.0.0 Safari/537.36\"","service":"visual-whiteboard-api","timestamp":"2026-05-26 17:29:49"}
{"level":"info","message":"::1 - - [26/May/2026:11:59:51 +0000] \"GET /api/v1/whiteboards/6a06e877af1816f5fe51d5e5 HTTP/1.1\" 304 - \"http://localhost:5173/\" \"Mozilla/5.0 (Windows NT 10.0; Win64; x64) AppleWebKit/537.36 (KHTML, like Gecko) Chrome/148.0.0.0 Safari/537.36\"","service":"visual-whiteboard-api","timestamp":"2026-05-26 17:29:51"}
{"level":"info","message":"⚡ Socket connected: b-d9q1b4R8RMZYrSAAAE (User: a@a.com)","service":"visual-whiteboard-api","timestamp":"2026-05-26 17:29:51"}
{"level":"info","message":"User a@a.com joined room whiteboard:6a06e877af1816f5fe51d5e5","service":"visual-whiteboard-api","timestamp":"2026-05-26 17:29:51"}
{"level":"info","message":"::1 - - [26/May/2026:11:59:53 +0000] \"GET /api/v1/media/proxy/4e99bd7b7f1c9b556a59cc6e6cb3f620?token=eyJhbGciOiJIUzI1NiIsInR5cCI6IkpXVCJ9.eyJpZCI6IjZhMDVjOGEwZDk0ZjkxZmFiMTI4NGM0NyIsImlhdCI6MTc3OTc5Njc4OSwiZXhwIjoxNzc5Nzk3Njg5fQ.ivp0BsuHHp4NHucaWXa2cUbOewf60tW8F0qKr8NEn-Y HTTP/1.1\" 200 - \"http://localhost:5173/\" \"Mozilla/5.0 (Windows NT 10.0; Win64; x64) AppleWebKit/537.36 (KHTML, like Gecko) Chrome/148.0.0.0 Safari/537.36\"","service":"visual-whiteboard-api","timestamp":"2026-05-26 17:29:53"}
{"level":"info","message":"User a@a.com left room whiteboard:6a06e877af1816f5fe51d5e5","service":"visual-whiteboard-api","timestamp":"2026-05-26 17:30:04"}
{"level":"info","message":"⚡ Socket connected: bZqDoRBvTgjkFbmDAAAH (User: a@a.com)","service":"visual-whiteboard-api","timestamp":"2026-05-26 17:30:52"}
{"level":"info","message":"User a@a.com joined room whiteboard:6a06e877af1816f5fe51d5e5","service":"visual-whiteboard-api","timestamp":"2026-05-26 17:30:52"}
{"level":"info","message":"::1 - - [26/May/2026:12:00:54 +0000] \"GET /api/v1/media/proxy/4e99bd7b7f1c9b556a59cc6e6cb3f620?token=eyJhbGciOiJIUzI1NiIsInR5cCI6IkpXVCJ9.eyJpZCI6IjZhMDVjOGEwZDk0ZjkxZmFiMTI4NGM0NyIsImlhdCI6MTc3OTc5Njc4OSwiZXhwIjoxNzc5Nzk3Njg5fQ.ivp0BsuHHp4NHucaWXa2cUbOewf60tW8F0qKr8NEn-Y HTTP/1.1\" 200 - \"http://localhost:5173/\" \"Mozilla/5.0 (Windows NT 10.0; Win64; x64) AppleWebKit/537.36 (KHTML, like Gecko) Chrome/148.0.0.0 Safari/537.36\"","service":"visual-whiteboard-api","timestamp":"2026-05-26 17:30:54"}
{"level":"info","message":"User a@a.com left room whiteboard:6a06e877af1816f5fe51d5e5","service":"visual-whiteboard-api","timestamp":"2026-05-26 17:32:11"}
{"level":"info","message":"::1 - - [26/May/2026:12:02:11 +0000] \"GET /api/v1/whiteboards HTTP/1.1\" 304 - \"http://localhost:5173/\" \"Mozilla/5.0 (Windows NT 10.0; Win64; x64) AppleWebKit/537.36 (KHTML, like Gecko) Chrome/148.0.0.0 Safari/537.36\"","service":"visual-whiteboard-api","timestamp":"2026-05-26 17:32:11"}
{"level":"info","message":"::1 - - [26/May/2026:12:02:11 +0000] \"GET /api/v1/whiteboards HTTP/1.1\" 304 - \"http://localhost:5173/\" \"Mozilla/5.0 (Windows NT 10.0; Win64; x64) AppleWebKit/537.36 (KHTML, like Gecko) Chrome/148.0.0.0 Safari/537.36\"","service":"visual-whiteboard-api","timestamp":"2026-05-26 17:32:11"}
{"level":"info","message":"Graceful shutdown initiated...","service":"visual-whiteboard-api","timestamp":"2026-05-26 17:32:17"}
{"level":"info","message":"Connected to MongoDB","service":"visual-whiteboard-api","timestamp":"2026-05-26 17:32:20"}
{"level":"info","message":"🚀 Connected to Redis","service":"visual-whiteboard-api","timestamp":"2026-05-26 17:32:20"}
{"level":"info","message":"Server running in development mode on port 5000","service":"visual-whiteboard-api","timestamp":"2026-05-26 17:32:20"}
{"level":"info","message":"🚀 Socket.io Redis Adapter configured","service":"visual-whiteboard-api","timestamp":"2026-05-26 17:32:20"}
{"level":"info","message":"::1 - - [26/May/2026:12:02:29 +0000] \"POST /api/v1/auth/login HTTP/1.1\" 200 392 \"http://localhost:5173/\" \"Mozilla/5.0 (Windows NT 10.0; Win64; x64) AppleWebKit/537.36 (KHTML, like Gecko) Chrome/148.0.0.0 Safari/537.36\"","service":"visual-whiteboard-api","timestamp":"2026-05-26 17:32:29"}
{"level":"info","message":"::1 - - [26/May/2026:12:02:29 +0000] \"GET /api/v1/whiteboards HTTP/1.1\" 304 - \"http://localhost:5173/\" \"Mozilla/5.0 (Windows NT 10.0; Win64; x64) AppleWebKit/537.36 (KHTML, like Gecko) Chrome/148.0.0.0 Safari/537.36\"","service":"visual-whiteboard-api","timestamp":"2026-05-26 17:32:29"}
{"level":"info","message":"::1 - - [26/May/2026:12:02:29 +0000] \"GET /api/v1/whiteboards HTTP/1.1\" 304 - \"http://localhost:5173/\" \"Mozilla/5.0 (Windows NT 10.0; Win64; x64) AppleWebKit/537.36 (KHTML, like Gecko) Chrome/148.0.0.0 Safari/537.36\"","service":"visual-whiteboard-api","timestamp":"2026-05-26 17:32:29"}
{"level":"info","message":"::1 - - [26/May/2026:12:02:47 +0000] \"GET /api/v1/whiteboards/6a06e877af1816f5fe51d5e5 HTTP/1.1\" 304 - \"http://localhost:5173/\" \"Mozilla/5.0 (Windows NT 10.0; Win64; x64) AppleWebKit/537.36 (KHTML, like Gecko) Chrome/148.0.0.0 Safari/537.36\"","service":"visual-whiteboard-api","timestamp":"2026-05-26 17:32:47"}
{"level":"info","message":"⚡ Socket connected: 91d2m0YsQqCdN-GFAAAC (User: a@a.com)","service":"visual-whiteboard-api","timestamp":"2026-05-26 17:32:47"}
{"level":"info","message":"User a@a.com joined room whiteboard:6a06e877af1816f5fe51d5e5","service":"visual-whiteboard-api","timestamp":"2026-05-26 17:32:47"}
{"level":"info","message":"::1 - - [26/May/2026:12:02:48 +0000] \"GET /api/v1/media/proxy/4e99bd7b7f1c9b556a59cc6e6cb3f620?token=eyJhbGciOiJIUzI1NiIsInR5cCI6IkpXVCJ9.eyJpZCI6IjZhMDVjOGEwZDk0ZjkxZmFiMTI4NGM0NyIsImlhdCI6MTc3OTc5Njk0OSwiZXhwIjoxNzc5Nzk3ODQ5fQ.k-N9vr5HTwGVR3j0doVcSPw0Fn9dGe_wGDCEJ6T9A4g HTTP/1.1\" 200 - \"http://localhost:5173/\" \"Mozilla/5.0 (Windows NT 10.0; Win64; x64) AppleWebKit/537.36 (KHTML, like Gecko) Chrome/148.0.0.0 Safari/537.36\"","service":"visual-whiteboard-api","timestamp":"2026-05-26 17:32:48"}
{"level":"info","message":"::1 - - [26/May/2026:12:03:24 +0000] \"POST /api/v1/attachments/upload HTTP/1.1\" 201 488 \"http://localhost:5173/\" \"Mozilla/5.0 (Windows NT 10.0; Win64; x64) AppleWebKit/537.36 (KHTML, like Gecko) Chrome/148.0.0.0 Safari/537.36\"","service":"visual-whiteboard-api","timestamp":"2026-05-26 17:33:24"}
{"level":"info","message":"::1 - - [26/May/2026:12:03:26 +0000] \"PUT /api/v1/whiteboards/6a06e877af1816f5fe51d5e5/canvas HTTP/1.1\" 200 58 \"http://localhost:5173/\" \"Mozilla/5.0 (Windows NT 10.0; Win64; x64) AppleWebKit/537.36 (KHTML, like Gecko) Chrome/148.0.0.0 Safari/537.36\"","service":"visual-whiteboard-api","timestamp":"2026-05-26 17:33:26"}
{"level":"info","message":"User a@a.com left room whiteboard:6a06e877af1816f5fe51d5e5","service":"visual-whiteboard-api","timestamp":"2026-05-26 17:33:34"}
{"level":"info","message":"::1 - - [26/May/2026:12:03:34 +0000] \"GET /api/v1/whiteboards/6a06e877af1816f5fe51d5e5 HTTP/1.1\" 200 18274 \"http://localhost:5173/\" \"Mozilla/5.0 (Windows NT 10.0; Win64; x64) AppleWebKit/537.36 (KHTML, like Gecko) Chrome/148.0.0.0 Safari/537.36\"","service":"visual-whiteboard-api","timestamp":"2026-05-26 17:33:34"}
{"level":"info","message":"::1 - - [26/May/2026:12:03:34 +0000] \"GET /api/v1/whiteboards/6a06e877af1816f5fe51d5e5 HTTP/1.1\" 304 - \"http://localhost:5173/\" \"Mozilla/5.0 (Windows NT 10.0; Win64; x64) AppleWebKit/537.36 (KHTML, like Gecko) Chrome/148.0.0.0 Safari/537.36\"","service":"visual-whiteboard-api","timestamp":"2026-05-26 17:33:34"}
{"level":"info","message":"⚡ Socket connected: PPPGd2CB9hL4Xy0UAAAF (User: a@a.com)","service":"visual-whiteboard-api","timestamp":"2026-05-26 17:33:34"}
{"level":"info","message":"User a@a.com joined room whiteboard:6a06e877af1816f5fe51d5e5","service":"visual-whiteboard-api","timestamp":"2026-05-26 17:33:34"}
{"level":"info","message":"::1 - - [26/May/2026:12:03:36 +0000] \"GET /api/v1/media/proxy/4e99bd7b7f1c9b556a59cc6e6cb3f620?token=eyJhbGciOiJIUzI1NiIsInR5cCI6IkpXVCJ9.eyJpZCI6IjZhMDVjOGEwZDk0ZjkxZmFiMTI4NGM0NyIsImlhdCI6MTc3OTc5Njk0OSwiZXhwIjoxNzc5Nzk3ODQ5fQ.k-N9vr5HTwGVR3j0doVcSPw0Fn9dGe_wGDCEJ6T9A4g HTTP/1.1\" 200 - \"http://localhost:5173/\" \"Mozilla/5.0 (Windows NT 10.0; Win64; x64) AppleWebKit/537.36 (KHTML, like Gecko) Chrome/148.0.0.0 Safari/537.36\"","service":"visual-whiteboard-api","timestamp":"2026-05-26 17:33:36"}
{"level":"info","message":"::1 - - [26/May/2026:12:03:44 +0000] \"GET /api/v1/attachments/6a158c0ca69c62632c4da5ad/url HTTP/1.1\" 200 126 \"http://localhost:5173/\" \"Mozilla/5.0 (Windows NT 10.0; Win64; x64) AppleWebKit/537.36 (KHTML, like Gecko) Chrome/148.0.0.0 Safari/537.36\"","service":"visual-whiteboard-api","timestamp":"2026-05-26 17:33:44"}
{"level":"info","message":"::1 - - [26/May/2026:12:04:14 +0000] \"PUT /api/v1/whiteboards/6a06e877af1816f5fe51d5e5/canvas HTTP/1.1\" 200 58 \"http://localhost:5173/\" \"Mozilla/5.0 (Windows NT 10.0; Win64; x64) AppleWebKit/537.36 (KHTML, like Gecko) Chrome/148.0.0.0 Safari/537.36\"","service":"visual-whiteboard-api","timestamp":"2026-05-26 17:34:14"}
{"level":"info","message":"::1 - - [26/May/2026:12:04:22 +0000] \"PUT /api/v1/whiteboards/6a06e877af1816f5fe51d5e5/canvas HTTP/1.1\" 200 58 \"http://localhost:5173/\" \"Mozilla/5.0 (Windows NT 10.0; Win64; x64) AppleWebKit/537.36 (KHTML, like Gecko) Chrome/148.0.0.0 Safari/537.36\"","service":"visual-whiteboard-api","timestamp":"2026-05-26 17:34:22"}
{"level":"info","message":"User a@a.com left room whiteboard:6a06e877af1816f5fe51d5e5","service":"visual-whiteboard-api","timestamp":"2026-05-26 17:37:26"}
{"level":"info","message":"::1 - - [26/May/2026:12:07:26 +0000] \"GET /api/v1/whiteboards/6a06e877af1816f5fe51d5e5 HTTP/1.1\" 200 18274 \"http://localhost:5173/\" \"Mozilla/5.0 (Windows NT 10.0; Win64; x64) AppleWebKit/537.36 (KHTML, like Gecko) Chrome/148.0.0.0 Safari/537.36\"","service":"visual-whiteboard-api","timestamp":"2026-05-26 17:37:26"}
{"level":"info","message":"⚡ Socket connected: m43HaFnWYSchGoKLAAAH (User: a@a.com)","service":"visual-whiteboard-api","timestamp":"2026-05-26 17:37:26"}
{"level":"info","message":"User a@a.com joined room whiteboard:6a06e877af1816f5fe51d5e5","service":"visual-whiteboard-api","timestamp":"2026-05-26 17:37:26"}
{"level":"info","message":"User a@a.com left room whiteboard:6a06e877af1816f5fe51d5e5","service":"visual-whiteboard-api","timestamp":"2026-05-26 17:38:28"}
{"level":"info","message":"⚡ Socket connected: MiLC5xCFDCLj8GwSAAAJ (User: a@a.com)","service":"visual-whiteboard-api","timestamp":"2026-05-26 17:38:28"}
{"level":"info","message":"User a@a.com joined room whiteboard:6a06e877af1816f5fe51d5e5","service":"visual-whiteboard-api","timestamp":"2026-05-26 17:38:28"}
{"level":"info","message":"Graceful shutdown initiated...","service":"visual-whiteboard-api","timestamp":"2026-05-26 17:39:11"}
{"level":"info","message":"Connected to MongoDB","service":"visual-whiteboard-api","timestamp":"2026-05-26 17:39:18"}
{"level":"info","message":"🚀 Connected to Redis","service":"visual-whiteboard-api","timestamp":"2026-05-26 17:39:18"}
{"level":"info","message":"Server running in development mode on port 5000","service":"visual-whiteboard-api","timestamp":"2026-05-26 17:39:18"}
{"level":"info","message":"🚀 Socket.io Redis Adapter configured","service":"visual-whiteboard-api","timestamp":"2026-05-26 17:39:18"}
{"level":"info","message":"⚡ Socket connected: adVzqzt50Ypcb0PZAAAB (User: a@a.com)","service":"visual-whiteboard-api","timestamp":"2026-05-26 17:39:18"}
{"level":"info","message":"User a@a.com joined room whiteboard:6a06e877af1816f5fe51d5e5","service":"visual-whiteboard-api","timestamp":"2026-05-26 17:39:18"}
{"level":"info","message":"User a@a.com left room whiteboard:6a06e877af1816f5fe51d5e5","service":"visual-whiteboard-api","timestamp":"2026-05-26 17:39:21"}
{"level":"info","message":"::1 - - [26/May/2026:12:09:21 +0000] \"GET /api/v1/whiteboards HTTP/1.1\" 200 1824 \"http://localhost:5173/\" \"Mozilla/5.0 (Windows NT 10.0; Win64; x64) AppleWebKit/537.36 (KHTML, like Gecko) Chrome/148.0.0.0 Safari/537.36\"","service":"visual-whiteboard-api","timestamp":"2026-05-26 17:39:21"}
{"level":"info","message":"::1 - - [26/May/2026:12:09:21 +0000] \"GET /api/v1/whiteboards HTTP/1.1\" 304 - \"http://localhost:5173/\" \"Mozilla/5.0 (Windows NT 10.0; Win64; x64) AppleWebKit/537.36 (KHTML, like Gecko) Chrome/148.0.0.0 Safari/537.36\"","service":"visual-whiteboard-api","timestamp":"2026-05-26 17:39:21"}
{"level":"info","message":"::1 - - [26/May/2026:12:09:31 +0000] \"POST /api/v1/auth/login HTTP/1.1\" 200 392 \"http://localhost:5173/\" \"Mozilla/5.0 (Windows NT 10.0; Win64; x64) AppleWebKit/537.36 (KHTML, like Gecko) Chrome/148.0.0.0 Safari/537.36\"","service":"visual-whiteboard-api","timestamp":"2026-05-26 17:39:31"}
{"level":"info","message":"::1 - - [26/May/2026:12:09:31 +0000] \"GET /api/v1/whiteboards HTTP/1.1\" 304 - \"http://localhost:5173/\" \"Mozilla/5.0 (Windows NT 10.0; Win64; x64) AppleWebKit/537.36 (KHTML, like Gecko) Chrome/148.0.0.0 Safari/537.36\"","service":"visual-whiteboard-api","timestamp":"2026-05-26 17:39:31"}
{"level":"info","message":"::1 - - [26/May/2026:12:09:31 +0000] \"GET /api/v1/whiteboards HTTP/1.1\" 304 - \"http://localhost:5173/\" \"Mozilla/5.0 (Windows NT 10.0; Win64; x64) AppleWebKit/537.36 (KHTML, like Gecko) Chrome/148.0.0.0 Safari/537.36\"","service":"visual-whiteboard-api","timestamp":"2026-05-26 17:39:31"}
{"level":"info","message":"::1 - - [26/May/2026:12:09:32 +0000] \"GET /api/v1/whiteboards/6a06e877af1816f5fe51d5e5 HTTP/1.1\" 304 - \"http://localhost:5173/\" \"Mozilla/5.0 (Windows NT 10.0; Win64; x64) AppleWebKit/537.36 (KHTML, like Gecko) Chrome/148.0.0.0 Safari/537.36\"","service":"visual-whiteboard-api","timestamp":"2026-05-26 17:39:32"}
{"level":"info","message":"⚡ Socket connected: _5iPceq58l2l47EQAAAE (User: a@a.com)","service":"visual-whiteboard-api","timestamp":"2026-05-26 17:39:32"}
{"level":"info","message":"User a@a.com joined room whiteboard:6a06e877af1816f5fe51d5e5","service":"visual-whiteboard-api","timestamp":"2026-05-26 17:39:32"}
{"level":"info","message":"::1 - - [26/May/2026:12:09:34 +0000] \"GET /api/v1/media/proxy/4e99bd7b7f1c9b556a59cc6e6cb3f620?token=eyJhbGciOiJIUzI1NiIsInR5cCI6IkpXVCJ9.eyJpZCI6IjZhMDVjOGEwZDk0ZjkxZmFiMTI4NGM0NyIsImlhdCI6MTc3OTc5NzM3MSwiZXhwIjoxNzc5Nzk4MjcxfQ.J5WbMnjCs79v-BaZI4FG2LGiPJIvG60hmbfGGR7m2mI HTTP/1.1\" 200 - \"http://localhost:5173/\" \"Mozilla/5.0 (Windows NT 10.0; Win64; x64) AppleWebKit/537.36 (KHTML, like Gecko) Chrome/148.0.0.0 Safari/537.36\"","service":"visual-whiteboard-api","timestamp":"2026-05-26 17:39:34"}
{"level":"info","message":"User a@a.com left room whiteboard:6a06e877af1816f5fe51d5e5","service":"visual-whiteboard-api","timestamp":"2026-05-26 17:40:55"}
{"level":"info","message":"::1 - - [26/May/2026:12:10:55 +0000] \"GET /api/v1/whiteboards/6a06e877af1816f5fe51d5e5 HTTP/1.1\" 304 - \"http://localhost:5173/\" \"Mozilla/5.0 (Windows NT 10.0; Win64; x64) AppleWebKit/537.36 (KHTML, like Gecko) Chrome/148.0.0.0 Safari/537.36\"","service":"visual-whiteboard-api","timestamp":"2026-05-26 17:40:55"}
{"level":"info","message":"⚡ Socket connected: At2us7gMchw9i_0vAAAG (User: a@a.com)","service":"visual-whiteboard-api","timestamp":"2026-05-26 17:40:55"}
{"level":"info","message":"User a@a.com joined room whiteboard:6a06e877af1816f5fe51d5e5","service":"visual-whiteboard-api","timestamp":"2026-05-26 17:40:55"}
{"level":"info","message":"User a@a.com left room whiteboard:6a06e877af1816f5fe51d5e5","service":"visual-whiteboard-api","timestamp":"2026-05-26 17:42:40"}
{"level":"info","message":"::1 - - [26/May/2026:12:12:40 +0000] \"GET /api/v1/whiteboards HTTP/1.1\" 304 - \"http://localhost:5173/\" \"Mozilla/5.0 (Windows NT 10.0; Win64; x64) AppleWebKit/537.36 (KHTML, like Gecko) Chrome/148.0.0.0 Safari/537.36\"","service":"visual-whiteboard-api","timestamp":"2026-05-26 17:42:40"}
{"level":"info","message":"::1 - - [26/May/2026:12:12:40 +0000] \"GET /api/v1/whiteboards HTTP/1.1\" 304 - \"http://localhost:5173/\" \"Mozilla/5.0 (Windows NT 10.0; Win64; x64) AppleWebKit/537.36 (KHTML, like Gecko) Chrome/148.0.0.0 Safari/537.36\"","service":"visual-whiteboard-api","timestamp":"2026-05-26 17:42:40"}
{"level":"info","message":"Graceful shutdown initiated...","service":"visual-whiteboard-api","timestamp":"2026-05-26 17:42:43"}
{"level":"info","message":"Connected to MongoDB","service":"visual-whiteboard-api","timestamp":"2026-05-26 17:42:48"}
{"level":"info","message":"🚀 Connected to Redis","service":"visual-whiteboard-api","timestamp":"2026-05-26 17:42:48"}
{"level":"info","message":"Server running in development mode on port 5000","service":"visual-whiteboard-api","timestamp":"2026-05-26 17:42:48"}
{"level":"info","message":"🚀 Socket.io Redis Adapter configured","service":"visual-whiteboard-api","timestamp":"2026-05-26 17:42:48"}
{"level":"info","message":"::1 - - [26/May/2026:12:12:51 +0000] \"GET /api/v1/whiteboards HTTP/1.1\" 304 - \"http://localhost:5173/\" \"Mozilla/5.0 (Windows NT 10.0; Win64; x64) AppleWebKit/537.36 (KHTML, like Gecko) Chrome/148.0.0.0 Safari/537.36\"","service":"visual-whiteboard-api","timestamp":"2026-05-26 17:42:51"}
{"level":"info","message":"::1 - - [26/May/2026:12:12:51 +0000] \"GET /api/v1/whiteboards HTTP/1.1\" 304 - \"http://localhost:5173/\" \"Mozilla/5.0 (Windows NT 10.0; Win64; x64) AppleWebKit/537.36 (KHTML, like Gecko) Chrome/148.0.0.0 Safari/537.36\"","service":"visual-whiteboard-api","timestamp":"2026-05-26 17:42:51"}
{"level":"info","message":"::1 - - [26/May/2026:12:13:11 +0000] \"POST /api/v1/auth/login HTTP/1.1\" 200 392 \"http://localhost:5173/\" \"Mozilla/5.0 (Windows NT 10.0; Win64; x64) AppleWebKit/537.36 (KHTML, like Gecko) Chrome/148.0.0.0 Safari/537.36\"","service":"visual-whiteboard-api","timestamp":"2026-05-26 17:43:11"}
{"level":"info","message":"::1 - - [26/May/2026:12:13:11 +0000] \"GET /api/v1/whiteboards HTTP/1.1\" 304 - \"http://localhost:5173/\" \"Mozilla/5.0 (Windows NT 10.0; Win64; x64) AppleWebKit/537.36 (KHTML, like Gecko) Chrome/148.0.0.0 Safari/537.36\"","service":"visual-whiteboard-api","timestamp":"2026-05-26 17:43:11"}
{"level":"info","message":"::1 - - [26/May/2026:12:13:11 +0000] \"GET /api/v1/whiteboards HTTP/1.1\" 304 - \"http://localhost:5173/\" \"Mozilla/5.0 (Windows NT 10.0; Win64; x64) AppleWebKit/537.36 (KHTML, like Gecko) Chrome/148.0.0.0 Safari/537.36\"","service":"visual-whiteboard-api","timestamp":"2026-05-26 17:43:11"}
{"level":"info","message":"::1 - - [26/May/2026:12:13:14 +0000] \"GET /api/v1/whiteboards/6a06e877af1816f5fe51d5e5 HTTP/1.1\" 304 - \"http://localhost:5173/\" \"Mozilla/5.0 (Windows NT 10.0; Win64; x64) AppleWebKit/537.36 (KHTML, like Gecko) Chrome/148.0.0.0 Safari/537.36\"","service":"visual-whiteboard-api","timestamp":"2026-05-26 17:43:14"}
{"level":"info","message":"⚡ Socket connected: g_8v2IAeUxMX7tG4AAAC (User: a@a.com)","service":"visual-whiteboard-api","timestamp":"2026-05-26 17:43:14"}
{"level":"info","message":"User a@a.com joined room whiteboard:6a06e877af1816f5fe51d5e5","service":"visual-whiteboard-api","timestamp":"2026-05-26 17:43:14"}
{"level":"info","message":"::1 - - [26/May/2026:12:13:16 +0000] \"GET /api/v1/media/proxy/4e99bd7b7f1c9b556a59cc6e6cb3f620?token=eyJhbGciOiJIUzI1NiIsInR5cCI6IkpXVCJ9.eyJpZCI6IjZhMDVjOGEwZDk0ZjkxZmFiMTI4NGM0NyIsImlhdCI6MTc3OTc5NzU5MSwiZXhwIjoxNzc5Nzk4NDkxfQ.kf3s5kCgeuCHPWbLY_3JB3oCNICxHREGUyy2o9rxQUw HTTP/1.1\" 200 - \"http://localhost:5173/\" \"Mozilla/5.0 (Windows NT 10.0; Win64; x64) AppleWebKit/537.36 (KHTML, like Gecko) Chrome/148.0.0.0 Safari/537.36\"","service":"visual-whiteboard-api","timestamp":"2026-05-26 17:43:16"}
{"level":"info","message":"User a@a.com left room whiteboard:6a06e877af1816f5fe51d5e5","service":"visual-whiteboard-api","timestamp":"2026-05-26 17:43:57"}
{"level":"info","message":"::1 - - [26/May/2026:12:13:57 +0000] \"GET /api/v1/whiteboards HTTP/1.1\" 304 - \"http://localhost:5173/\" \"Mozilla/5.0 (Windows NT 10.0; Win64; x64) AppleWebKit/537.36 (KHTML, like Gecko) Chrome/148.0.0.0 Safari/537.36\"","service":"visual-whiteboard-api","timestamp":"2026-05-26 17:43:57"}
{"level":"info","message":"::1 - - [26/May/2026:12:13:57 +0000] \"GET /api/v1/whiteboards HTTP/1.1\" 304 - \"http://localhost:5173/\" \"Mozilla/5.0 (Windows NT 10.0; Win64; x64) AppleWebKit/537.36 (KHTML, like Gecko) Chrome/148.0.0.0 Safari/537.36\"","service":"visual-whiteboard-api","timestamp":"2026-05-26 17:43:57"}
{"level":"info","message":"::1 - - [26/May/2026:12:14:34 +0000] \"POST /api/v1/auth/login HTTP/1.1\" 200 392 \"http://localhost:5173/\" \"Mozilla/5.0 (Windows NT 10.0; Win64; x64) AppleWebKit/537.36 (KHTML, like Gecko) Chrome/148.0.0.0 Safari/537.36\"","service":"visual-whiteboard-api","timestamp":"2026-05-26 17:44:34"}
{"level":"info","message":"::1 - - [26/May/2026:12:14:34 +0000] \"GET /api/v1/whiteboards HTTP/1.1\" 304 - \"http://localhost:5173/\" \"Mozilla/5.0 (Windows NT 10.0; Win64; x64) AppleWebKit/537.36 (KHTML, like Gecko) Chrome/148.0.0.0 Safari/537.36\"","service":"visual-whiteboard-api","timestamp":"2026-05-26 17:44:34"}
{"level":"info","message":"::1 - - [26/May/2026:12:14:34 +0000] \"GET /api/v1/whiteboards HTTP/1.1\" 304 - \"http://localhost:5173/\" \"Mozilla/5.0 (Windows NT 10.0; Win64; x64) AppleWebKit/537.36 (KHTML, like Gecko) Chrome/148.0.0.0 Safari/537.36\"","service":"visual-whiteboard-api","timestamp":"2026-05-26 17:44:34"}
{"level":"info","message":"Connected to MongoDB","service":"visual-whiteboard-api","timestamp":"2026-05-26 17:46:53"}
{"level":"info","message":"🚀 Connected to Redis","service":"visual-whiteboard-api","timestamp":"2026-05-26 17:46:53"}
{"level":"info","message":"Server running in development mode on port 5000","service":"visual-whiteboard-api","timestamp":"2026-05-26 17:46:53"}
{"level":"info","message":"🚀 Socket.io Redis Adapter configured","service":"visual-whiteboard-api","timestamp":"2026-05-26 17:46:53"}
{"level":"info","message":"Connected to MongoDB","service":"visual-whiteboard-api","timestamp":"2026-05-26 17:47:03"}
{"level":"info","message":"🚀 Connected to Redis","service":"visual-whiteboard-api","timestamp":"2026-05-26 17:47:03"}
{"level":"info","message":"Server running in development mode on port 5000","service":"visual-whiteboard-api","timestamp":"2026-05-26 17:47:03"}
{"level":"info","message":"🚀 Socket.io Redis Adapter configured","service":"visual-whiteboard-api","timestamp":"2026-05-26 17:47:03"}
{"level":"info","message":"::1 - - [26/May/2026:12:17:20 +0000] \"GET /api/v1/whiteboards HTTP/1.1\" 304 - \"http://localhost:5173/\" \"Mozilla/5.0 (Windows NT 10.0; Win64; x64) AppleWebKit/537.36 (KHTML, like Gecko) Chrome/148.0.0.0 Safari/537.36\"","service":"visual-whiteboard-api","timestamp":"2026-05-26 17:47:20"}
{"level":"info","message":"::1 - - [26/May/2026:12:18:29 +0000] \"POST /api/v1/auth/login HTTP/1.1\" 200 392 \"http://localhost:5173/\" \"Mozilla/5.0 (Windows NT 10.0; Win64; x64) AppleWebKit/537.36 (KHTML, like Gecko) Chrome/148.0.0.0 Safari/537.36\"","service":"visual-whiteboard-api","timestamp":"2026-05-26 17:48:29"}
{"level":"info","message":"::1 - - [26/May/2026:12:18:29 +0000] \"GET /api/v1/whiteboards HTTP/1.1\" 304 - \"http://localhost:5173/\" \"Mozilla/5.0 (Windows NT 10.0; Win64; x64) AppleWebKit/537.36 (KHTML, like Gecko) Chrome/148.0.0.0 Safari/537.36\"","service":"visual-whiteboard-api","timestamp":"2026-05-26 17:48:29"}
{"level":"info","message":"::1 - - [26/May/2026:12:18:29 +0000] \"GET /api/v1/whiteboards HTTP/1.1\" 304 - \"http://localhost:5173/\" \"Mozilla/5.0 (Windows NT 10.0; Win64; x64) AppleWebKit/537.36 (KHTML, like Gecko) Chrome/148.0.0.0 Safari/537.36\"","service":"visual-whiteboard-api","timestamp":"2026-05-26 17:48:29"}
{"level":"info","message":"::1 - - [26/May/2026:12:18:39 +0000] \"PUT /api/v1/whiteboards/6a06e877af1816f5fe51d5e5/rename HTTP/1.1\" 200 18203 \"http://localhost:5173/\" \"Mozilla/5.0 (Windows NT 10.0; Win64; x64) AppleWebKit/537.36 (KHTML, like Gecko) Chrome/148.0.0.0 Safari/537.36\"","service":"visual-whiteboard-api","timestamp":"2026-05-26 17:48:39"}
{"level":"info","message":"::1 - - [26/May/2026:12:18:45 +0000] \"DELETE /api/v1/whiteboards/6a05c8a4d94f91fab1284c49 HTTP/1.1\" 200 64 \"http://localhost:5173/\" \"Mozilla/5.0 (Windows NT 10.0; Win64; x64) AppleWebKit/537.36 (KHTML, like Gecko) Chrome/148.0.0.0 Safari/537.36\"","service":"visual-whiteboard-api","timestamp":"2026-05-26 17:48:45"}
{"level":"info","message":"::1 - - [26/May/2026:12:19:06 +0000] \"GET /api/v1/whiteboards/6a06e877af1816f5fe51d5e5 HTTP/1.1\" 200 18261 \"http://localhost:5173/\" \"Mozilla/5.0 (Windows NT 10.0; Win64; x64) AppleWebKit/537.36 (KHTML, like Gecko) Chrome/148.0.0.0 Safari/537.36\"","service":"visual-whiteboard-api","timestamp":"2026-05-26 17:49:06"}
{"level":"info","message":"⚡ Socket connected: 0gkz4ZWFcxXaS_opAAAC (User: a@a.com)","service":"visual-whiteboard-api","timestamp":"2026-05-26 17:49:06"}
{"level":"info","message":"User a@a.com joined room whiteboard:6a06e877af1816f5fe51d5e5","service":"visual-whiteboard-api","timestamp":"2026-05-26 17:49:06"}
{"level":"info","message":"::1 - - [26/May/2026:12:19:07 +0000] \"GET /api/v1/media/proxy/4e99bd7b7f1c9b556a59cc6e6cb3f620?token=eyJhbGciOiJIUzI1NiIsInR5cCI6IkpXVCJ9.eyJpZCI6IjZhMDVjOGEwZDk0ZjkxZmFiMTI4NGM0NyIsImlhdCI6MTc3OTc5NzkwOSwiZXhwIjoxNzc5Nzk4ODA5fQ.OGYJUu0UArC7WRjinuquXBQVBMinj-5P8leDaOiFDOU HTTP/1.1\" 200 - \"http://localhost:5173/\" \"Mozilla/5.0 (Windows NT 10.0; Win64; x64) AppleWebKit/537.36 (KHTML, like Gecko) Chrome/148.0.0.0 Safari/537.36\"","service":"visual-whiteboard-api","timestamp":"2026-05-26 17:49:07"}
{"level":"info","message":"Connected to MongoDB","service":"visual-whiteboard-api","timestamp":"2026-05-26 17:55:29"}
{"level":"info","message":"🚀 Connected to Redis","service":"visual-whiteboard-api","timestamp":"2026-05-26 17:55:29"}
{"level":"info","message":"Server running in development mode on port 5000","service":"visual-whiteboard-api","timestamp":"2026-05-26 17:55:29"}
{"level":"info","message":"🚀 Socket.io Redis Adapter configured","service":"visual-whiteboard-api","timestamp":"2026-05-26 17:55:29"}
{"level":"info","message":"⚡ Socket connected: NNrh2W52B70ypoPPAAAB (User: a@a.com)","service":"visual-whiteboard-api","timestamp":"2026-05-26 17:55:30"}
{"level":"info","message":"User a@a.com joined room whiteboard:6a06e877af1816f5fe51d5e5","service":"visual-whiteboard-api","timestamp":"2026-05-26 17:55:30"}
{"level":"info","message":"Connected to MongoDB","service":"visual-whiteboard-api","timestamp":"2026-05-26 17:55:46"}
{"level":"info","message":"🚀 Connected to Redis","service":"visual-whiteboard-api","timestamp":"2026-05-26 17:55:46"}
{"level":"info","message":"Server running in development mode on port 5000","service":"visual-whiteboard-api","timestamp":"2026-05-26 17:55:46"}
{"level":"info","message":"🚀 Socket.io Redis Adapter configured","service":"visual-whiteboard-api","timestamp":"2026-05-26 17:55:46"}
{"level":"info","message":"⚡ Socket connected: o-P9dMuxTgf8VN7ZAAAB (User: a@a.com)","service":"visual-whiteboard-api","timestamp":"2026-05-26 17:55:47"}
{"level":"info","message":"User a@a.com joined room whiteboard:6a06e877af1816f5fe51d5e5","service":"visual-whiteboard-api","timestamp":"2026-05-26 17:55:47"}
{"level":"info","message":"Connected to MongoDB","service":"visual-whiteboard-api","timestamp":"2026-05-26 17:55:57"}
{"level":"info","message":"🚀 Connected to Redis","service":"visual-whiteboard-api","timestamp":"2026-05-26 17:55:57"}
{"level":"info","message":"Server running in development mode on port 5000","service":"visual-whiteboard-api","timestamp":"2026-05-26 17:55:57"}
{"level":"info","message":"🚀 Socket.io Redis Adapter configured","service":"visual-whiteboard-api","timestamp":"2026-05-26 17:55:57"}
{"level":"info","message":"⚡ Socket connected: PVl_G8dKkKCe0qc8AAAB (User: a@a.com)","service":"visual-whiteboard-api","timestamp":"2026-05-26 17:55:58"}
{"level":"info","message":"User a@a.com joined room whiteboard:6a06e877af1816f5fe51d5e5","service":"visual-whiteboard-api","timestamp":"2026-05-26 17:55:58"}
{"level":"info","message":"Connected to MongoDB","service":"visual-whiteboard-api","timestamp":"2026-05-26 17:56:09"}
{"level":"info","message":"🚀 Connected to Redis","service":"visual-whiteboard-api","timestamp":"2026-05-26 17:56:09"}
{"level":"info","message":"Server running in development mode on port 5000","service":"visual-whiteboard-api","timestamp":"2026-05-26 17:56:09"}
{"level":"info","message":"🚀 Socket.io Redis Adapter configured","service":"visual-whiteboard-api","timestamp":"2026-05-26 17:56:09"}
{"level":"info","message":"⚡ Socket connected: 4KFvtp9TWayTtciwAAAB (User: a@a.com)","service":"visual-whiteboard-api","timestamp":"2026-05-26 17:56:11"}
{"level":"info","message":"User a@a.com joined room whiteboard:6a06e877af1816f5fe51d5e5","service":"visual-whiteboard-api","timestamp":"2026-05-26 17:56:11"}
{"level":"info","message":"Connected to MongoDB","service":"visual-whiteboard-api","timestamp":"2026-05-26 17:56:55"}
{"level":"info","message":"🚀 Connected to Redis","service":"visual-whiteboard-api","timestamp":"2026-05-26 17:56:55"}
{"level":"info","message":"Server running in development mode on port 5000","service":"visual-whiteboard-api","timestamp":"2026-05-26 17:56:55"}
{"level":"info","message":"🚀 Socket.io Redis Adapter configured","service":"visual-whiteboard-api","timestamp":"2026-05-26 17:56:55"}
{"level":"info","message":"⚡ Socket connected: GxqZGEDEjPEx0KEsAAAB (User: a@a.com)","service":"visual-whiteboard-api","timestamp":"2026-05-26 17:56:55"}
{"level":"info","message":"User a@a.com joined room whiteboard:6a06e877af1816f5fe51d5e5","service":"visual-whiteboard-api","timestamp":"2026-05-26 17:56:55"}
{"level":"info","message":"Connected to MongoDB","service":"visual-whiteboard-api","timestamp":"2026-05-26 17:57:04"}
{"level":"info","message":"🚀 Connected to Redis","service":"visual-whiteboard-api","timestamp":"2026-05-26 17:57:04"}
{"level":"info","message":"Server running in development mode on port 5000","service":"visual-whiteboard-api","timestamp":"2026-05-26 17:57:04"}
{"level":"info","message":"🚀 Socket.io Redis Adapter configured","service":"visual-whiteboard-api","timestamp":"2026-05-26 17:57:04"}
{"level":"info","message":"⚡ Socket connected: zJo4HYtG6JsseFhhAAAB (User: a@a.com)","service":"visual-whiteboard-api","timestamp":"2026-05-26 17:57:05"}
{"level":"info","message":"User a@a.com joined room whiteboard:6a06e877af1816f5fe51d5e5","service":"visual-whiteboard-api","timestamp":"2026-05-26 17:57:05"}
{"level":"info","message":"User a@a.com left room whiteboard:6a06e877af1816f5fe51d5e5","service":"visual-whiteboard-api","timestamp":"2026-05-26 17:57:18"}
{"level":"info","message":"⚡ Socket connected: cPFU3kLP2n1089z5AAAD (User: a@a.com)","service":"visual-whiteboard-api","timestamp":"2026-05-26 17:57:18"}
{"level":"info","message":"User a@a.com joined room whiteboard:6a06e877af1816f5fe51d5e5","service":"visual-whiteboard-api","timestamp":"2026-05-26 17:57:18"}
{"level":"info","message":"User a@a.com left room whiteboard:6a06e877af1816f5fe51d5e5","service":"visual-whiteboard-api","timestamp":"2026-05-26 17:57:46"}
{"level":"info","message":"⚡ Socket connected: MDMh9cNdpvMFeNWfAAAF (User: a@a.com)","service":"visual-whiteboard-api","timestamp":"2026-05-26 17:57:46"}
{"level":"info","message":"User a@a.com joined room whiteboard:6a06e877af1816f5fe51d5e5","service":"visual-whiteboard-api","timestamp":"2026-05-26 17:57:46"}
{"level":"info","message":"User a@a.com left room whiteboard:6a06e877af1816f5fe51d5e5","service":"visual-whiteboard-api","timestamp":"2026-05-26 18:01:52"}
{"level":"info","message":"⚡ Socket connected: Quc2hlgsXfl7rDPiAAAH (User: a@a.com)","service":"visual-whiteboard-api","timestamp":"2026-05-26 18:01:52"}
{"level":"info","message":"User a@a.com joined room whiteboard:6a06e877af1816f5fe51d5e5","service":"visual-whiteboard-api","timestamp":"2026-05-26 18:01:52"}
{"level":"info","message":"Graceful shutdown initiated...","service":"visual-whiteboard-api","timestamp":"2026-05-26 18:04:25"}
{"level":"info","message":"Connected to MongoDB","service":"visual-whiteboard-api","timestamp":"2026-05-26 18:04:27"}
{"level":"info","message":"🚀 Connected to Redis","service":"visual-whiteboard-api","timestamp":"2026-05-26 18:04:27"}
{"level":"info","message":"Server running in development mode on port 5000","service":"visual-whiteboard-api","timestamp":"2026-05-26 18:04:27"}
{"level":"info","message":"🚀 Socket.io Redis Adapter configured","service":"visual-whiteboard-api","timestamp":"2026-05-26 18:04:27"}
{"level":"error","message":"Authentication error: jwt expired","service":"visual-whiteboard-api","timestamp":"2026-05-26 18:04:31"}
{"level":"info","message":"::1 - - [26/May/2026:12:34:31 +0000] \"GET /api/v1/whiteboards/6a06e877af1816f5fe51d5e5 HTTP/1.1\" 401 81 \"http://localhost:5173/\" \"Mozilla/5.0 (Windows NT 10.0; Win64; x64) AppleWebKit/537.36 (KHTML, like Gecko) Chrome/148.0.0.0 Safari/537.36\"","service":"visual-whiteboard-api","timestamp":"2026-05-26 18:04:31"}
{"level":"error","message":"Authentication error: jwt expired","service":"visual-whiteboard-api","timestamp":"2026-05-26 18:04:31"}
{"level":"info","message":"::1 - - [26/May/2026:12:34:31 +0000] \"GET /api/v1/whiteboards/6a06e877af1816f5fe51d5e5 HTTP/1.1\" 401 81 \"http://localhost:5173/\" \"Mozilla/5.0 (Windows NT 10.0; Win64; x64) AppleWebKit/537.36 (KHTML, like Gecko) Chrome/148.0.0.0 Safari/537.36\"","service":"visual-whiteboard-api","timestamp":"2026-05-26 18:04:31"}
{"level":"error","message":"Authentication error: jwt expired","service":"visual-whiteboard-api","timestamp":"2026-05-26 18:04:32"}
{"level":"info","message":"::1 - - [26/May/2026:12:34:32 +0000] \"GET /api/v1/whiteboards HTTP/1.1\" 401 81 \"http://localhost:5173/\" \"Mozilla/5.0 (Windows NT 10.0; Win64; x64) AppleWebKit/537.36 (KHTML, like Gecko) Chrome/148.0.0.0 Safari/537.36\"","service":"visual-whiteboard-api","timestamp":"2026-05-26 18:04:32"}
{"level":"error","message":"Authentication error: jwt expired","service":"visual-whiteboard-api","timestamp":"2026-05-26 18:04:32"}
{"level":"info","message":"::1 - - [26/May/2026:12:34:32 +0000] \"GET /api/v1/whiteboards/invitations HTTP/1.1\" 401 81 \"http://localhost:5173/\" \"Mozilla/5.0 (Windows NT 10.0; Win64; x64) AppleWebKit/537.36 (KHTML, like Gecko) Chrome/148.0.0.0 Safari/537.36\"","service":"visual-whiteboard-api","timestamp":"2026-05-26 18:04:32"}
{"level":"error","message":"Authentication error: jwt expired","service":"visual-whiteboard-api","timestamp":"2026-05-26 18:04:32"}
{"level":"info","message":"::1 - - [26/May/2026:12:34:32 +0000] \"GET /api/v1/whiteboards HTTP/1.1\" 401 81 \"http://localhost:5173/\" \"Mozilla/5.0 (Windows NT 10.0; Win64; x64) AppleWebKit/537.36 (KHTML, like Gecko) Chrome/148.0.0.0 Safari/537.36\"","service":"visual-whiteboard-api","timestamp":"2026-05-26 18:04:32"}
{"level":"error","message":"Authentication error: jwt expired","service":"visual-whiteboard-api","timestamp":"2026-05-26 18:04:32"}
{"level":"info","message":"::1 - - [26/May/2026:12:34:32 +0000] \"GET /api/v1/whiteboards/invitations HTTP/1.1\" 401 81 \"http://localhost:5173/\" \"Mozilla/5.0 (Windows NT 10.0; Win64; x64) AppleWebKit/537.36 (KHTML, like Gecko) Chrome/148.0.0.0 Safari/537.36\"","service":"visual-whiteboard-api","timestamp":"2026-05-26 18:04:32"}
{"level":"info","message":"::1 - - [26/May/2026:12:34:43 +0000] \"POST /api/v1/auth/login HTTP/1.1\" 200 392 \"http://localhost:5173/\" \"Mozilla/5.0 (Windows NT 10.0; Win64; x64) AppleWebKit/537.36 (KHTML, like Gecko) Chrome/148.0.0.0 Safari/537.36\"","service":"visual-whiteboard-api","timestamp":"2026-05-26 18:04:43"}
{"level":"info","message":"::1 - - [26/May/2026:12:34:43 +0000] \"GET /api/v1/whiteboards/invitations HTTP/1.1\" 200 42 \"http://localhost:5173/\" \"Mozilla/5.0 (Windows NT 10.0; Win64; x64) AppleWebKit/537.36 (KHTML, like Gecko) Chrome/148.0.0.0 Safari/537.36\"","service":"visual-whiteboard-api","timestamp":"2026-05-26 18:04:43"}
{"level":"info","message":"::1 - - [26/May/2026:12:34:43 +0000] \"GET /api/v1/whiteboards HTTP/1.1\" 200 1594 \"http://localhost:5173/\" \"Mozilla/5.0 (Windows NT 10.0; Win64; x64) AppleWebKit/537.36 (KHTML, like Gecko) Chrome/148.0.0.0 Safari/537.36\"","service":"visual-whiteboard-api","timestamp":"2026-05-26 18:04:43"}
{"level":"info","message":"::1 - - [26/May/2026:12:34:43 +0000] \"GET /api/v1/whiteboards/invitations HTTP/1.1\" 304 - \"http://localhost:5173/\" \"Mozilla/5.0 (Windows NT 10.0; Win64; x64) AppleWebKit/537.36 (KHTML, like Gecko) Chrome/148.0.0.0 Safari/537.36\"","service":"visual-whiteboard-api","timestamp":"2026-05-26 18:04:43"}
{"level":"info","message":"::1 - - [26/May/2026:12:34:43 +0000] \"GET /api/v1/whiteboards HTTP/1.1\" 304 - \"http://localhost:5173/\" \"Mozilla/5.0 (Windows NT 10.0; Win64; x64) AppleWebKit/537.36 (KHTML, like Gecko) Chrome/148.0.0.0 Safari/537.36\"","service":"visual-whiteboard-api","timestamp":"2026-05-26 18:04:43"}
{"level":"info","message":"::1 - - [26/May/2026:12:34:46 +0000] \"GET /api/v1/whiteboards/6a06e877af1816f5fe51d5e5 HTTP/1.1\" 304 - \"http://localhost:5173/\" \"Mozilla/5.0 (Windows NT 10.0; Win64; x64) AppleWebKit/537.36 (KHTML, like Gecko) Chrome/148.0.0.0 Safari/537.36\"","service":"visual-whiteboard-api","timestamp":"2026-05-26 18:04:46"}
{"level":"info","message":"⚡ Socket connected: WCPF49T8a4a9aRO2AAAE (User: a@a.com)","service":"visual-whiteboard-api","timestamp":"2026-05-26 18:04:46"}
{"level":"info","message":"User a@a.com joined room whiteboard:6a06e877af1816f5fe51d5e5","service":"visual-whiteboard-api","timestamp":"2026-05-26 18:04:47"}
{"level":"info","message":"::1 - - [26/May/2026:12:34:48 +0000] \"GET /api/v1/media/proxy/4e99bd7b7f1c9b556a59cc6e6cb3f620?token=eyJhbGciOiJIUzI1NiIsInR5cCI6IkpXVCJ9.eyJpZCI6IjZhMDVjOGEwZDk0ZjkxZmFiMTI4NGM0NyIsImlhdCI6MTc3OTc5ODg4MywiZXhwIjoxNzc5Nzk5NzgzfQ.BglIga8PMG2CejM1mFi7b0waMTyISmqMF_QQIg78oaA HTTP/1.1\" 200 - \"http://localhost:5173/\" \"Mozilla/5.0 (Windows NT 10.0; Win64; x64) AppleWebKit/537.36 (KHTML, like Gecko) Chrome/148.0.0.0 Safari/537.36\"","service":"visual-whiteboard-api","timestamp":"2026-05-26 18:04:48"}
{"level":"info","message":"User a@a.com left room whiteboard:6a06e877af1816f5fe51d5e5","service":"visual-whiteboard-api","timestamp":"2026-05-26 18:05:08"}
{"level":"info","message":"::1 - - [26/May/2026:12:35:08 +0000] \"GET /api/v1/whiteboards HTTP/1.1\" 304 - \"http://localhost:5173/\" \"Mozilla/5.0 (Windows NT 10.0; Win64; x64) AppleWebKit/537.36 (KHTML, like Gecko) Chrome/148.0.0.0 Safari/537.36\"","service":"visual-whiteboard-api","timestamp":"2026-05-26 18:05:08"}
{"level":"info","message":"::1 - - [26/May/2026:12:35:08 +0000] \"GET /api/v1/whiteboards/invitations HTTP/1.1\" 304 - \"http://localhost:5173/\" \"Mozilla/5.0 (Windows NT 10.0; Win64; x64) AppleWebKit/537.36 (KHTML, like Gecko) Chrome/148.0.0.0 Safari/537.36\"","service":"visual-whiteboard-api","timestamp":"2026-05-26 18:05:08"}
{"level":"info","message":"::1 - - [26/May/2026:12:35:08 +0000] \"GET /api/v1/whiteboards HTTP/1.1\" 304 - \"http://localhost:5173/\" \"Mozilla/5.0 (Windows NT 10.0; Win64; x64) AppleWebKit/537.36 (KHTML, like Gecko) Chrome/148.0.0.0 Safari/537.36\"","service":"visual-whiteboard-api","timestamp":"2026-05-26 18:05:08"}
{"level":"info","message":"::1 - - [26/May/2026:12:35:08 +0000] \"GET /api/v1/whiteboards/invitations HTTP/1.1\" 304 - \"http://localhost:5173/\" \"Mozilla/5.0 (Windows NT 10.0; Win64; x64) AppleWebKit/537.36 (KHTML, like Gecko) Chrome/148.0.0.0 Safari/537.36\"","service":"visual-whiteboard-api","timestamp":"2026-05-26 18:05:08"}
{"level":"info","message":"::1 - - [26/May/2026:12:35:11 +0000] \"GET /api/v1/whiteboards/6a06e877af1816f5fe51d5e5 HTTP/1.1\" 304 - \"http://localhost:5173/\" \"Mozilla/5.0 (Windows NT 10.0; Win64; x64) AppleWebKit/537.36 (KHTML, like Gecko) Chrome/148.0.0.0 Safari/537.36\"","service":"visual-whiteboard-api","timestamp":"2026-05-26 18:05:11"}
{"level":"info","message":"⚡ Socket connected: KhWROVlutmgIP4wIAAAH (User: a@a.com)","service":"visual-whiteboard-api","timestamp":"2026-05-26 18:05:11"}
{"level":"info","message":"User a@a.com joined room whiteboard:6a06e877af1816f5fe51d5e5","service":"visual-whiteboard-api","timestamp":"2026-05-26 18:05:11"}
{"level":"info","message":"User a@a.com left room whiteboard:6a06e877af1816f5fe51d5e5","service":"visual-whiteboard-api","timestamp":"2026-05-26 18:05:15"}
{"level":"info","message":"::1 - - [26/May/2026:12:35:15 +0000] \"GET /api/v1/whiteboards HTTP/1.1\" 304 - \"http://localhost:5173/\" \"Mozilla/5.0 (Windows NT 10.0; Win64; x64) AppleWebKit/537.36 (KHTML, like Gecko) Chrome/148.0.0.0 Safari/537.36\"","service":"visual-whiteboard-api","timestamp":"2026-05-26 18:05:15"}
{"level":"info","message":"::1 - - [26/May/2026:12:35:15 +0000] \"GET /api/v1/whiteboards/invitations HTTP/1.1\" 304 - \"http://localhost:5173/\" \"Mozilla/5.0 (Windows NT 10.0; Win64; x64) AppleWebKit/537.36 (KHTML, like Gecko) Chrome/148.0.0.0 Safari/537.36\"","service":"visual-whiteboard-api","timestamp":"2026-05-26 18:05:15"}
{"level":"info","message":"::1 - - [26/May/2026:12:35:15 +0000] \"GET /api/v1/whiteboards HTTP/1.1\" 304 - \"http://localhost:5173/\" \"Mozilla/5.0 (Windows NT 10.0; Win64; x64) AppleWebKit/537.36 (KHTML, like Gecko) Chrome/148.0.0.0 Safari/537.36\"","service":"visual-whiteboard-api","timestamp":"2026-05-26 18:05:15"}
{"level":"info","message":"::1 - - [26/May/2026:12:35:15 +0000] \"GET /api/v1/whiteboards/invitations HTTP/1.1\" 304 - \"http://localhost:5173/\" \"Mozilla/5.0 (Windows NT 10.0; Win64; x64) AppleWebKit/537.36 (KHTML, like Gecko) Chrome/148.0.0.0 Safari/537.36\"","service":"visual-whiteboard-api","timestamp":"2026-05-26 18:05:15"}
{"level":"info","message":"::1 - - [26/May/2026:12:35:21 +0000] \"POST /api/v1/whiteboards/6a06e877af1816f5fe51d5e5/share HTTP/1.1\" 404 58 \"http://localhost:5173/\" \"Mozilla/5.0 (Windows NT 10.0; Win64; x64) AppleWebKit/537.36 (KHTML, like Gecko) Chrome/148.0.0.0 Safari/537.36\"","service":"visual-whiteboard-api","timestamp":"2026-05-26 18:05:21"}
{"level":"info","message":"::1 - - [26/May/2026:12:35:32 +0000] \"GET /api/v1/whiteboards HTTP/1.1\" 304 - \"http://localhost:5173/\" \"Mozilla/5.0 (Windows NT 10.0; Win64; x64) AppleWebKit/537.36 (KHTML, like Gecko) Chrome/148.0.0.0 Safari/537.36\"","service":"visual-whiteboard-api","timestamp":"2026-05-26 18:05:32"}
{"level":"info","message":"::1 - - [26/May/2026:12:35:32 +0000] \"GET /api/v1/whiteboards/invitations HTTP/1.1\" 304 - \"http://localhost:5173/\" \"Mozilla/5.0 (Windows NT 10.0; Win64; x64) AppleWebKit/537.36 (KHTML, like Gecko) Chrome/148.0.0.0 Safari/537.36\"","service":"visual-whiteboard-api","timestamp":"2026-05-26 18:05:32"}
{"level":"info","message":"::1 - - [26/May/2026:12:35:32 +0000] \"GET /api/v1/whiteboards HTTP/1.1\" 304 - \"http://localhost:5173/\" \"Mozilla/5.0 (Windows NT 10.0; Win64; x64) AppleWebKit/537.36 (KHTML, like Gecko) Chrome/148.0.0.0 Safari/537.36\"","service":"visual-whiteboard-api","timestamp":"2026-05-26 18:05:32"}
{"level":"info","message":"::1 - - [26/May/2026:12:35:32 +0000] \"GET /api/v1/whiteboards/invitations HTTP/1.1\" 304 - \"http://localhost:5173/\" \"Mozilla/5.0 (Windows NT 10.0; Win64; x64) AppleWebKit/537.36 (KHTML, like Gecko) Chrome/148.0.0.0 Safari/537.36\"","service":"visual-whiteboard-api","timestamp":"2026-05-26 18:05:32"}
{"level":"info","message":"::1 - - [26/May/2026:12:35:48 +0000] \"POST /api/v1/auth/register HTTP/1.1\" 201 393 \"http://localhost:5173/\" \"Mozilla/5.0 (Windows NT 10.0; Win64; x64) AppleWebKit/537.36 (KHTML, like Gecko) Chrome/148.0.0.0 Safari/537.36\"","service":"visual-whiteboard-api","timestamp":"2026-05-26 18:05:48"}
{"level":"info","message":"::1 - - [26/May/2026:12:35:48 +0000] \"GET /api/v1/whiteboards HTTP/1.1\" 200 42 \"http://localhost:5173/\" \"Mozilla/5.0 (Windows NT 10.0; Win64; x64) AppleWebKit/537.36 (KHTML, like Gecko) Chrome/148.0.0.0 Safari/537.36\"","service":"visual-whiteboard-api","timestamp":"2026-05-26 18:05:48"}
{"level":"info","message":"::1 - - [26/May/2026:12:35:48 +0000] \"GET /api/v1/whiteboards/invitations HTTP/1.1\" 304 - \"http://localhost:5173/\" \"Mozilla/5.0 (Windows NT 10.0; Win64; x64) AppleWebKit/537.36 (KHTML, like Gecko) Chrome/148.0.0.0 Safari/537.36\"","service":"visual-whiteboard-api","timestamp":"2026-05-26 18:05:48"}
{"level":"info","message":"::1 - - [26/May/2026:12:35:48 +0000] \"GET /api/v1/whiteboards HTTP/1.1\" 304 - \"http://localhost:5173/\" \"Mozilla/5.0 (Windows NT 10.0; Win64; x64) AppleWebKit/537.36 (KHTML, like Gecko) Chrome/148.0.0.0 Safari/537.36\"","service":"visual-whiteboard-api","timestamp":"2026-05-26 18:05:48"}
{"level":"info","message":"::1 - - [26/May/2026:12:35:48 +0000] \"GET /api/v1/whiteboards/invitations HTTP/1.1\" 304 - \"http://localhost:5173/\" \"Mozilla/5.0 (Windows NT 10.0; Win64; x64) AppleWebKit/537.36 (KHTML, like Gecko) Chrome/148.0.0.0 Safari/537.36\"","service":"visual-whiteboard-api","timestamp":"2026-05-26 18:05:48"}
{"level":"info","message":"::1 - - [26/May/2026:12:35:57 +0000] \"POST /api/v1/auth/login HTTP/1.1\" 200 392 \"http://localhost:5173/\" \"Mozilla/5.0 (Windows NT 10.0; Win64; x64) AppleWebKit/537.36 (KHTML, like Gecko) Chrome/148.0.0.0 Safari/537.36\"","service":"visual-whiteboard-api","timestamp":"2026-05-26 18:05:57"}
{"level":"info","message":"::1 - - [26/May/2026:12:35:57 +0000] \"GET /api/v1/whiteboards HTTP/1.1\" 200 1594 \"http://localhost:5173/\" \"Mozilla/5.0 (Windows NT 10.0; Win64; x64) AppleWebKit/537.36 (KHTML, like Gecko) Chrome/148.0.0.0 Safari/537.36\"","service":"visual-whiteboard-api","timestamp":"2026-05-26 18:05:57"}
{"level":"info","message":"::1 - - [26/May/2026:12:35:57 +0000] \"GET /api/v1/whiteboards/invitations HTTP/1.1\" 304 - \"http://localhost:5173/\" \"Mozilla/5.0 (Windows NT 10.0; Win64; x64) AppleWebKit/537.36 (KHTML, like Gecko) Chrome/148.0.0.0 Safari/537.36\"","service":"visual-whiteboard-api","timestamp":"2026-05-26 18:05:57"}
{"level":"info","message":"::1 - - [26/May/2026:12:35:57 +0000] \"GET /api/v1/whiteboards HTTP/1.1\" 304 - \"http://localhost:5173/\" \"Mozilla/5.0 (Windows NT 10.0; Win64; x64) AppleWebKit/537.36 (KHTML, like Gecko) Chrome/148.0.0.0 Safari/537.36\"","service":"visual-whiteboard-api","timestamp":"2026-05-26 18:05:57"}
{"level":"info","message":"::1 - - [26/May/2026:12:35:57 +0000] \"GET /api/v1/whiteboards/invitations HTTP/1.1\" 304 - \"http://localhost:5173/\" \"Mozilla/5.0 (Windows NT 10.0; Win64; x64) AppleWebKit/537.36 (KHTML, like Gecko) Chrome/148.0.0.0 Safari/537.36\"","service":"visual-whiteboard-api","timestamp":"2026-05-26 18:05:57"}
{"level":"info","message":"::1 - - [26/May/2026:12:36:04 +0000] \"POST /api/v1/whiteboards/6a06e877af1816f5fe51d5e5/share HTTP/1.1\" 200 86 \"http://localhost:5173/\" \"Mozilla/5.0 (Windows NT 10.0; Win64; x64) AppleWebKit/537.36 (KHTML, like Gecko) Chrome/148.0.0.0 Safari/537.36\"","service":"visual-whiteboard-api","timestamp":"2026-05-26 18:06:04"}
{"level":"info","message":"::1 - - [26/May/2026:12:36:17 +0000] \"POST /api/v1/auth/login HTTP/1.1\" 200 393 \"http://localhost:5173/\" \"Mozilla/5.0 (Windows NT 10.0; Win64; x64) AppleWebKit/537.36 (KHTML, like Gecko) Chrome/148.0.0.0 Safari/537.36\"","service":"visual-whiteboard-api","timestamp":"2026-05-26 18:06:17"}
{"level":"info","message":"::1 - - [26/May/2026:12:36:17 +0000] \"GET /api/v1/whiteboards HTTP/1.1\" 200 42 \"http://localhost:5173/\" \"Mozilla/5.0 (Windows NT 10.0; Win64; x64) AppleWebKit/537.36 (KHTML, like Gecko) Chrome/148.0.0.0 Safari/537.36\"","service":"visual-whiteboard-api","timestamp":"2026-05-26 18:06:17"}
{"level":"info","message":"::1 - - [26/May/2026:12:36:17 +0000] \"GET /api/v1/whiteboards/invitations HTTP/1.1\" 200 1068 \"http://localhost:5173/\" \"Mozilla/5.0 (Windows NT 10.0; Win64; x64) AppleWebKit/537.36 (KHTML, like Gecko) Chrome/148.0.0.0 Safari/537.36\"","service":"visual-whiteboard-api","timestamp":"2026-05-26 18:06:17"}
{"level":"info","message":"::1 - - [26/May/2026:12:36:17 +0000] \"GET /api/v1/whiteboards HTTP/1.1\" 304 - \"http://localhost:5173/\" \"Mozilla/5.0 (Windows NT 10.0; Win64; x64) AppleWebKit/537.36 (KHTML, like Gecko) Chrome/148.0.0.0 Safari/537.36\"","service":"visual-whiteboard-api","timestamp":"2026-05-26 18:06:17"}
{"level":"info","message":"::1 - - [26/May/2026:12:36:17 +0000] \"GET /api/v1/whiteboards/invitations HTTP/1.1\" 304 - \"http://localhost:5173/\" \"Mozilla/5.0 (Windows NT 10.0; Win64; x64) AppleWebKit/537.36 (KHTML, like Gecko) Chrome/148.0.0.0 Safari/537.36\"","service":"visual-whiteboard-api","timestamp":"2026-05-26 18:06:17"}
{"level":"info","message":"::1 - - [26/May/2026:12:36:20 +0000] \"POST /api/v1/whiteboards/6a06e877af1816f5fe51d5e5/accept HTTP/1.1\" 200 18352 \"http://localhost:5173/\" \"Mozilla/5.0 (Windows NT 10.0; Win64; x64) AppleWebKit/537.36 (KHTML, like Gecko) Chrome/148.0.0.0 Safari/537.36\"","service":"visual-whiteboard-api","timestamp":"2026-05-26 18:06:20"}
{"level":"info","message":"::1 - - [26/May/2026:12:36:20 +0000] \"GET /api/v1/whiteboards HTTP/1.1\" 200 1031 \"http://localhost:5173/\" \"Mozilla/5.0 (Windows NT 10.0; Win64; x64) AppleWebKit/537.36 (KHTML, like Gecko) Chrome/148.0.0.0 Safari/537.36\"","service":"visual-whiteboard-api","timestamp":"2026-05-26 18:06:20"}
{"level":"info","message":"::1 - - [26/May/2026:12:36:20 +0000] \"GET /api/v1/whiteboards/invitations HTTP/1.1\" 200 42 \"http://localhost:5173/\" \"Mozilla/5.0 (Windows NT 10.0; Win64; x64) AppleWebKit/537.36 (KHTML, like Gecko) Chrome/148.0.0.0 Safari/537.36\"","service":"visual-whiteboard-api","timestamp":"2026-05-26 18:06:20"}
{"level":"error","message":"Authentication error: invalid signature","service":"visual-whiteboard-api","timestamp":"2026-05-26 18:06:32"}
{"level":"info","message":"::1 - - [26/May/2026:12:36:32 +0000] \"GET /api/v1/whiteboards HTTP/1.1\" 401 81 \"http://localhost:5173/\" \"Mozilla/5.0 (Windows NT 10.0; Win64; x64) AppleWebKit/537.36 (KHTML, like Gecko) Chrome/148.0.0.0 Safari/537.36\"","service":"visual-whiteboard-api","timestamp":"2026-05-26 18:06:32"}
{"level":"error","message":"Authentication error: invalid signature","service":"visual-whiteboard-api","timestamp":"2026-05-26 18:06:32"}
{"level":"info","message":"::1 - - [26/May/2026:12:36:32 +0000] \"GET /api/v1/whiteboards/invitations HTTP/1.1\" 401 81 \"http://localhost:5173/\" \"Mozilla/5.0 (Windows NT 10.0; Win64; x64) AppleWebKit/537.36 (KHTML, like Gecko) Chrome/148.0.0.0 Safari/537.36\"","service":"visual-whiteboard-api","timestamp":"2026-05-26 18:06:32"}
{"level":"error","message":"Authentication error: invalid signature","service":"visual-whiteboard-api","timestamp":"2026-05-26 18:06:32"}
{"level":"info","message":"::1 - - [26/May/2026:12:36:32 +0000] \"GET /api/v1/whiteboards HTTP/1.1\" 401 81 \"http://localhost:5173/\" \"Mozilla/5.0 (Windows NT 10.0; Win64; x64) AppleWebKit/537.36 (KHTML, like Gecko) Chrome/148.0.0.0 Safari/537.36\"","service":"visual-whiteboard-api","timestamp":"2026-05-26 18:06:32"}
{"level":"error","message":"Authentication error: invalid signature","service":"visual-whiteboard-api","timestamp":"2026-05-26 18:06:32"}
{"level":"info","message":"::1 - - [26/May/2026:12:36:32 +0000] \"GET /api/v1/whiteboards/invitations HTTP/1.1\" 401 81 \"http://localhost:5173/\" \"Mozilla/5.0 (Windows NT 10.0; Win64; x64) AppleWebKit/537.36 (KHTML, like Gecko) Chrome/148.0.0.0 Safari/537.36\"","service":"visual-whiteboard-api","timestamp":"2026-05-26 18:06:32"}
{"level":"info","message":"::1 - - [26/May/2026:12:36:41 +0000] \"POST /api/v1/auth/login HTTP/1.1\" 200 392 \"http://localhost:5173/\" \"Mozilla/5.0 (Windows NT 10.0; Win64; x64) AppleWebKit/537.36 (KHTML, like Gecko) Chrome/148.0.0.0 Safari/537.36\"","service":"visual-whiteboard-api","timestamp":"2026-05-26 18:06:41"}
{"level":"info","message":"::1 - - [26/May/2026:12:36:42 +0000] \"GET /api/v1/whiteboards HTTP/1.1\" 200 1698 \"http://localhost:5173/\" \"Mozilla/5.0 (Windows NT 10.0; Win64; x64) AppleWebKit/537.36 (KHTML, like Gecko) Chrome/148.0.0.0 Safari/537.36\"","service":"visual-whiteboard-api","timestamp":"2026-05-26 18:06:42"}
{"level":"info","message":"::1 - - [26/May/2026:12:36:42 +0000] \"GET /api/v1/whiteboards/invitations HTTP/1.1\" 200 42 \"http://localhost:5173/\" \"Mozilla/5.0 (Windows NT 10.0; Win64; x64) AppleWebKit/537.36 (KHTML, like Gecko) Chrome/148.0.0.0 Safari/537.36\"","service":"visual-whiteboard-api","timestamp":"2026-05-26 18:06:42"}
{"level":"info","message":"::1 - - [26/May/2026:12:36:42 +0000] \"GET /api/v1/whiteboards HTTP/1.1\" 304 - \"http://localhost:5173/\" \"Mozilla/5.0 (Windows NT 10.0; Win64; x64) AppleWebKit/537.36 (KHTML, like Gecko) Chrome/148.0.0.0 Safari/537.36\"","service":"visual-whiteboard-api","timestamp":"2026-05-26 18:06:42"}
{"level":"info","message":"::1 - - [26/May/2026:12:36:42 +0000] \"GET /api/v1/whiteboards/invitations HTTP/1.1\" 304 - \"http://localhost:5173/\" \"Mozilla/5.0 (Windows NT 10.0; Win64; x64) AppleWebKit/537.36 (KHTML, like Gecko) Chrome/148.0.0.0 Safari/537.36\"","service":"visual-whiteboard-api","timestamp":"2026-05-26 18:06:42"}
{"level":"info","message":"::1 - - [26/May/2026:12:36:43 +0000] \"GET /api/v1/whiteboards/6a06e877af1816f5fe51d5e5 HTTP/1.1\" 200 18424 \"http://localhost:5173/\" \"Mozilla/5.0 (Windows NT 10.0; Win64; x64) AppleWebKit/537.36 (KHTML, like Gecko) Chrome/148.0.0.0 Safari/537.36\"","service":"visual-whiteboard-api","timestamp":"2026-05-26 18:06:43"}
{"level":"info","message":"⚡ Socket connected: n8RvkEUAiy5dSI16AAAK (User: a@a.com)","service":"visual-whiteboard-api","timestamp":"2026-05-26 18:06:43"}
{"level":"info","message":"User a@a.com joined room whiteboard:6a06e877af1816f5fe51d5e5","service":"visual-whiteboard-api","timestamp":"2026-05-26 18:06:43"}
{"level":"info","message":"::1 - - [26/May/2026:12:36:45 +0000] \"GET /api/v1/media/proxy/4e99bd7b7f1c9b556a59cc6e6cb3f620?token=eyJhbGciOiJIUzI1NiIsInR5cCI6IkpXVCJ9.eyJpZCI6IjZhMDVjOGEwZDk0ZjkxZmFiMTI4NGM0NyIsImlhdCI6MTc3OTc5OTAwMSwiZXhwIjoxNzc5Nzk5OTAxfQ.jgwkBFyWtgXExHM1ymLEUla6PSU843iK57ajzX6PA3g HTTP/1.1\" 200 - \"http://localhost:5173/\" \"Mozilla/5.0 (Windows NT 10.0; Win64; x64) AppleWebKit/537.36 (KHTML, like Gecko) Chrome/148.0.0.0 Safari/537.36\"","service":"visual-whiteboard-api","timestamp":"2026-05-26 18:06:45"}
{"level":"info","message":"::1 - - [26/May/2026:12:36:52 +0000] \"GET /api/v1/whiteboards/6a06e877af1816f5fe51d5e5 HTTP/1.1\" 200 18424 \"http://localhost:5173/\" \"Mozilla/5.0 (Windows NT 10.0; Win64; x64) AppleWebKit/537.36 (KHTML, like Gecko) Chrome/148.0.0.0 Safari/537.36\"","service":"visual-whiteboard-api","timestamp":"2026-05-26 18:06:52"}
{"level":"info","message":"⚡ Socket connected: lLfthPofgJd-v1AtAAAN (User: b@b.com)","service":"visual-whiteboard-api","timestamp":"2026-05-26 18:06:52"}
{"level":"info","message":"User b@b.com joined room whiteboard:6a06e877af1816f5fe51d5e5","service":"visual-whiteboard-api","timestamp":"2026-05-26 18:06:52"}
{"level":"info","message":"::1 - - [26/May/2026:12:36:54 +0000] \"GET /api/v1/media/proxy/4e99bd7b7f1c9b556a59cc6e6cb3f620?token=eyJhbGciOiJIUzI1NiIsInR5cCI6IkpXVCJ9.eyJpZCI6IjZhMTU5M2E0MmJjYTNlZDgyZWEyYjQ2ZiIsImlhdCI6MTc3OTc5ODk3NywiZXhwIjoxNzc5Nzk5ODc3fQ.mfZ20-_Xk_XvvU04B91UmNZz6Zqf-a0K0HtSzHPdMtQ HTTP/1.1\" 200 - \"http://localhost:5173/\" \"Mozilla/5.0 (Windows NT 10.0; Win64; x64) AppleWebKit/537.36 (KHTML, like Gecko) Chrome/148.0.0.0 Safari/537.36\"","service":"visual-whiteboard-api","timestamp":"2026-05-26 18:06:54"}
{"level":"info","message":"::1 - - [26/May/2026:12:37:20 +0000] \"PUT /api/v1/whiteboards/6a06e877af1816f5fe51d5e5/canvas HTTP/1.1\" 200 58 \"http://localhost:5173/\" \"Mozilla/5.0 (Windows NT 10.0; Win64; x64) AppleWebKit/537.36 (KHTML, like Gecko) Chrome/148.0.0.0 Safari/537.36\"","service":"visual-whiteboard-api","timestamp":"2026-05-26 18:07:20"}
{"level":"info","message":"::1 - - [26/May/2026:12:37:36 +0000] \"PUT /api/v1/whiteboards/6a06e877af1816f5fe51d5e5/canvas HTTP/1.1\" 200 58 \"http://localhost:5173/\" \"Mozilla/5.0 (Windows NT 10.0; Win64; x64) AppleWebKit/537.36 (KHTML, like Gecko) Chrome/148.0.0.0 Safari/537.36\"","service":"visual-whiteboard-api","timestamp":"2026-05-26 18:07:36"}
{"level":"info","message":"::1 - - [26/May/2026:12:37:46 +0000] \"PUT /api/v1/whiteboards/6a06e877af1816f5fe51d5e5/canvas HTTP/1.1\" 200 58 \"http://localhost:5173/\" \"Mozilla/5.0 (Windows NT 10.0; Win64; x64) AppleWebKit/537.36 (KHTML, like Gecko) Chrome/148.0.0.0 Safari/537.36\"","service":"visual-whiteboard-api","timestamp":"2026-05-26 18:07:46"}
{"level":"info","message":"::1 - - [26/May/2026:12:37:52 +0000] \"PUT /api/v1/whiteboards/6a06e877af1816f5fe51d5e5/canvas HTTP/1.1\" 200 58 \"http://localhost:5173/\" \"Mozilla/5.0 (Windows NT 10.0; Win64; x64) AppleWebKit/537.36 (KHTML, like Gecko) Chrome/148.0.0.0 Safari/537.36\"","service":"visual-whiteboard-api","timestamp":"2026-05-26 18:07:52"}
{"level":"info","message":"Connected to MongoDB","service":"visual-whiteboard-api","timestamp":"2026-05-26 18:11:33"}
{"level":"info","message":"🚀 Connected to Redis","service":"visual-whiteboard-api","timestamp":"2026-05-26 18:11:33"}
{"level":"info","message":"Server running in development mode on port 5000","service":"visual-whiteboard-api","timestamp":"2026-05-26 18:11:33"}
{"level":"info","message":"🚀 Socket.io Redis Adapter configured","service":"visual-whiteboard-api","timestamp":"2026-05-26 18:11:33"}
{"level":"info","message":"⚡ Socket connected: rk7vU6vFdhv_qjX_AAAC (User: b@b.com)","service":"visual-whiteboard-api","timestamp":"2026-05-26 18:11:34"}
{"level":"info","message":"⚡ Socket connected: WDNMFKH_wnn8C6y-AAAD (User: a@a.com)","service":"visual-whiteboard-api","timestamp":"2026-05-26 18:11:34"}
{"level":"info","message":"User b@b.com joined room whiteboard:6a06e877af1816f5fe51d5e5","service":"visual-whiteboard-api","timestamp":"2026-05-26 18:11:34"}
{"level":"info","message":"User a@a.com joined room whiteboard:6a06e877af1816f5fe51d5e5","service":"visual-whiteboard-api","timestamp":"2026-05-26 18:11:34"}
{"level":"info","message":"User a@a.com left room whiteboard:6a06e877af1816f5fe51d5e5","service":"visual-whiteboard-api","timestamp":"2026-05-26 18:12:32"}
{"level":"info","message":"User b@b.com left room whiteboard:6a06e877af1816f5fe51d5e5","service":"visual-whiteboard-api","timestamp":"2026-05-26 18:12:32"}
{"level":"info","message":"::1 - - [26/May/2026:12:42:32 +0000] \"GET /api/v1/whiteboards/6a06e877af1816f5fe51d5e5 HTTP/1.1\" 200 18384 \"http://localhost:5173/\" \"Mozilla/5.0 (Windows NT 10.0; Win64; x64) AppleWebKit/537.36 (KHTML, like Gecko) Chrome/148.0.0.0 Safari/537.36\"","service":"visual-whiteboard-api","timestamp":"2026-05-26 18:12:32"}
{"level":"info","message":"::1 - - [26/May/2026:12:42:32 +0000] \"GET /api/v1/whiteboards/6a06e877af1816f5fe51d5e5 HTTP/1.1\" 304 - \"http://localhost:5173/\" \"Mozilla/5.0 (Windows NT 10.0; Win64; x64) AppleWebKit/537.36 (KHTML, like Gecko) Chrome/148.0.0.0 Safari/537.36\"","service":"visual-whiteboard-api","timestamp":"2026-05-26 18:12:32"}
{"level":"info","message":"::1 - - [26/May/2026:12:42:32 +0000] \"GET /api/v1/whiteboards/6a06e877af1816f5fe51d5e5 HTTP/1.1\" 200 18384 \"http://localhost:5173/\" \"Mozilla/5.0 (Windows NT 10.0; Win64; x64) AppleWebKit/537.36 (KHTML, like Gecko) Chrome/148.0.0.0 Safari/537.36\"","service":"visual-whiteboard-api","timestamp":"2026-05-26 18:12:32"}
{"level":"info","message":"::1 - - [26/May/2026:12:42:32 +0000] \"GET /api/v1/whiteboards/6a06e877af1816f5fe51d5e5 HTTP/1.1\" 304 - \"http://localhost:5173/\" \"Mozilla/5.0 (Windows NT 10.0; Win64; x64) AppleWebKit/537.36 (KHTML, like Gecko) Chrome/148.0.0.0 Safari/537.36\"","service":"visual-whiteboard-api","timestamp":"2026-05-26 18:12:32"}
{"level":"info","message":"⚡ Socket connected: TpeFi6eR9nIdnd03AAAI (User: b@b.com)","service":"visual-whiteboard-api","timestamp":"2026-05-26 18:12:32"}
{"level":"info","message":"⚡ Socket connected: GylfYMwaWbZxx62UAAAJ (User: a@a.com)","service":"visual-whiteboard-api","timestamp":"2026-05-26 18:12:32"}
{"level":"info","message":"User b@b.com joined room whiteboard:6a06e877af1816f5fe51d5e5","service":"visual-whiteboard-api","timestamp":"2026-05-26 18:12:32"}
{"level":"info","message":"User a@a.com joined room whiteboard:6a06e877af1816f5fe51d5e5","service":"visual-whiteboard-api","timestamp":"2026-05-26 18:12:32"}
{"level":"info","message":"Graceful shutdown initiated...","service":"visual-whiteboard-api","timestamp":"2026-05-26 18:12:34"}
{"level":"info","message":"Connected to MongoDB","service":"visual-whiteboard-api","timestamp":"2026-05-26 18:12:36"}
{"level":"info","message":"🚀 Connected to Redis","service":"visual-whiteboard-api","timestamp":"2026-05-26 18:12:36"}
{"level":"info","message":"Server running in development mode on port 5000","service":"visual-whiteboard-api","timestamp":"2026-05-26 18:12:36"}
{"level":"info","message":"🚀 Socket.io Redis Adapter configured","service":"visual-whiteboard-api","timestamp":"2026-05-26 18:12:36"}
{"level":"info","message":"⚡ Socket connected: lf_IbFnbOkDvCi-8AAAC (User: b@b.com)","service":"visual-whiteboard-api","timestamp":"2026-05-26 18:12:36"}
{"level":"info","message":"⚡ Socket connected: Yel1dr0j3TdowjGOAAAD (User: a@a.com)","service":"visual-whiteboard-api","timestamp":"2026-05-26 18:12:36"}
{"level":"info","message":"User b@b.com joined room whiteboard:6a06e877af1816f5fe51d5e5","service":"visual-whiteboard-api","timestamp":"2026-05-26 18:12:36"}
{"level":"info","message":"User a@a.com joined room whiteboard:6a06e877af1816f5fe51d5e5","service":"visual-whiteboard-api","timestamp":"2026-05-26 18:12:36"}
{"level":"info","message":"User a@a.com left room whiteboard:6a06e877af1816f5fe51d5e5","service":"visual-whiteboard-api","timestamp":"2026-05-26 18:12:45"}
{"level":"info","message":"::1 - - [26/May/2026:12:42:45 +0000] \"GET /api/v1/whiteboards HTTP/1.1\" 200 1698 \"http://localhost:5173/\" \"Mozilla/5.0 (Windows NT 10.0; Win64; x64) AppleWebKit/537.36 (KHTML, like Gecko) Chrome/148.0.0.0 Safari/537.36\"","service":"visual-whiteboard-api","timestamp":"2026-05-26 18:12:45"}
{"level":"info","message":"::1 - - [26/May/2026:12:42:45 +0000] \"GET /api/v1/whiteboards/invitations HTTP/1.1\" 304 - \"http://localhost:5173/\" \"Mozilla/5.0 (Windows NT 10.0; Win64; x64) AppleWebKit/537.36 (KHTML, like Gecko) Chrome/148.0.0.0 Safari/537.36\"","service":"visual-whiteboard-api","timestamp":"2026-05-26 18:12:45"}
{"level":"info","message":"::1 - - [26/May/2026:12:42:45 +0000] \"GET /api/v1/whiteboards HTTP/1.1\" 304 - \"http://localhost:5173/\" \"Mozilla/5.0 (Windows NT 10.0; Win64; x64) AppleWebKit/537.36 (KHTML, like Gecko) Chrome/148.0.0.0 Safari/537.36\"","service":"visual-whiteboard-api","timestamp":"2026-05-26 18:12:45"}
{"level":"info","message":"::1 - - [26/May/2026:12:42:45 +0000] \"GET /api/v1/whiteboards/invitations HTTP/1.1\" 304 - \"http://localhost:5173/\" \"Mozilla/5.0 (Windows NT 10.0; Win64; x64) AppleWebKit/537.36 (KHTML, like Gecko) Chrome/148.0.0.0 Safari/537.36\"","service":"visual-whiteboard-api","timestamp":"2026-05-26 18:12:45"}
{"level":"info","message":"User b@b.com left room whiteboard:6a06e877af1816f5fe51d5e5","service":"visual-whiteboard-api","timestamp":"2026-05-26 18:12:50"}
{"level":"info","message":"::1 - - [26/May/2026:12:42:50 +0000] \"GET /api/v1/whiteboards HTTP/1.1\" 200 1031 \"http://localhost:5173/\" \"Mozilla/5.0 (Windows NT 10.0; Win64; x64) AppleWebKit/537.36 (KHTML, like Gecko) Chrome/148.0.0.0 Safari/537.36\"","service":"visual-whiteboard-api","timestamp":"2026-05-26 18:12:50"}
{"level":"info","message":"::1 - - [26/May/2026:12:42:50 +0000] \"GET /api/v1/whiteboards/invitations HTTP/1.1\" 304 - \"http://localhost:5173/\" \"Mozilla/5.0 (Windows NT 10.0; Win64; x64) AppleWebKit/537.36 (KHTML, like Gecko) Chrome/148.0.0.0 Safari/537.36\"","service":"visual-whiteboard-api","timestamp":"2026-05-26 18:12:50"}
{"level":"info","message":"::1 - - [26/May/2026:12:42:50 +0000] \"GET /api/v1/whiteboards HTTP/1.1\" 304 - \"http://localhost:5173/\" \"Mozilla/5.0 (Windows NT 10.0; Win64; x64) AppleWebKit/537.36 (KHTML, like Gecko) Chrome/148.0.0.0 Safari/537.36\"","service":"visual-whiteboard-api","timestamp":"2026-05-26 18:12:50"}
{"level":"info","message":"::1 - - [26/May/2026:12:42:50 +0000] \"GET /api/v1/whiteboards/invitations HTTP/1.1\" 304 - \"http://localhost:5173/\" \"Mozilla/5.0 (Windows NT 10.0; Win64; x64) AppleWebKit/537.36 (KHTML, like Gecko) Chrome/148.0.0.0 Safari/537.36\"","service":"visual-whiteboard-api","timestamp":"2026-05-26 18:12:50"}
{"level":"info","message":"::1 - - [26/May/2026:12:43:03 +0000] \"POST /api/v1/auth/login HTTP/1.1\" 200 393 \"http://localhost:5173/\" \"Mozilla/5.0 (Windows NT 10.0; Win64; x64) AppleWebKit/537.36 (KHTML, like Gecko) Chrome/148.0.0.0 Safari/537.36\"","service":"visual-whiteboard-api","timestamp":"2026-05-26 18:13:03"}
{"level":"info","message":"::1 - - [26/May/2026:12:43:03 +0000] \"GET /api/v1/whiteboards HTTP/1.1\" 304 - \"http://localhost:5173/\" \"Mozilla/5.0 (Windows NT 10.0; Win64; x64) AppleWebKit/537.36 (KHTML, like Gecko) Chrome/148.0.0.0 Safari/537.36\"","service":"visual-whiteboard-api","timestamp":"2026-05-26 18:13:03"}
{"level":"info","message":"::1 - - [26/May/2026:12:43:03 +0000] \"GET /api/v1/whiteboards/invitations HTTP/1.1\" 304 - \"http://localhost:5173/\" \"Mozilla/5.0 (Windows NT 10.0; Win64; x64) AppleWebKit/537.36 (KHTML, like Gecko) Chrome/148.0.0.0 Safari/537.36\"","service":"visual-whiteboard-api","timestamp":"2026-05-26 18:13:03"}
{"level":"info","message":"::1 - - [26/May/2026:12:43:03 +0000] \"GET /api/v1/whiteboards HTTP/1.1\" 304 - \"http://localhost:5173/\" \"Mozilla/5.0 (Windows NT 10.0; Win64; x64) AppleWebKit/537.36 (KHTML, like Gecko) Chrome/148.0.0.0 Safari/537.36\"","service":"visual-whiteboard-api","timestamp":"2026-05-26 18:13:03"}
{"level":"info","message":"::1 - - [26/May/2026:12:43:03 +0000] \"GET /api/v1/whiteboards/invitations HTTP/1.1\" 304 - \"http://localhost:5173/\" \"Mozilla/5.0 (Windows NT 10.0; Win64; x64) AppleWebKit/537.36 (KHTML, like Gecko) Chrome/148.0.0.0 Safari/537.36\"","service":"visual-whiteboard-api","timestamp":"2026-05-26 18:13:03"}
{"level":"info","message":"::1 - - [26/May/2026:12:43:10 +0000] \"POST /api/v1/auth/login HTTP/1.1\" 200 392 \"http://localhost:5173/\" \"Mozilla/5.0 (Windows NT 10.0; Win64; x64) AppleWebKit/537.36 (KHTML, like Gecko) Chrome/148.0.0.0 Safari/537.36\"","service":"visual-whiteboard-api","timestamp":"2026-05-26 18:13:10"}
{"level":"info","message":"::1 - - [26/May/2026:12:43:10 +0000] \"GET /api/v1/whiteboards HTTP/1.1\" 304 - \"http://localhost:5173/\" \"Mozilla/5.0 (Windows NT 10.0; Win64; x64) AppleWebKit/537.36 (KHTML, like Gecko) Chrome/148.0.0.0 Safari/537.36\"","service":"visual-whiteboard-api","timestamp":"2026-05-26 18:13:10"}
{"level":"info","message":"::1 - - [26/May/2026:12:43:10 +0000] \"GET /api/v1/whiteboards/invitations HTTP/1.1\" 304 - \"http://localhost:5173/\" \"Mozilla/5.0 (Windows NT 10.0; Win64; x64) AppleWebKit/537.36 (KHTML, like Gecko) Chrome/148.0.0.0 Safari/537.36\"","service":"visual-whiteboard-api","timestamp":"2026-05-26 18:13:10"}
{"level":"info","message":"::1 - - [26/May/2026:12:43:10 +0000] \"GET /api/v1/whiteboards HTTP/1.1\" 304 - \"http://localhost:5173/\" \"Mozilla/5.0 (Windows NT 10.0; Win64; x64) AppleWebKit/537.36 (KHTML, like Gecko) Chrome/148.0.0.0 Safari/537.36\"","service":"visual-whiteboard-api","timestamp":"2026-05-26 18:13:10"}
{"level":"info","message":"::1 - - [26/May/2026:12:43:10 +0000] \"GET /api/v1/whiteboards/invitations HTTP/1.1\" 304 - \"http://localhost:5173/\" \"Mozilla/5.0 (Windows NT 10.0; Win64; x64) AppleWebKit/537.36 (KHTML, like Gecko) Chrome/148.0.0.0 Safari/537.36\"","service":"visual-whiteboard-api","timestamp":"2026-05-26 18:13:10"}
{"level":"info","message":"::1 - - [26/May/2026:12:43:13 +0000] \"GET /api/v1/whiteboards/6a06e877af1816f5fe51d5e5 HTTP/1.1\" 304 - \"http://localhost:5173/\" \"Mozilla/5.0 (Windows NT 10.0; Win64; x64) AppleWebKit/537.36 (KHTML, like Gecko) Chrome/148.0.0.0 Safari/537.36\"","service":"visual-whiteboard-api","timestamp":"2026-05-26 18:13:13"}
{"level":"info","message":"⚡ Socket connected: KANGHR74m12CkgGbAAAG (User: a@a.com)","service":"visual-whiteboard-api","timestamp":"2026-05-26 18:13:13"}
{"level":"info","message":"User a@a.com joined room whiteboard:6a06e877af1816f5fe51d5e5","service":"visual-whiteboard-api","timestamp":"2026-05-26 18:13:13"}
{"level":"info","message":"::1 - - [26/May/2026:12:43:15 +0000] \"GET /api/v1/media/proxy/4e99bd7b7f1c9b556a59cc6e6cb3f620?token=eyJhbGciOiJIUzI1NiIsInR5cCI6IkpXVCJ9.eyJpZCI6IjZhMDVjOGEwZDk0ZjkxZmFiMTI4NGM0NyIsImlhdCI6MTc3OTc5OTM5MCwiZXhwIjoxNzc5ODAwMjkwfQ.-SWhT6vLaSgAHNhnG0fBfM9xJbKX5ZWXBVW2Qhlms8M HTTP/1.1\" 200 - \"http://localhost:5173/\" \"Mozilla/5.0 (Windows NT 10.0; Win64; x64) AppleWebKit/537.36 (KHTML, like Gecko) Chrome/148.0.0.0 Safari/537.36\"","service":"visual-whiteboard-api","timestamp":"2026-05-26 18:13:15"}
{"level":"info","message":"::1 - - [26/May/2026:12:43:27 +0000] \"GET /api/v1/whiteboards/6a06e877af1816f5fe51d5e5 HTTP/1.1\" 304 - \"http://localhost:5173/\" \"Mozilla/5.0 (Windows NT 10.0; Win64; x64) AppleWebKit/537.36 (KHTML, like Gecko) Chrome/148.0.0.0 Safari/537.36\"","service":"visual-whiteboard-api","timestamp":"2026-05-26 18:13:27"}
{"level":"info","message":"⚡ Socket connected: xt4QorwYDYmnlEW9AAAJ (User: b@b.com)","service":"visual-whiteboard-api","timestamp":"2026-05-26 18:13:27"}
{"level":"info","message":"User b@b.com joined room whiteboard:6a06e877af1816f5fe51d5e5","service":"visual-whiteboard-api","timestamp":"2026-05-26 18:13:27"}
{"level":"info","message":"::1 - - [26/May/2026:12:43:28 +0000] \"GET /api/v1/media/proxy/4e99bd7b7f1c9b556a59cc6e6cb3f620?token=eyJhbGciOiJIUzI1NiIsInR5cCI6IkpXVCJ9.eyJpZCI6IjZhMTU5M2E0MmJjYTNlZDgyZWEyYjQ2ZiIsImlhdCI6MTc3OTc5OTM4MywiZXhwIjoxNzc5ODAwMjgzfQ.nPlV0g11AAyFV0MCD6o88-55y2FHyMQ4sBguRotpZps HTTP/1.1\" 200 - \"http://localhost:5173/\" \"Mozilla/5.0 (Windows NT 10.0; Win64; x64) AppleWebKit/537.36 (KHTML, like Gecko) Chrome/148.0.0.0 Safari/537.36\"","service":"visual-whiteboard-api","timestamp":"2026-05-26 18:13:28"}
{"level":"info","message":"User a@a.com left room whiteboard:6a06e877af1816f5fe51d5e5","service":"visual-whiteboard-api","timestamp":"2026-05-26 18:14:03"}
{"level":"info","message":"User b@b.com left room whiteboard:6a06e877af1816f5fe51d5e5","service":"visual-whiteboard-api","timestamp":"2026-05-26 18:14:14"}
{"level":"info","message":"::1 - - [26/May/2026:12:44:14 +0000] \"GET /api/v1/whiteboards HTTP/1.1\" 304 - \"http://localhost:5173/\" \"Mozilla/5.0 (Windows NT 10.0; Win64; x64) AppleWebKit/537.36 (KHTML, like Gecko) Chrome/148.0.0.0 Safari/537.36\"","service":"visual-whiteboard-api","timestamp":"2026-05-26 18:14:14"}
{"level":"info","message":"::1 - - [26/May/2026:12:44:14 +0000] \"GET /api/v1/whiteboards/invitations HTTP/1.1\" 304 - \"http://localhost:5173/\" \"Mozilla/5.0 (Windows NT 10.0; Win64; x64) AppleWebKit/537.36 (KHTML, like Gecko) Chrome/148.0.0.0 Safari/537.36\"","service":"visual-whiteboard-api","timestamp":"2026-05-26 18:14:14"}
{"level":"info","message":"::1 - - [26/May/2026:12:44:14 +0000] \"GET /api/v1/whiteboards HTTP/1.1\" 304 - \"http://localhost:5173/\" \"Mozilla/5.0 (Windows NT 10.0; Win64; x64) AppleWebKit/537.36 (KHTML, like Gecko) Chrome/148.0.0.0 Safari/537.36\"","service":"visual-whiteboard-api","timestamp":"2026-05-26 18:14:14"}
{"level":"info","message":"::1 - - [26/May/2026:12:44:14 +0000] \"GET /api/v1/whiteboards/invitations HTTP/1.1\" 304 - \"http://localhost:5173/\" \"Mozilla/5.0 (Windows NT 10.0; Win64; x64) AppleWebKit/537.36 (KHTML, like Gecko) Chrome/148.0.0.0 Safari/537.36\"","service":"visual-whiteboard-api","timestamp":"2026-05-26 18:14:14"}
{"level":"info","message":"Connected to MongoDB","service":"visual-whiteboard-api","timestamp":"2026-05-26 18:16:56"}
{"level":"info","message":"🚀 Connected to Redis","service":"visual-whiteboard-api","timestamp":"2026-05-26 18:16:56"}
{"level":"info","message":"Server running in development mode on port 5000","service":"visual-whiteboard-api","timestamp":"2026-05-26 18:16:56"}
{"level":"info","message":"🚀 Socket.io Redis Adapter configured","service":"visual-whiteboard-api","timestamp":"2026-05-26 18:16:56"}
{"level":"info","message":"Connected to MongoDB","service":"visual-whiteboard-api","timestamp":"2026-05-26 18:17:03"}
{"level":"info","message":"🚀 Connected to Redis","service":"visual-whiteboard-api","timestamp":"2026-05-26 18:17:03"}
{"level":"info","message":"Server running in development mode on port 5000","service":"visual-whiteboard-api","timestamp":"2026-05-26 18:17:03"}
{"level":"info","message":"🚀 Socket.io Redis Adapter configured","service":"visual-whiteboard-api","timestamp":"2026-05-26 18:17:03"}
{"level":"info","message":"::1 - - [26/May/2026:12:50:29 +0000] \"POST /api/v1/auth/login HTTP/1.1\" 200 392 \"http://localhost:5173/\" \"Mozilla/5.0 (Windows NT 10.0; Win64; x64) AppleWebKit/537.36 (KHTML, like Gecko) Chrome/148.0.0.0 Safari/537.36\"","service":"visual-whiteboard-api","timestamp":"2026-05-26 18:20:29"}
{"level":"info","message":"::1 - - [26/May/2026:12:50:29 +0000] \"GET /api/v1/whiteboards HTTP/1.1\" 200 1698 \"http://localhost:5173/\" \"Mozilla/5.0 (Windows NT 10.0; Win64; x64) AppleWebKit/537.36 (KHTML, like Gecko) Chrome/148.0.0.0 Safari/537.36\"","service":"visual-whiteboard-api","timestamp":"2026-05-26 18:20:29"}
{"level":"info","message":"::1 - - [26/May/2026:12:50:29 +0000] \"GET /api/v1/whiteboards/invitations HTTP/1.1\" 304 - \"http://localhost:5173/\" \"Mozilla/5.0 (Windows NT 10.0; Win64; x64) AppleWebKit/537.36 (KHTML, like Gecko) Chrome/148.0.0.0 Safari/537.36\"","service":"visual-whiteboard-api","timestamp":"2026-05-26 18:20:29"}
{"level":"info","message":"::1 - - [26/May/2026:12:50:29 +0000] \"GET /api/v1/whiteboards HTTP/1.1\" 304 - \"http://localhost:5173/\" \"Mozilla/5.0 (Windows NT 10.0; Win64; x64) AppleWebKit/537.36 (KHTML, like Gecko) Chrome/148.0.0.0 Safari/537.36\"","service":"visual-whiteboard-api","timestamp":"2026-05-26 18:20:29"}
{"level":"info","message":"::1 - - [26/May/2026:12:50:29 +0000] \"GET /api/v1/whiteboards/invitations HTTP/1.1\" 304 - \"http://localhost:5173/\" \"Mozilla/5.0 (Windows NT 10.0; Win64; x64) AppleWebKit/537.36 (KHTML, like Gecko) Chrome/148.0.0.0 Safari/537.36\"","service":"visual-whiteboard-api","timestamp":"2026-05-26 18:20:29"}
{"level":"info","message":"::1 - - [26/May/2026:12:50:36 +0000] \"GET /api/v1/auth/verify-email?email=b@b.com HTTP/1.1\" 200 114 \"http://localhost:5173/\" \"Mozilla/5.0 (Windows NT 10.0; Win64; x64) AppleWebKit/537.36 (KHTML, like Gecko) Chrome/148.0.0.0 Safari/537.36\"","service":"visual-whiteboard-api","timestamp":"2026-05-26 18:20:36"}
{"level":"info","message":"::1 - - [26/May/2026:12:50:43 +0000] \"GET /api/v1/auth/verify-email?email=c@c.com HTTP/1.1\" 404 53 \"http://localhost:5173/\" \"Mozilla/5.0 (Windows NT 10.0; Win64; x64) AppleWebKit/537.36 (KHTML, like Gecko) Chrome/148.0.0.0 Safari/537.36\"","service":"visual-whiteboard-api","timestamp":"2026-05-26 18:20:43"}
{"level":"info","message":"::1 - - [26/May/2026:12:51:02 +0000] \"GET /api/v1/auth/verify-email?email=b@b.com HTTP/1.1\" 304 - \"http://localhost:5173/\" \"Mozilla/5.0 (Windows NT 10.0; Win64; x64) AppleWebKit/537.36 (KHTML, like Gecko) Chrome/148.0.0.0 Safari/537.36\"","service":"visual-whiteboard-api","timestamp":"2026-05-26 18:21:02"}
{"level":"info","message":"::1 - - [26/May/2026:12:51:04 +0000] \"POST /api/v1/whiteboards/6a05cf718682f6fbf2a25894/share HTTP/1.1\" 200 86 \"http://localhost:5173/\" \"Mozilla/5.0 (Windows NT 10.0; Win64; x64) AppleWebKit/537.36 (KHTML, like Gecko) Chrome/148.0.0.0 Safari/537.36\"","service":"visual-whiteboard-api","timestamp":"2026-05-26 18:21:04"}
{"level":"info","message":"::1 - - [26/May/2026:12:51:18 +0000] \"POST /api/v1/auth/login HTTP/1.1\" 200 393 \"http://localhost:5173/\" \"Mozilla/5.0 (Windows NT 10.0; Win64; x64) AppleWebKit/537.36 (KHTML, like Gecko) Chrome/148.0.0.0 Safari/537.36\"","service":"visual-whiteboard-api","timestamp":"2026-05-26 18:21:18"}
{"level":"info","message":"::1 - - [26/May/2026:12:51:18 +0000] \"GET /api/v1/whiteboards HTTP/1.1\" 200 1031 \"http://localhost:5173/\" \"Mozilla/5.0 (Windows NT 10.0; Win64; x64) AppleWebKit/537.36 (KHTML, like Gecko) Chrome/148.0.0.0 Safari/537.36\"","service":"visual-whiteboard-api","timestamp":"2026-05-26 18:21:18"}
{"level":"info","message":"::1 - - [26/May/2026:12:51:18 +0000] \"GET /api/v1/whiteboards/invitations HTTP/1.1\" 200 407 \"http://localhost:5173/\" \"Mozilla/5.0 (Windows NT 10.0; Win64; x64) AppleWebKit/537.36 (KHTML, like Gecko) Chrome/148.0.0.0 Safari/537.36\"","service":"visual-whiteboard-api","timestamp":"2026-05-26 18:21:18"}
{"level":"info","message":"::1 - - [26/May/2026:12:51:18 +0000] \"GET /api/v1/whiteboards HTTP/1.1\" 304 - \"http://localhost:5173/\" \"Mozilla/5.0 (Windows NT 10.0; Win64; x64) AppleWebKit/537.36 (KHTML, like Gecko) Chrome/148.0.0.0 Safari/537.36\"","service":"visual-whiteboard-api","timestamp":"2026-05-26 18:21:18"}
{"level":"info","message":"::1 - - [26/May/2026:12:51:18 +0000] \"GET /api/v1/whiteboards/invitations HTTP/1.1\" 304 - \"http://localhost:5173/\" \"Mozilla/5.0 (Windows NT 10.0; Win64; x64) AppleWebKit/537.36 (KHTML, like Gecko) Chrome/148.0.0.0 Safari/537.36\"","service":"visual-whiteboard-api","timestamp":"2026-05-26 18:21:18"}
{"level":"info","message":"::1 - - [26/May/2026:12:51:21 +0000] \"POST /api/v1/whiteboards/6a05cf718682f6fbf2a25894/accept HTTP/1.1\" 200 447 \"http://localhost:5173/\" \"Mozilla/5.0 (Windows NT 10.0; Win64; x64) AppleWebKit/537.36 (KHTML, like Gecko) Chrome/148.0.0.0 Safari/537.36\"","service":"visual-whiteboard-api","timestamp":"2026-05-26 18:21:21"}
{"level":"info","message":"::1 - - [26/May/2026:12:51:21 +0000] \"GET /api/v1/whiteboards HTTP/1.1\" 200 1360 \"http://localhost:5173/\" \"Mozilla/5.0 (Windows NT 10.0; Win64; x64) AppleWebKit/537.36 (KHTML, like Gecko) Chrome/148.0.0.0 Safari/537.36\"","service":"visual-whiteboard-api","timestamp":"2026-05-26 18:21:21"}
{"level":"info","message":"::1 - - [26/May/2026:12:51:21 +0000] \"GET /api/v1/whiteboards/invitations HTTP/1.1\" 200 42 \"http://localhost:5173/\" \"Mozilla/5.0 (Windows NT 10.0; Win64; x64) AppleWebKit/537.36 (KHTML, like Gecko) Chrome/148.0.0.0 Safari/537.36\"","service":"visual-whiteboard-api","timestamp":"2026-05-26 18:21:21"}
{"level":"info","message":"::1 - - [26/May/2026:12:51:23 +0000] \"GET /api/v1/whiteboards/6a05cf718682f6fbf2a25894 HTTP/1.1\" 200 519 \"http://localhost:5173/\" \"Mozilla/5.0 (Windows NT 10.0; Win64; x64) AppleWebKit/537.36 (KHTML, like Gecko) Chrome/148.0.0.0 Safari/537.36\"","service":"visual-whiteboard-api","timestamp":"2026-05-26 18:21:23"}
{"level":"info","message":"⚡ Socket connected: 1jBEhQcUeartAcl7AAAC (User: b@b.com)","service":"visual-whiteboard-api","timestamp":"2026-05-26 18:21:23"}
{"level":"info","message":"User b@b.com joined room whiteboard:6a05cf718682f6fbf2a25894","service":"visual-whiteboard-api","timestamp":"2026-05-26 18:21:23"}
{"level":"info","message":"::1 - - [26/May/2026:12:51:33 +0000] \"PUT /api/v1/whiteboards/6a05cf718682f6fbf2a25894/canvas HTTP/1.1\" 403 68 \"http://localhost:5173/\" \"Mozilla/5.0 (Windows NT 10.0; Win64; x64) AppleWebKit/537.36 (KHTML, like Gecko) Chrome/148.0.0.0 Safari/537.36\"","service":"visual-whiteboard-api","timestamp":"2026-05-26 18:21:33"}
{"level":"info","message":"::1 - - [26/May/2026:12:51:38 +0000] \"PUT /api/v1/whiteboards/6a05cf718682f6fbf2a25894/canvas HTTP/1.1\" 403 68 \"http://localhost:5173/\" \"Mozilla/5.0 (Windows NT 10.0; Win64; x64) AppleWebKit/537.36 (KHTML, like Gecko) Chrome/148.0.0.0 Safari/537.36\"","service":"visual-whiteboard-api","timestamp":"2026-05-26 18:21:38"}
{"level":"info","message":"::1 - - [26/May/2026:12:51:42 +0000] \"PUT /api/v1/whiteboards/6a05cf718682f6fbf2a25894/canvas HTTP/1.1\" 403 68 \"http://localhost:5173/\" \"Mozilla/5.0 (Windows NT 10.0; Win64; x64) AppleWebKit/537.36 (KHTML, like Gecko) Chrome/148.0.0.0 Safari/537.36\"","service":"visual-whiteboard-api","timestamp":"2026-05-26 18:21:42"}
{"level":"info","message":"::1 - - [26/May/2026:12:51:46 +0000] \"PUT /api/v1/whiteboards/6a05cf718682f6fbf2a25894/canvas HTTP/1.1\" 403 68 \"http://localhost:5173/\" \"Mozilla/5.0 (Windows NT 10.0; Win64; x64) AppleWebKit/537.36 (KHTML, like Gecko) Chrome/148.0.0.0 Safari/537.36\"","service":"visual-whiteboard-api","timestamp":"2026-05-26 18:21:46"}
{"level":"info","message":"::1 - - [26/May/2026:12:51:51 +0000] \"PUT /api/v1/whiteboards/6a05cf718682f6fbf2a25894/canvas HTTP/1.1\" 403 68 \"http://localhost:5173/\" \"Mozilla/5.0 (Windows NT 10.0; Win64; x64) AppleWebKit/537.36 (KHTML, like Gecko) Chrome/148.0.0.0 Safari/537.36\"","service":"visual-whiteboard-api","timestamp":"2026-05-26 18:21:51"}
{"level":"info","message":"::1 - - [26/May/2026:12:51:57 +0000] \"PUT /api/v1/whiteboards/6a05cf718682f6fbf2a25894/canvas HTTP/1.1\" 403 68 \"http://localhost:5173/\" \"Mozilla/5.0 (Windows NT 10.0; Win64; x64) AppleWebKit/537.36 (KHTML, like Gecko) Chrome/148.0.0.0 Safari/537.36\"","service":"visual-whiteboard-api","timestamp":"2026-05-26 18:21:57"}
{"level":"info","message":"::1 - - [26/May/2026:12:52:04 +0000] \"PUT /api/v1/whiteboards/6a05cf718682f6fbf2a25894/canvas HTTP/1.1\" 403 68 \"http://localhost:5173/\" \"Mozilla/5.0 (Windows NT 10.0; Win64; x64) AppleWebKit/537.36 (KHTML, like Gecko) Chrome/148.0.0.0 Safari/537.36\"","service":"visual-whiteboard-api","timestamp":"2026-05-26 18:22:04"}
{"level":"info","message":"::1 - - [26/May/2026:12:52:08 +0000] \"PUT /api/v1/whiteboards/6a05cf718682f6fbf2a25894/canvas HTTP/1.1\" 403 68 \"http://localhost:5173/\" \"Mozilla/5.0 (Windows NT 10.0; Win64; x64) AppleWebKit/537.36 (KHTML, like Gecko) Chrome/148.0.0.0 Safari/537.36\"","service":"visual-whiteboard-api","timestamp":"2026-05-26 18:22:08"}
{"level":"info","message":"::1 - - [26/May/2026:12:52:11 +0000] \"PUT /api/v1/whiteboards/6a05cf718682f6fbf2a25894/canvas HTTP/1.1\" 403 68 \"http://localhost:5173/\" \"Mozilla/5.0 (Windows NT 10.0; Win64; x64) AppleWebKit/537.36 (KHTML, like Gecko) Chrome/148.0.0.0 Safari/537.36\"","service":"visual-whiteboard-api","timestamp":"2026-05-26 18:22:11"}
{"level":"info","message":"User b@b.com left room whiteboard:6a05cf718682f6fbf2a25894","service":"visual-whiteboard-api","timestamp":"2026-05-26 18:23:49"}
{"level":"info","message":"::1 - - [26/May/2026:12:53:49 +0000] \"GET /api/v1/whiteboards HTTP/1.1\" 304 - \"http://localhost:5173/\" \"Mozilla/5.0 (Windows NT 10.0; Win64; x64) AppleWebKit/537.36 (KHTML, like Gecko) Chrome/148.0.0.0 Safari/537.36\"","service":"visual-whiteboard-api","timestamp":"2026-05-26 18:23:49"}
{"level":"info","message":"::1 - - [26/May/2026:12:53:49 +0000] \"GET /api/v1/whiteboards/invitations HTTP/1.1\" 304 - \"http://localhost:5173/\" \"Mozilla/5.0 (Windows NT 10.0; Win64; x64) AppleWebKit/537.36 (KHTML, like Gecko) Chrome/148.0.0.0 Safari/537.36\"","service":"visual-whiteboard-api","timestamp":"2026-05-26 18:23:49"}
{"level":"info","message":"::1 - - [26/May/2026:12:53:49 +0000] \"GET /api/v1/whiteboards HTTP/1.1\" 304 - \"http://localhost:5173/\" \"Mozilla/5.0 (Windows NT 10.0; Win64; x64) AppleWebKit/537.36 (KHTML, like Gecko) Chrome/148.0.0.0 Safari/537.36\"","service":"visual-whiteboard-api","timestamp":"2026-05-26 18:23:49"}
{"level":"info","message":"::1 - - [26/May/2026:12:53:49 +0000] \"GET /api/v1/whiteboards/invitations HTTP/1.1\" 304 - \"http://localhost:5173/\" \"Mozilla/5.0 (Windows NT 10.0; Win64; x64) AppleWebKit/537.36 (KHTML, like Gecko) Chrome/148.0.0.0 Safari/537.36\"","service":"visual-whiteboard-api","timestamp":"2026-05-26 18:23:49"}
{"level":"info","message":"::1 - - [26/May/2026:12:54:00 +0000] \"POST /api/v1/auth/login HTTP/1.1\" 200 392 \"http://localhost:5173/\" \"Mozilla/5.0 (Windows NT 10.0; Win64; x64) AppleWebKit/537.36 (KHTML, like Gecko) Chrome/148.0.0.0 Safari/537.36\"","service":"visual-whiteboard-api","timestamp":"2026-05-26 18:24:00"}
{"level":"info","message":"::1 - - [26/May/2026:12:54:00 +0000] \"GET /api/v1/whiteboards HTTP/1.1\" 200 1802 \"http://localhost:5173/\" \"Mozilla/5.0 (Windows NT 10.0; Win64; x64) AppleWebKit/537.36 (KHTML, like Gecko) Chrome/148.0.0.0 Safari/537.36\"","service":"visual-whiteboard-api","timestamp":"2026-05-26 18:24:00"}
{"level":"info","message":"::1 - - [26/May/2026:12:54:00 +0000] \"GET /api/v1/whiteboards/invitations HTTP/1.1\" 304 - \"http://localhost:5173/\" \"Mozilla/5.0 (Windows NT 10.0; Win64; x64) AppleWebKit/537.36 (KHTML, like Gecko) Chrome/148.0.0.0 Safari/537.36\"","service":"visual-whiteboard-api","timestamp":"2026-05-26 18:24:00"}
{"level":"info","message":"::1 - - [26/May/2026:12:54:00 +0000] \"GET /api/v1/whiteboards HTTP/1.1\" 304 - \"http://localhost:5173/\" \"Mozilla/5.0 (Windows NT 10.0; Win64; x64) AppleWebKit/537.36 (KHTML, like Gecko) Chrome/148.0.0.0 Safari/537.36\"","service":"visual-whiteboard-api","timestamp":"2026-05-26 18:24:00"}
{"level":"info","message":"::1 - - [26/May/2026:12:54:00 +0000] \"GET /api/v1/whiteboards/invitations HTTP/1.1\" 304 - \"http://localhost:5173/\" \"Mozilla/5.0 (Windows NT 10.0; Win64; x64) AppleWebKit/537.36 (KHTML, like Gecko) Chrome/148.0.0.0 Safari/537.36\"","service":"visual-whiteboard-api","timestamp":"2026-05-26 18:24:00"}
{"level":"info","message":"::1 - - [26/May/2026:12:54:02 +0000] \"GET /api/v1/whiteboards/6a05cf718682f6fbf2a25894 HTTP/1.1\" 304 - \"http://localhost:5173/\" \"Mozilla/5.0 (Windows NT 10.0; Win64; x64) AppleWebKit/537.36 (KHTML, like Gecko) Chrome/148.0.0.0 Safari/537.36\"","service":"visual-whiteboard-api","timestamp":"2026-05-26 18:24:02"}
{"level":"info","message":"⚡ Socket connected: IAp1KrYX9KThv-WsAAAF (User: a@a.com)","service":"visual-whiteboard-api","timestamp":"2026-05-26 18:24:02"}
{"level":"info","message":"User a@a.com joined room whiteboard:6a05cf718682f6fbf2a25894","service":"visual-whiteboard-api","timestamp":"2026-05-26 18:24:02"}
{"level":"info","message":"User a@a.com left room whiteboard:6a05cf718682f6fbf2a25894","service":"visual-whiteboard-api","timestamp":"2026-05-26 18:24:18"}
{"level":"info","message":"::1 - - [26/May/2026:12:54:18 +0000] \"GET /api/v1/whiteboards HTTP/1.1\" 304 - \"http://localhost:5173/\" \"Mozilla/5.0 (Windows NT 10.0; Win64; x64) AppleWebKit/537.36 (KHTML, like Gecko) Chrome/148.0.0.0 Safari/537.36\"","service":"visual-whiteboard-api","timestamp":"2026-05-26 18:24:18"}
{"level":"info","message":"::1 - - [26/May/2026:12:54:18 +0000] \"GET /api/v1/whiteboards/invitations HTTP/1.1\" 304 - \"http://localhost:5173/\" \"Mozilla/5.0 (Windows NT 10.0; Win64; x64) AppleWebKit/537.36 (KHTML, like Gecko) Chrome/148.0.0.0 Safari/537.36\"","service":"visual-whiteboard-api","timestamp":"2026-05-26 18:24:18"}
{"level":"info","message":"::1 - - [26/May/2026:12:54:18 +0000] \"GET /api/v1/whiteboards HTTP/1.1\" 304 - \"http://localhost:5173/\" \"Mozilla/5.0 (Windows NT 10.0; Win64; x64) AppleWebKit/537.36 (KHTML, like Gecko) Chrome/148.0.0.0 Safari/537.36\"","service":"visual-whiteboard-api","timestamp":"2026-05-26 18:24:18"}
{"level":"info","message":"::1 - - [26/May/2026:12:54:18 +0000] \"GET /api/v1/whiteboards/invitations HTTP/1.1\" 304 - \"http://localhost:5173/\" \"Mozilla/5.0 (Windows NT 10.0; Win64; x64) AppleWebKit/537.36 (KHTML, like Gecko) Chrome/148.0.0.0 Safari/537.36\"","service":"visual-whiteboard-api","timestamp":"2026-05-26 18:24:18"}
{"level":"info","message":"::1 - - [26/May/2026:12:54:25 +0000] \"GET /api/v1/whiteboards/6a05cf678682f6fbf2a25893 HTTP/1.1\" 200 310 \"http://localhost:5173/\" \"Mozilla/5.0 (Windows NT 10.0; Win64; x64) AppleWebKit/537.36 (KHTML, like Gecko) Chrome/148.0.0.0 Safari/537.36\"","service":"visual-whiteboard-api","timestamp":"2026-05-26 18:24:25"}
{"level":"info","message":"⚡ Socket connected: hPLhOZeJArkJ84RzAAAI (User: a@a.com)","service":"visual-whiteboard-api","timestamp":"2026-05-26 18:24:25"}
{"level":"info","message":"User a@a.com joined room whiteboard:6a05cf678682f6fbf2a25893","service":"visual-whiteboard-api","timestamp":"2026-05-26 18:24:25"}
{"level":"info","message":"User a@a.com left room whiteboard:6a05cf678682f6fbf2a25893","service":"visual-whiteboard-api","timestamp":"2026-05-26 18:24:28"}
{"level":"info","message":"::1 - - [26/May/2026:12:54:28 +0000] \"GET /api/v1/whiteboards HTTP/1.1\" 304 - \"http://localhost:5173/\" \"Mozilla/5.0 (Windows NT 10.0; Win64; x64) AppleWebKit/537.36 (KHTML, like Gecko) Chrome/148.0.0.0 Safari/537.36\"","service":"visual-whiteboard-api","timestamp":"2026-05-26 18:24:28"}
{"level":"info","message":"::1 - - [26/May/2026:12:54:28 +0000] \"GET /api/v1/whiteboards/invitations HTTP/1.1\" 304 - \"http://localhost:5173/\" \"Mozilla/5.0 (Windows NT 10.0; Win64; x64) AppleWebKit/537.36 (KHTML, like Gecko) Chrome/148.0.0.0 Safari/537.36\"","service":"visual-whiteboard-api","timestamp":"2026-05-26 18:24:28"}
{"level":"info","message":"::1 - - [26/May/2026:12:54:28 +0000] \"GET /api/v1/whiteboards HTTP/1.1\" 304 - \"http://localhost:5173/\" \"Mozilla/5.0 (Windows NT 10.0; Win64; x64) AppleWebKit/537.36 (KHTML, like Gecko) Chrome/148.0.0.0 Safari/537.36\"","service":"visual-whiteboard-api","timestamp":"2026-05-26 18:24:28"}
{"level":"info","message":"::1 - - [26/May/2026:12:54:28 +0000] \"GET /api/v1/whiteboards/invitations HTTP/1.1\" 304 - \"http://localhost:5173/\" \"Mozilla/5.0 (Windows NT 10.0; Win64; x64) AppleWebKit/537.36 (KHTML, like Gecko) Chrome/148.0.0.0 Safari/537.36\"","service":"visual-whiteboard-api","timestamp":"2026-05-26 18:24:28"}
{"level":"info","message":"::1 - - [26/May/2026:12:54:29 +0000] \"GET /api/v1/whiteboards/6a05cf718682f6fbf2a25894 HTTP/1.1\" 304 - \"http://localhost:5173/\" \"Mozilla/5.0 (Windows NT 10.0; Win64; x64) AppleWebKit/537.36 (KHTML, like Gecko) Chrome/148.0.0.0 Safari/537.36\"","service":"visual-whiteboard-api","timestamp":"2026-05-26 18:24:29"}
{"level":"info","message":"⚡ Socket connected: xgtGpHF4gDRb0SekAAAL (User: a@a.com)","service":"visual-whiteboard-api","timestamp":"2026-05-26 18:24:29"}
{"level":"info","message":"User a@a.com joined room whiteboard:6a05cf718682f6fbf2a25894","service":"visual-whiteboard-api","timestamp":"2026-05-26 18:24:29"}
{"level":"info","message":"User a@a.com left room whiteboard:6a05cf718682f6fbf2a25894","service":"visual-whiteboard-api","timestamp":"2026-05-26 18:24:43"}
{"level":"info","message":"::1 - - [26/May/2026:12:54:43 +0000] \"GET /api/v1/whiteboards HTTP/1.1\" 304 - \"http://localhost:5173/\" \"Mozilla/5.0 (Windows NT 10.0; Win64; x64) AppleWebKit/537.36 (KHTML, like Gecko) Chrome/148.0.0.0 Safari/537.36\"","service":"visual-whiteboard-api","timestamp":"2026-05-26 18:24:43"}
{"level":"info","message":"::1 - - [26/May/2026:12:54:43 +0000] \"GET /api/v1/whiteboards/invitations HTTP/1.1\" 304 - \"http://localhost:5173/\" \"Mozilla/5.0 (Windows NT 10.0; Win64; x64) AppleWebKit/537.36 (KHTML, like Gecko) Chrome/148.0.0.0 Safari/537.36\"","service":"visual-whiteboard-api","timestamp":"2026-05-26 18:24:43"}
{"level":"info","message":"::1 - - [26/May/2026:12:54:43 +0000] \"GET /api/v1/whiteboards HTTP/1.1\" 304 - \"http://localhost:5173/\" \"Mozilla/5.0 (Windows NT 10.0; Win64; x64) AppleWebKit/537.36 (KHTML, like Gecko) Chrome/148.0.0.0 Safari/537.36\"","service":"visual-whiteboard-api","timestamp":"2026-05-26 18:24:43"}
{"level":"info","message":"::1 - - [26/May/2026:12:54:43 +0000] \"GET /api/v1/whiteboards/invitations HTTP/1.1\" 304 - \"http://localhost:5173/\" \"Mozilla/5.0 (Windows NT 10.0; Win64; x64) AppleWebKit/537.36 (KHTML, like Gecko) Chrome/148.0.0.0 Safari/537.36\"","service":"visual-whiteboard-api","timestamp":"2026-05-26 18:24:43"}
{"level":"info","message":"Graceful shutdown initiated...","service":"visual-whiteboard-api","timestamp":"2026-05-26 18:30:50"}
{"level":"info","message":"Connected to MongoDB","service":"visual-whiteboard-api","timestamp":"2026-05-26 18:30:52"}
{"level":"info","message":"🚀 Connected to Redis","service":"visual-whiteboard-api","timestamp":"2026-05-26 18:30:52"}
{"level":"info","message":"Server running in development mode on port 5000","service":"visual-whiteboard-api","timestamp":"2026-05-26 18:30:52"}
{"level":"info","message":"🚀 Socket.io Redis Adapter configured","service":"visual-whiteboard-api","timestamp":"2026-05-26 18:30:52"}
{"level":"info","message":"::1 - - [26/May/2026:13:01:08 +0000] \"POST /api/v1/auth/login HTTP/1.1\" 200 393 \"http://localhost:5173/\" \"Mozilla/5.0 (Windows NT 10.0; Win64; x64) AppleWebKit/537.36 (KHTML, like Gecko) Chrome/148.0.0.0 Safari/537.36\"","service":"visual-whiteboard-api","timestamp":"2026-05-26 18:31:08"}
{"level":"info","message":"::1 - - [26/May/2026:13:01:08 +0000] \"GET /api/v1/whiteboards HTTP/1.1\" 200 1360 \"http://localhost:5173/\" \"Mozilla/5.0 (Windows NT 10.0; Win64; x64) AppleWebKit/537.36 (KHTML, like Gecko) Chrome/148.0.0.0 Safari/537.36\"","service":"visual-whiteboard-api","timestamp":"2026-05-26 18:31:08"}
{"level":"info","message":"::1 - - [26/May/2026:13:01:08 +0000] \"GET /api/v1/whiteboards/invitations HTTP/1.1\" 304 - \"http://localhost:5173/\" \"Mozilla/5.0 (Windows NT 10.0; Win64; x64) AppleWebKit/537.36 (KHTML, like Gecko) Chrome/148.0.0.0 Safari/537.36\"","service":"visual-whiteboard-api","timestamp":"2026-05-26 18:31:08"}
{"level":"info","message":"::1 - - [26/May/2026:13:01:08 +0000] \"GET /api/v1/whiteboards HTTP/1.1\" 304 - \"http://localhost:5173/\" \"Mozilla/5.0 (Windows NT 10.0; Win64; x64) AppleWebKit/537.36 (KHTML, like Gecko) Chrome/148.0.0.0 Safari/537.36\"","service":"visual-whiteboard-api","timestamp":"2026-05-26 18:31:08"}
{"level":"info","message":"::1 - - [26/May/2026:13:01:08 +0000] \"GET /api/v1/whiteboards/invitations HTTP/1.1\" 304 - \"http://localhost:5173/\" \"Mozilla/5.0 (Windows NT 10.0; Win64; x64) AppleWebKit/537.36 (KHTML, like Gecko) Chrome/148.0.0.0 Safari/537.36\"","service":"visual-whiteboard-api","timestamp":"2026-05-26 18:31:08"}
{"level":"info","message":"::1 - - [26/May/2026:13:01:12 +0000] \"GET /api/v1/whiteboards/6a05cf718682f6fbf2a25894 HTTP/1.1\" 304 - \"http://localhost:5173/\" \"Mozilla/5.0 (Windows NT 10.0; Win64; x64) AppleWebKit/537.36 (KHTML, like Gecko) Chrome/148.0.0.0 Safari/537.36\"","service":"visual-whiteboard-api","timestamp":"2026-05-26 18:31:12"}
{"level":"info","message":"⚡ Socket connected: 57bp59zBvc_PefbTAAAC (User: b@b.com)","service":"visual-whiteboard-api","timestamp":"2026-05-26 18:31:12"}
{"level":"info","message":"User b@b.com joined room whiteboard:6a05cf718682f6fbf2a25894","service":"visual-whiteboard-api","timestamp":"2026-05-26 18:31:12"}
{"level":"info","message":"User b@b.com left room whiteboard:6a05cf718682f6fbf2a25894","service":"visual-whiteboard-api","timestamp":"2026-05-26 18:31:19"}
{"level":"info","message":"::1 - - [26/May/2026:13:01:19 +0000] \"GET /api/v1/whiteboards HTTP/1.1\" 304 - \"http://localhost:5173/\" \"Mozilla/5.0 (Windows NT 10.0; Win64; x64) AppleWebKit/537.36 (KHTML, like Gecko) Chrome/148.0.0.0 Safari/537.36\"","service":"visual-whiteboard-api","timestamp":"2026-05-26 18:31:19"}
{"level":"info","message":"::1 - - [26/May/2026:13:01:19 +0000] \"GET /api/v1/whiteboards/invitations HTTP/1.1\" 304 - \"http://localhost:5173/\" \"Mozilla/5.0 (Windows NT 10.0; Win64; x64) AppleWebKit/537.36 (KHTML, like Gecko) Chrome/148.0.0.0 Safari/537.36\"","service":"visual-whiteboard-api","timestamp":"2026-05-26 18:31:19"}
{"level":"info","message":"::1 - - [26/May/2026:13:01:19 +0000] \"GET /api/v1/whiteboards HTTP/1.1\" 304 - \"http://localhost:5173/\" \"Mozilla/5.0 (Windows NT 10.0; Win64; x64) AppleWebKit/537.36 (KHTML, like Gecko) Chrome/148.0.0.0 Safari/537.36\"","service":"visual-whiteboard-api","timestamp":"2026-05-26 18:31:19"}
{"level":"info","message":"::1 - - [26/May/2026:13:01:19 +0000] \"GET /api/v1/whiteboards/invitations HTTP/1.1\" 304 - \"http://localhost:5173/\" \"Mozilla/5.0 (Windows NT 10.0; Win64; x64) AppleWebKit/537.36 (KHTML, like Gecko) Chrome/148.0.0.0 Safari/537.36\"","service":"visual-whiteboard-api","timestamp":"2026-05-26 18:31:19"}
{"level":"info","message":"::1 - - [26/May/2026:13:01:35 +0000] \"POST /api/v1/auth/login HTTP/1.1\" 200 393 \"http://localhost:5173/\" \"Mozilla/5.0 (Windows NT 10.0; Win64; x64) AppleWebKit/537.36 (KHTML, like Gecko) Chrome/148.0.0.0 Safari/537.36\"","service":"visual-whiteboard-api","timestamp":"2026-05-26 18:31:35"}
{"level":"info","message":"::1 - - [26/May/2026:13:01:35 +0000] \"GET /api/v1/whiteboards/invitations HTTP/1.1\" 304 - \"http://localhost:5173/\" \"Mozilla/5.0 (Windows NT 10.0; Win64; x64) AppleWebKit/537.36 (KHTML, like Gecko) Chrome/148.0.0.0 Safari/537.36\"","service":"visual-whiteboard-api","timestamp":"2026-05-26 18:31:35"}
{"level":"info","message":"::1 - - [26/May/2026:13:01:35 +0000] \"GET /api/v1/whiteboards HTTP/1.1\" 304 - \"http://localhost:5173/\" \"Mozilla/5.0 (Windows NT 10.0; Win64; x64) AppleWebKit/537.36 (KHTML, like Gecko) Chrome/148.0.0.0 Safari/537.36\"","service":"visual-whiteboard-api","timestamp":"2026-05-26 18:31:35"}
{"level":"info","message":"::1 - - [26/May/2026:13:01:35 +0000] \"GET /api/v1/whiteboards/invitations HTTP/1.1\" 304 - \"http://localhost:5173/\" \"Mozilla/5.0 (Windows NT 10.0; Win64; x64) AppleWebKit/537.36 (KHTML, like Gecko) Chrome/148.0.0.0 Safari/537.36\"","service":"visual-whiteboard-api","timestamp":"2026-05-26 18:31:35"}
{"level":"info","message":"::1 - - [26/May/2026:13:01:35 +0000] \"GET /api/v1/whiteboards HTTP/1.1\" 304 - \"http://localhost:5173/\" \"Mozilla/5.0 (Windows NT 10.0; Win64; x64) AppleWebKit/537.36 (KHTML, like Gecko) Chrome/148.0.0.0 Safari/537.36\"","service":"visual-whiteboard-api","timestamp":"2026-05-26 18:31:35"}
{"level":"info","message":"::1 - - [26/May/2026:13:01:36 +0000] \"GET /api/v1/whiteboards/6a05cf718682f6fbf2a25894 HTTP/1.1\" 304 - \"http://localhost:5173/\" \"Mozilla/5.0 (Windows NT 10.0; Win64; x64) AppleWebKit/537.36 (KHTML, like Gecko) Chrome/148.0.0.0 Safari/537.36\"","service":"visual-whiteboard-api","timestamp":"2026-05-26 18:31:36"}
{"level":"info","message":"⚡ Socket connected: _vIOGBgHulRvuQvOAAAF (User: b@b.com)","service":"visual-whiteboard-api","timestamp":"2026-05-26 18:31:36"}
{"level":"info","message":"User b@b.com joined room whiteboard:6a05cf718682f6fbf2a25894","service":"visual-whiteboard-api","timestamp":"2026-05-26 18:31:36"}
{"level":"info","message":"User b@b.com left room whiteboard:6a05cf718682f6fbf2a25894","service":"visual-whiteboard-api","timestamp":"2026-05-26 18:31:40"}
{"level":"info","message":"::1 - - [26/May/2026:13:01:40 +0000] \"GET /api/v1/whiteboards HTTP/1.1\" 304 - \"http://localhost:5173/\" \"Mozilla/5.0 (Windows NT 10.0; Win64; x64) AppleWebKit/537.36 (KHTML, like Gecko) Chrome/148.0.0.0 Safari/537.36\"","service":"visual-whiteboard-api","timestamp":"2026-05-26 18:31:40"}
{"level":"info","message":"::1 - - [26/May/2026:13:01:40 +0000] \"GET /api/v1/whiteboards/invitations HTTP/1.1\" 304 - \"http://localhost:5173/\" \"Mozilla/5.0 (Windows NT 10.0; Win64; x64) AppleWebKit/537.36 (KHTML, like Gecko) Chrome/148.0.0.0 Safari/537.36\"","service":"visual-whiteboard-api","timestamp":"2026-05-26 18:31:40"}
{"level":"info","message":"::1 - - [26/May/2026:13:01:40 +0000] \"GET /api/v1/whiteboards HTTP/1.1\" 304 - \"http://localhost:5173/\" \"Mozilla/5.0 (Windows NT 10.0; Win64; x64) AppleWebKit/537.36 (KHTML, like Gecko) Chrome/148.0.0.0 Safari/537.36\"","service":"visual-whiteboard-api","timestamp":"2026-05-26 18:31:40"}
{"level":"info","message":"::1 - - [26/May/2026:13:01:40 +0000] \"GET /api/v1/whiteboards/invitations HTTP/1.1\" 304 - \"http://localhost:5173/\" \"Mozilla/5.0 (Windows NT 10.0; Win64; x64) AppleWebKit/537.36 (KHTML, like Gecko) Chrome/148.0.0.0 Safari/537.36\"","service":"visual-whiteboard-api","timestamp":"2026-05-26 18:31:40"}
{"level":"info","message":"::1 - - [26/May/2026:13:01:49 +0000] \"POST /api/v1/auth/login HTTP/1.1\" 401 55 \"http://localhost:5173/\" \"Mozilla/5.0 (Windows NT 10.0; Win64; x64) AppleWebKit/537.36 (KHTML, like Gecko) Chrome/148.0.0.0 Safari/537.36\"","service":"visual-whiteboard-api","timestamp":"2026-05-26 18:31:49"}
{"level":"info","message":"::1 - - [26/May/2026:13:01:56 +0000] \"POST /api/v1/auth/login HTTP/1.1\" 200 392 \"http://localhost:5173/\" \"Mozilla/5.0 (Windows NT 10.0; Win64; x64) AppleWebKit/537.36 (KHTML, like Gecko) Chrome/148.0.0.0 Safari/537.36\"","service":"visual-whiteboard-api","timestamp":"2026-05-26 18:31:56"}
{"level":"info","message":"::1 - - [26/May/2026:13:01:56 +0000] \"GET /api/v1/whiteboards HTTP/1.1\" 200 1802 \"http://localhost:5173/\" \"Mozilla/5.0 (Windows NT 10.0; Win64; x64) AppleWebKit/537.36 (KHTML, like Gecko) Chrome/148.0.0.0 Safari/537.36\"","service":"visual-whiteboard-api","timestamp":"2026-05-26 18:31:56"}
{"level":"info","message":"::1 - - [26/May/2026:13:01:56 +0000] \"GET /api/v1/whiteboards/invitations HTTP/1.1\" 304 - \"http://localhost:5173/\" \"Mozilla/5.0 (Windows NT 10.0; Win64; x64) AppleWebKit/537.36 (KHTML, like Gecko) Chrome/148.0.0.0 Safari/537.36\"","service":"visual-whiteboard-api","timestamp":"2026-05-26 18:31:56"}
{"level":"info","message":"::1 - - [26/May/2026:13:01:56 +0000] \"GET /api/v1/whiteboards HTTP/1.1\" 304 - \"http://localhost:5173/\" \"Mozilla/5.0 (Windows NT 10.0; Win64; x64) AppleWebKit/537.36 (KHTML, like Gecko) Chrome/148.0.0.0 Safari/537.36\"","service":"visual-whiteboard-api","timestamp":"2026-05-26 18:31:56"}
{"level":"info","message":"::1 - - [26/May/2026:13:01:56 +0000] \"GET /api/v1/whiteboards/invitations HTTP/1.1\" 304 - \"http://localhost:5173/\" \"Mozilla/5.0 (Windows NT 10.0; Win64; x64) AppleWebKit/537.36 (KHTML, like Gecko) Chrome/148.0.0.0 Safari/537.36\"","service":"visual-whiteboard-api","timestamp":"2026-05-26 18:31:56"}
{"level":"info","message":"::1 - - [26/May/2026:13:01:57 +0000] \"GET /api/v1/whiteboards/6a05cf718682f6fbf2a25894 HTTP/1.1\" 304 - \"http://localhost:5173/\" \"Mozilla/5.0 (Windows NT 10.0; Win64; x64) AppleWebKit/537.36 (KHTML, like Gecko) Chrome/148.0.0.0 Safari/537.36\"","service":"visual-whiteboard-api","timestamp":"2026-05-26 18:31:57"}
{"level":"info","message":"⚡ Socket connected: IalRvGYxGHZWekr8AAAI (User: a@a.com)","service":"visual-whiteboard-api","timestamp":"2026-05-26 18:31:57"}
{"level":"info","message":"User a@a.com joined room whiteboard:6a05cf718682f6fbf2a25894","service":"visual-whiteboard-api","timestamp":"2026-05-26 18:31:57"}
{"level":"info","message":"::1 - - [26/May/2026:13:02:08 +0000] \"PUT /api/v1/whiteboards/6a05cf718682f6fbf2a25894/canvas HTTP/1.1\" 200 58 \"http://localhost:5173/\" \"Mozilla/5.0 (Windows NT 10.0; Win64; x64) AppleWebKit/537.36 (KHTML, like Gecko) Chrome/148.0.0.0 Safari/537.36\"","service":"visual-whiteboard-api","timestamp":"2026-05-26 18:32:08"}
{"level":"info","message":"::1 - - [26/May/2026:13:02:13 +0000] \"PUT /api/v1/whiteboards/6a05cf718682f6fbf2a25894/canvas HTTP/1.1\" 200 58 \"http://localhost:5173/\" \"Mozilla/5.0 (Windows NT 10.0; Win64; x64) AppleWebKit/537.36 (KHTML, like Gecko) Chrome/148.0.0.0 Safari/537.36\"","service":"visual-whiteboard-api","timestamp":"2026-05-26 18:32:13"}
{"level":"info","message":"::1 - - [26/May/2026:13:02:18 +0000] \"PUT /api/v1/whiteboards/6a05cf718682f6fbf2a25894/canvas HTTP/1.1\" 200 58 \"http://localhost:5173/\" \"Mozilla/5.0 (Windows NT 10.0; Win64; x64) AppleWebKit/537.36 (KHTML, like Gecko) Chrome/148.0.0.0 Safari/537.36\"","service":"visual-whiteboard-api","timestamp":"2026-05-26 18:32:18"}
{"level":"info","message":"::1 - - [26/May/2026:13:02:21 +0000] \"PUT /api/v1/whiteboards/6a05cf718682f6fbf2a25894/canvas HTTP/1.1\" 200 58 \"http://localhost:5173/\" \"Mozilla/5.0 (Windows NT 10.0; Win64; x64) AppleWebKit/537.36 (KHTML, like Gecko) Chrome/148.0.0.0 Safari/537.36\"","service":"visual-whiteboard-api","timestamp":"2026-05-26 18:32:21"}
{"level":"info","message":"::1 - - [26/May/2026:13:02:30 +0000] \"PUT /api/v1/whiteboards/6a05cf718682f6fbf2a25894/canvas HTTP/1.1\" 200 58 \"http://localhost:5173/\" \"Mozilla/5.0 (Windows NT 10.0; Win64; x64) AppleWebKit/537.36 (KHTML, like Gecko) Chrome/148.0.0.0 Safari/537.36\"","service":"visual-whiteboard-api","timestamp":"2026-05-26 18:32:30"}
{"level":"info","message":"User a@a.com left room whiteboard:6a05cf718682f6fbf2a25894","service":"visual-whiteboard-api","timestamp":"2026-05-26 18:32:35"}
{"level":"info","message":"::1 - - [26/May/2026:13:02:35 +0000] \"GET /api/v1/whiteboards HTTP/1.1\" 200 1802 \"http://localhost:5173/\" \"Mozilla/5.0 (Windows NT 10.0; Win64; x64) AppleWebKit/537.36 (KHTML, like Gecko) Chrome/148.0.0.0 Safari/537.36\"","service":"visual-whiteboard-api","timestamp":"2026-05-26 18:32:35"}
{"level":"info","message":"::1 - - [26/May/2026:13:02:35 +0000] \"GET /api/v1/whiteboards/invitations HTTP/1.1\" 304 - \"http://localhost:5173/\" \"Mozilla/5.0 (Windows NT 10.0; Win64; x64) AppleWebKit/537.36 (KHTML, like Gecko) Chrome/148.0.0.0 Safari/537.36\"","service":"visual-whiteboard-api","timestamp":"2026-05-26 18:32:35"}
{"level":"info","message":"::1 - - [26/May/2026:13:02:35 +0000] \"GET /api/v1/whiteboards HTTP/1.1\" 304 - \"http://localhost:5173/\" \"Mozilla/5.0 (Windows NT 10.0; Win64; x64) AppleWebKit/537.36 (KHTML, like Gecko) Chrome/148.0.0.0 Safari/537.36\"","service":"visual-whiteboard-api","timestamp":"2026-05-26 18:32:35"}
{"level":"info","message":"::1 - - [26/May/2026:13:02:35 +0000] \"GET /api/v1/whiteboards/invitations HTTP/1.1\" 304 - \"http://localhost:5173/\" \"Mozilla/5.0 (Windows NT 10.0; Win64; x64) AppleWebKit/537.36 (KHTML, like Gecko) Chrome/148.0.0.0 Safari/537.36\"","service":"visual-whiteboard-api","timestamp":"2026-05-26 18:32:35"}
{"level":"info","message":"::1 - - [26/May/2026:13:02:36 +0000] \"GET /api/v1/whiteboards/6a05cf718682f6fbf2a25894 HTTP/1.1\" 200 2751 \"http://localhost:5173/\" \"Mozilla/5.0 (Windows NT 10.0; Win64; x64) AppleWebKit/537.36 (KHTML, like Gecko) Chrome/148.0.0.0 Safari/537.36\"","service":"visual-whiteboard-api","timestamp":"2026-05-26 18:32:36"}
{"level":"info","message":"⚡ Socket connected: ofqfLDAYZ2ZGQHSEAAAL (User: a@a.com)","service":"visual-whiteboard-api","timestamp":"2026-05-26 18:32:36"}
{"level":"info","message":"User a@a.com joined room whiteboard:6a05cf718682f6fbf2a25894","service":"visual-whiteboard-api","timestamp":"2026-05-26 18:32:36"}
{"level":"info","message":"::1 - - [26/May/2026:13:02:42 +0000] \"PUT /api/v1/whiteboards/6a05cf718682f6fbf2a25894/canvas HTTP/1.1\" 200 58 \"http://localhost:5173/\" \"Mozilla/5.0 (Windows NT 10.0; Win64; x64) AppleWebKit/537.36 (KHTML, like Gecko) Chrome/148.0.0.0 Safari/537.36\"","service":"visual-whiteboard-api","timestamp":"2026-05-26 18:32:42"}
{"level":"info","message":"User a@a.com left room whiteboard:6a05cf718682f6fbf2a25894","service":"visual-whiteboard-api","timestamp":"2026-05-26 18:32:45"}
{"level":"info","message":"::1 - - [26/May/2026:13:02:45 +0000] \"GET /api/v1/whiteboards/6a05cf718682f6fbf2a25894 HTTP/1.1\" 200 2653 \"http://localhost:5173/\" \"Mozilla/5.0 (Windows NT 10.0; Win64; x64) AppleWebKit/537.36 (KHTML, like Gecko) Chrome/148.0.0.0 Safari/537.36\"","service":"visual-whiteboard-api","timestamp":"2026-05-26 18:32:45"}
{"level":"info","message":"::1 - - [26/May/2026:13:02:45 +0000] \"GET /api/v1/whiteboards/6a05cf718682f6fbf2a25894 HTTP/1.1\" 304 - \"http://localhost:5173/\" \"Mozilla/5.0 (Windows NT 10.0; Win64; x64) AppleWebKit/537.36 (KHTML, like Gecko) Chrome/148.0.0.0 Safari/537.36\"","service":"visual-whiteboard-api","timestamp":"2026-05-26 18:32:45"}
{"level":"info","message":"⚡ Socket connected: prG5tzYgSaGiZYv-AAAO (User: a@a.com)","service":"visual-whiteboard-api","timestamp":"2026-05-26 18:32:45"}
{"level":"info","message":"User a@a.com joined room whiteboard:6a05cf718682f6fbf2a25894","service":"visual-whiteboard-api","timestamp":"2026-05-26 18:32:45"}
{"level":"info","message":"User a@a.com left room whiteboard:6a05cf718682f6fbf2a25894","service":"visual-whiteboard-api","timestamp":"2026-05-26 18:32:49"}
{"level":"info","message":"::1 - - [26/May/2026:13:02:49 +0000] \"GET /api/v1/whiteboards HTTP/1.1\" 200 1802 \"http://localhost:5173/\" \"Mozilla/5.0 (Windows NT 10.0; Win64; x64) AppleWebKit/537.36 (KHTML, like Gecko) Chrome/148.0.0.0 Safari/537.36\"","service":"visual-whiteboard-api","timestamp":"2026-05-26 18:32:49"}
{"level":"info","message":"::1 - - [26/May/2026:13:02:49 +0000] \"GET /api/v1/whiteboards/invitations HTTP/1.1\" 304 - \"http://localhost:5173/\" \"Mozilla/5.0 (Windows NT 10.0; Win64; x64) AppleWebKit/537.36 (KHTML, like Gecko) Chrome/148.0.0.0 Safari/537.36\"","service":"visual-whiteboard-api","timestamp":"2026-05-26 18:32:49"}
{"level":"info","message":"::1 - - [26/May/2026:13:02:49 +0000] \"GET /api/v1/whiteboards HTTP/1.1\" 304 - \"http://localhost:5173/\" \"Mozilla/5.0 (Windows NT 10.0; Win64; x64) AppleWebKit/537.36 (KHTML, like Gecko) Chrome/148.0.0.0 Safari/537.36\"","service":"visual-whiteboard-api","timestamp":"2026-05-26 18:32:49"}
{"level":"info","message":"::1 - - [26/May/2026:13:02:49 +0000] \"GET /api/v1/whiteboards/invitations HTTP/1.1\" 304 - \"http://localhost:5173/\" \"Mozilla/5.0 (Windows NT 10.0; Win64; x64) AppleWebKit/537.36 (KHTML, like Gecko) Chrome/148.0.0.0 Safari/537.36\"","service":"visual-whiteboard-api","timestamp":"2026-05-26 18:32:49"}
{"level":"info","message":"::1 - - [26/May/2026:13:02:57 +0000] \"POST /api/v1/auth/login HTTP/1.1\" 200 393 \"http://localhost:5173/\" \"Mozilla/5.0 (Windows NT 10.0; Win64; x64) AppleWebKit/537.36 (KHTML, like Gecko) Chrome/148.0.0.0 Safari/537.36\"","service":"visual-whiteboard-api","timestamp":"2026-05-26 18:32:57"}
{"level":"info","message":"::1 - - [26/May/2026:13:02:57 +0000] \"GET /api/v1/whiteboards HTTP/1.1\" 200 1360 \"http://localhost:5173/\" \"Mozilla/5.0 (Windows NT 10.0; Win64; x64) AppleWebKit/537.36 (KHTML, like Gecko) Chrome/148.0.0.0 Safari/537.36\"","service":"visual-whiteboard-api","timestamp":"2026-05-26 18:32:57"}
{"level":"info","message":"::1 - - [26/May/2026:13:02:57 +0000] \"GET /api/v1/whiteboards/invitations HTTP/1.1\" 304 - \"http://localhost:5173/\" \"Mozilla/5.0 (Windows NT 10.0; Win64; x64) AppleWebKit/537.36 (KHTML, like Gecko) Chrome/148.0.0.0 Safari/537.36\"","service":"visual-whiteboard-api","timestamp":"2026-05-26 18:32:57"}
{"level":"info","message":"::1 - - [26/May/2026:13:02:57 +0000] \"GET /api/v1/whiteboards HTTP/1.1\" 304 - \"http://localhost:5173/\" \"Mozilla/5.0 (Windows NT 10.0; Win64; x64) AppleWebKit/537.36 (KHTML, like Gecko) Chrome/148.0.0.0 Safari/537.36\"","service":"visual-whiteboard-api","timestamp":"2026-05-26 18:32:57"}
{"level":"info","message":"::1 - - [26/May/2026:13:02:57 +0000] \"GET /api/v1/whiteboards/invitations HTTP/1.1\" 304 - \"http://localhost:5173/\" \"Mozilla/5.0 (Windows NT 10.0; Win64; x64) AppleWebKit/537.36 (KHTML, like Gecko) Chrome/148.0.0.0 Safari/537.36\"","service":"visual-whiteboard-api","timestamp":"2026-05-26 18:32:57"}
{"level":"info","message":"::1 - - [26/May/2026:13:03:01 +0000] \"GET /api/v1/whiteboards/6a05cf718682f6fbf2a25894 HTTP/1.1\" 304 - \"http://localhost:5173/\" \"Mozilla/5.0 (Windows NT 10.0; Win64; x64) AppleWebKit/537.36 (KHTML, like Gecko) Chrome/148.0.0.0 Safari/537.36\"","service":"visual-whiteboard-api","timestamp":"2026-05-26 18:33:01"}
{"level":"info","message":"⚡ Socket connected: LayLjlk2Pt_qkMd5AAAR (User: b@b.com)","service":"visual-whiteboard-api","timestamp":"2026-05-26 18:33:01"}
{"level":"info","message":"User b@b.com joined room whiteboard:6a05cf718682f6fbf2a25894","service":"visual-whiteboard-api","timestamp":"2026-05-26 18:33:01"}
{"level":"info","message":"User b@b.com left room whiteboard:6a05cf718682f6fbf2a25894","service":"visual-whiteboard-api","timestamp":"2026-05-26 18:33:40"}
{"level":"info","message":"::1 - - [26/May/2026:13:03:40 +0000] \"GET /api/v1/whiteboards HTTP/1.1\" 304 - \"http://localhost:5173/\" \"Mozilla/5.0 (Windows NT 10.0; Win64; x64) AppleWebKit/537.36 (KHTML, like Gecko) Chrome/148.0.0.0 Safari/537.36\"","service":"visual-whiteboard-api","timestamp":"2026-05-26 18:33:40"}
{"level":"info","message":"::1 - - [26/May/2026:13:03:40 +0000] \"GET /api/v1/whiteboards/invitations HTTP/1.1\" 304 - \"http://localhost:5173/\" \"Mozilla/5.0 (Windows NT 10.0; Win64; x64) AppleWebKit/537.36 (KHTML, like Gecko) Chrome/148.0.0.0 Safari/537.36\"","service":"visual-whiteboard-api","timestamp":"2026-05-26 18:33:40"}
{"level":"info","message":"::1 - - [26/May/2026:13:03:40 +0000] \"GET /api/v1/whiteboards HTTP/1.1\" 304 - \"http://localhost:5173/\" \"Mozilla/5.0 (Windows NT 10.0; Win64; x64) AppleWebKit/537.36 (KHTML, like Gecko) Chrome/148.0.0.0 Safari/537.36\"","service":"visual-whiteboard-api","timestamp":"2026-05-26 18:33:40"}
{"level":"info","message":"::1 - - [26/May/2026:13:03:40 +0000] \"GET /api/v1/whiteboards/invitations HTTP/1.1\" 304 - \"http://localhost:5173/\" \"Mozilla/5.0 (Windows NT 10.0; Win64; x64) AppleWebKit/537.36 (KHTML, like Gecko) Chrome/148.0.0.0 Safari/537.36\"","service":"visual-whiteboard-api","timestamp":"2026-05-26 18:33:40"}
{"level":"info","message":"::1 - - [26/May/2026:13:10:02 +0000] \"GET /api/v1/whiteboards HTTP/1.1\" 304 - \"http://localhost:5173/\" \"Mozilla/5.0 (Windows NT 10.0; Win64; x64) AppleWebKit/537.36 (KHTML, like Gecko) Chrome/148.0.0.0 Safari/537.36\"","service":"visual-whiteboard-api","timestamp":"2026-05-26 18:40:02"}
{"level":"info","message":"::1 - - [26/May/2026:13:10:02 +0000] \"GET /api/v1/whiteboards/invitations HTTP/1.1\" 304 - \"http://localhost:5173/\" \"Mozilla/5.0 (Windows NT 10.0; Win64; x64) AppleWebKit/537.36 (KHTML, like Gecko) Chrome/148.0.0.0 Safari/537.36\"","service":"visual-whiteboard-api","timestamp":"2026-05-26 18:40:02"}
{"level":"info","message":"::1 - - [26/May/2026:13:10:02 +0000] \"GET /api/v1/whiteboards HTTP/1.1\" 304 - \"http://localhost:5173/\" \"Mozilla/5.0 (Windows NT 10.0; Win64; x64) AppleWebKit/537.36 (KHTML, like Gecko) Chrome/148.0.0.0 Safari/537.36\"","service":"visual-whiteboard-api","timestamp":"2026-05-26 18:40:02"}
{"level":"info","message":"::1 - - [26/May/2026:13:10:02 +0000] \"GET /api/v1/whiteboards/invitations HTTP/1.1\" 304 - \"http://localhost:5173/\" \"Mozilla/5.0 (Windows NT 10.0; Win64; x64) AppleWebKit/537.36 (KHTML, like Gecko) Chrome/148.0.0.0 Safari/537.36\"","service":"visual-whiteboard-api","timestamp":"2026-05-26 18:40:02"}
{"level":"info","message":"::1 - - [26/May/2026:13:10:49 +0000] \"GET /api/v1/whiteboards HTTP/1.1\" 304 - \"http://localhost:5173/\" \"Mozilla/5.0 (Windows NT 10.0; Win64; x64) AppleWebKit/537.36 (KHTML, like Gecko) Chrome/148.0.0.0 Safari/537.36\"","service":"visual-whiteboard-api","timestamp":"2026-05-26 18:40:49"}
{"level":"info","message":"::1 - - [26/May/2026:13:10:49 +0000] \"GET /api/v1/whiteboards/invitations HTTP/1.1\" 304 - \"http://localhost:5173/\" \"Mozilla/5.0 (Windows NT 10.0; Win64; x64) AppleWebKit/537.36 (KHTML, like Gecko) Chrome/148.0.0.0 Safari/537.36\"","service":"visual-whiteboard-api","timestamp":"2026-05-26 18:40:49"}
{"level":"info","message":"::1 - - [26/May/2026:13:10:49 +0000] \"GET /api/v1/whiteboards HTTP/1.1\" 304 - \"http://localhost:5173/\" \"Mozilla/5.0 (Windows NT 10.0; Win64; x64) AppleWebKit/537.36 (KHTML, like Gecko) Chrome/148.0.0.0 Safari/537.36\"","service":"visual-whiteboard-api","timestamp":"2026-05-26 18:40:49"}
{"level":"info","message":"::1 - - [26/May/2026:13:10:49 +0000] \"GET /api/v1/whiteboards/invitations HTTP/1.1\" 304 - \"http://localhost:5173/\" \"Mozilla/5.0 (Windows NT 10.0; Win64; x64) AppleWebKit/537.36 (KHTML, like Gecko) Chrome/148.0.0.0 Safari/537.36\"","service":"visual-whiteboard-api","timestamp":"2026-05-26 18:40:49"}
{"level":"info","message":"::1 - - [26/May/2026:13:10:56 +0000] \"GET /api/v1/whiteboards HTTP/1.1\" 304 - \"http://localhost:5173/\" \"Mozilla/5.0 (Windows NT 10.0; Win64; x64) AppleWebKit/537.36 (KHTML, like Gecko) Chrome/148.0.0.0 Safari/537.36\"","service":"visual-whiteboard-api","timestamp":"2026-05-26 18:40:56"}
{"level":"info","message":"::1 - - [26/May/2026:13:10:56 +0000] \"GET /api/v1/whiteboards/invitations HTTP/1.1\" 304 - \"http://localhost:5173/\" \"Mozilla/5.0 (Windows NT 10.0; Win64; x64) AppleWebKit/537.36 (KHTML, like Gecko) Chrome/148.0.0.0 Safari/537.36\"","service":"visual-whiteboard-api","timestamp":"2026-05-26 18:40:56"}
{"level":"info","message":"::1 - - [26/May/2026:13:10:56 +0000] \"GET /api/v1/whiteboards HTTP/1.1\" 304 - \"http://localhost:5173/\" \"Mozilla/5.0 (Windows NT 10.0; Win64; x64) AppleWebKit/537.36 (KHTML, like Gecko) Chrome/148.0.0.0 Safari/537.36\"","service":"visual-whiteboard-api","timestamp":"2026-05-26 18:40:56"}
{"level":"info","message":"::1 - - [26/May/2026:13:10:56 +0000] \"GET /api/v1/whiteboards/invitations HTTP/1.1\" 304 - \"http://localhost:5173/\" \"Mozilla/5.0 (Windows NT 10.0; Win64; x64) AppleWebKit/537.36 (KHTML, like Gecko) Chrome/148.0.0.0 Safari/537.36\"","service":"visual-whiteboard-api","timestamp":"2026-05-26 18:40:56"}
{"level":"info","message":"::1 - - [26/May/2026:13:11:03 +0000] \"POST /api/v1/auth/login HTTP/1.1\" 200 392 \"http://localhost:5173/\" \"Mozilla/5.0 (Windows NT 10.0; Win64; x64) AppleWebKit/537.36 (KHTML, like Gecko) Chrome/148.0.0.0 Safari/537.36\"","service":"visual-whiteboard-api","timestamp":"2026-05-26 18:41:03"}
{"level":"info","message":"::1 - - [26/May/2026:13:11:03 +0000] \"GET /api/v1/whiteboards HTTP/1.1\" 200 1802 \"http://localhost:5173/\" \"Mozilla/5.0 (Windows NT 10.0; Win64; x64) AppleWebKit/537.36 (KHTML, like Gecko) Chrome/148.0.0.0 Safari/537.36\"","service":"visual-whiteboard-api","timestamp":"2026-05-26 18:41:03"}
{"level":"info","message":"::1 - - [26/May/2026:13:11:03 +0000] \"GET /api/v1/whiteboards/invitations HTTP/1.1\" 304 - \"http://localhost:5173/\" \"Mozilla/5.0 (Windows NT 10.0; Win64; x64) AppleWebKit/537.36 (KHTML, like Gecko) Chrome/148.0.0.0 Safari/537.36\"","service":"visual-whiteboard-api","timestamp":"2026-05-26 18:41:03"}
{"level":"info","message":"::1 - - [26/May/2026:13:11:03 +0000] \"GET /api/v1/whiteboards HTTP/1.1\" 304 - \"http://localhost:5173/\" \"Mozilla/5.0 (Windows NT 10.0; Win64; x64) AppleWebKit/537.36 (KHTML, like Gecko) Chrome/148.0.0.0 Safari/537.36\"","service":"visual-whiteboard-api","timestamp":"2026-05-26 18:41:03"}
{"level":"info","message":"::1 - - [26/May/2026:13:11:03 +0000] \"GET /api/v1/whiteboards/invitations HTTP/1.1\" 304 - \"http://localhost:5173/\" \"Mozilla/5.0 (Windows NT 10.0; Win64; x64) AppleWebKit/537.36 (KHTML, like Gecko) Chrome/148.0.0.0 Safari/537.36\"","service":"visual-whiteboard-api","timestamp":"2026-05-26 18:41:03"}
{"level":"info","message":"::1 - - [26/May/2026:13:11:33 +0000] \"GET /api/v1/whiteboards HTTP/1.1\" 304 - \"http://localhost:5173/\" \"Mozilla/5.0 (Windows NT 10.0; Win64; x64) AppleWebKit/537.36 (KHTML, like Gecko) Chrome/148.0.0.0 Safari/537.36\"","service":"visual-whiteboard-api","timestamp":"2026-05-26 18:41:33"}
{"level":"info","message":"::1 - - [26/May/2026:13:11:33 +0000] \"GET /api/v1/whiteboards/invitations HTTP/1.1\" 304 - \"http://localhost:5173/\" \"Mozilla/5.0 (Windows NT 10.0; Win64; x64) AppleWebKit/537.36 (KHTML, like Gecko) Chrome/148.0.0.0 Safari/537.36\"","service":"visual-whiteboard-api","timestamp":"2026-05-26 18:41:33"}
{"level":"info","message":"::1 - - [26/May/2026:13:11:33 +0000] \"GET /api/v1/whiteboards HTTP/1.1\" 304 - \"http://localhost:5173/\" \"Mozilla/5.0 (Windows NT 10.0; Win64; x64) AppleWebKit/537.36 (KHTML, like Gecko) Chrome/148.0.0.0 Safari/537.36\"","service":"visual-whiteboard-api","timestamp":"2026-05-26 18:41:33"}
{"level":"info","message":"::1 - - [26/May/2026:13:11:33 +0000] \"GET /api/v1/whiteboards/invitations HTTP/1.1\" 304 - \"http://localhost:5173/\" \"Mozilla/5.0 (Windows NT 10.0; Win64; x64) AppleWebKit/537.36 (KHTML, like Gecko) Chrome/148.0.0.0 Safari/537.36\"","service":"visual-whiteboard-api","timestamp":"2026-05-26 18:41:33"}
{"level":"info","message":"::1 - - [26/May/2026:13:11:34 +0000] \"GET /api/v1/whiteboards/6a06e877af1816f5fe51d5e5 HTTP/1.1\" 304 - \"http://localhost:5173/\" \"Mozilla/5.0 (Windows NT 10.0; Win64; x64) AppleWebKit/537.36 (KHTML, like Gecko) Chrome/148.0.0.0 Safari/537.36\"","service":"visual-whiteboard-api","timestamp":"2026-05-26 18:41:34"}
{"level":"info","message":"⚡ Socket connected: qkw_RGWBS_iUEubBAAAU (User: a@a.com)","service":"visual-whiteboard-api","timestamp":"2026-05-26 18:41:34"}
{"level":"info","message":"User a@a.com joined room whiteboard:6a06e877af1816f5fe51d5e5","service":"visual-whiteboard-api","timestamp":"2026-05-26 18:41:34"}
{"level":"info","message":"::1 - - [26/May/2026:13:11:37 +0000] \"GET /api/v1/media/proxy/4e99bd7b7f1c9b556a59cc6e6cb3f620?token=eyJhbGciOiJIUzI1NiIsInR5cCI6IkpXVCJ9.eyJpZCI6IjZhMDVjOGEwZDk0ZjkxZmFiMTI4NGM0NyIsImlhdCI6MTc3OTgwMTA2MywiZXhwIjoxNzc5ODAxOTYzfQ.KPt_GBqVjsgQWBjnl7sHb26h77H7hn3vuZmXuPyC1ys HTTP/1.1\" 200 - \"http://localhost:5173/\" \"Mozilla/5.0 (Windows NT 10.0; Win64; x64) AppleWebKit/537.36 (KHTML, like Gecko) Chrome/148.0.0.0 Safari/537.36\"","service":"visual-whiteboard-api","timestamp":"2026-05-26 18:41:37"}
{"level":"info","message":"User a@a.com left room whiteboard:6a06e877af1816f5fe51d5e5","service":"visual-whiteboard-api","timestamp":"2026-05-26 18:51:42"}
{"level":"info","message":"::1 - - [26/May/2026:13:21:43 +0000] \"GET /api/v1/whiteboards/6a06e877af1816f5fe51d5e5 HTTP/1.1\" 304 - \"http://localhost:5173/\" \"Mozilla/5.0 (Windows NT 10.0; Win64; x64) AppleWebKit/537.36 (KHTML, like Gecko) Chrome/148.0.0.0 Safari/537.36\"","service":"visual-whiteboard-api","timestamp":"2026-05-26 18:51:43"}
{"level":"info","message":"::1 - - [26/May/2026:13:21:43 +0000] \"GET /api/v1/whiteboards/6a06e877af1816f5fe51d5e5 HTTP/1.1\" 304 - \"http://localhost:5173/\" \"Mozilla/5.0 (Windows NT 10.0; Win64; x64) AppleWebKit/537.36 (KHTML, like Gecko) Chrome/148.0.0.0 Safari/537.36\"","service":"visual-whiteboard-api","timestamp":"2026-05-26 18:51:43"}
{"level":"info","message":"⚡ Socket connected: NlKmFn_ZyhE5YdBPAAAX (User: a@a.com)","service":"visual-whiteboard-api","timestamp":"2026-05-26 18:51:43"}
{"level":"info","message":"User a@a.com joined room whiteboard:6a06e877af1816f5fe51d5e5","service":"visual-whiteboard-api","timestamp":"2026-05-26 18:51:43"}
{"level":"info","message":"::1 - - [26/May/2026:13:21:44 +0000] \"GET /api/v1/media/proxy/4e99bd7b7f1c9b556a59cc6e6cb3f620?token=eyJhbGciOiJIUzI1NiIsInR5cCI6IkpXVCJ9.eyJpZCI6IjZhMDVjOGEwZDk0ZjkxZmFiMTI4NGM0NyIsImlhdCI6MTc3OTgwMTA2MywiZXhwIjoxNzc5ODAxOTYzfQ.KPt_GBqVjsgQWBjnl7sHb26h77H7hn3vuZmXuPyC1ys HTTP/1.1\" 200 - \"http://localhost:5173/\" \"Mozilla/5.0 (Windows NT 10.0; Win64; x64) AppleWebKit/537.36 (KHTML, like Gecko) Chrome/148.0.0.0 Safari/537.36\"","service":"visual-whiteboard-api","timestamp":"2026-05-26 18:51:44"}
{"level":"info","message":"Graceful shutdown initiated...","service":"visual-whiteboard-api","timestamp":"2026-05-26 18:51:46"}
{"level":"info","message":"Connected to MongoDB","service":"visual-whiteboard-api","timestamp":"2026-05-26 18:51:49"}
{"level":"info","message":"🚀 Connected to Redis","service":"visual-whiteboard-api","timestamp":"2026-05-26 18:51:49"}
{"level":"info","message":"Server running in development mode on port 5000","service":"visual-whiteboard-api","timestamp":"2026-05-26 18:51:49"}
{"level":"info","message":"🚀 Socket.io Redis Adapter configured","service":"visual-whiteboard-api","timestamp":"2026-05-26 18:51:49"}
{"level":"info","message":"⚡ Socket connected: U2BYwAgsNCGbgC6vAAAB (User: a@a.com)","service":"visual-whiteboard-api","timestamp":"2026-05-26 18:51:49"}
{"level":"info","message":"User a@a.com joined room whiteboard:6a06e877af1816f5fe51d5e5","service":"visual-whiteboard-api","timestamp":"2026-05-26 18:51:49"}
{"level":"info","message":"User a@a.com left room whiteboard:6a06e877af1816f5fe51d5e5","service":"visual-whiteboard-api","timestamp":"2026-05-26 18:51:52"}
{"level":"info","message":"::1 - - [26/May/2026:13:21:52 +0000] \"GET /api/v1/whiteboards HTTP/1.1\" 304 - \"http://localhost:5173/\" \"Mozilla/5.0 (Windows NT 10.0; Win64; x64) AppleWebKit/537.36 (KHTML, like Gecko) Chrome/148.0.0.0 Safari/537.36\"","service":"visual-whiteboard-api","timestamp":"2026-05-26 18:51:52"}
{"level":"info","message":"::1 - - [26/May/2026:13:21:52 +0000] \"GET /api/v1/whiteboards/invitations HTTP/1.1\" 304 - \"http://localhost:5173/\" \"Mozilla/5.0 (Windows NT 10.0; Win64; x64) AppleWebKit/537.36 (KHTML, like Gecko) Chrome/148.0.0.0 Safari/537.36\"","service":"visual-whiteboard-api","timestamp":"2026-05-26 18:51:52"}
{"level":"info","message":"::1 - - [26/May/2026:13:21:52 +0000] \"GET /api/v1/whiteboards HTTP/1.1\" 304 - \"http://localhost:5173/\" \"Mozilla/5.0 (Windows NT 10.0; Win64; x64) AppleWebKit/537.36 (KHTML, like Gecko) Chrome/148.0.0.0 Safari/537.36\"","service":"visual-whiteboard-api","timestamp":"2026-05-26 18:51:52"}
{"level":"info","message":"::1 - - [26/May/2026:13:21:52 +0000] \"GET /api/v1/whiteboards/invitations HTTP/1.1\" 304 - \"http://localhost:5173/\" \"Mozilla/5.0 (Windows NT 10.0; Win64; x64) AppleWebKit/537.36 (KHTML, like Gecko) Chrome/148.0.0.0 Safari/537.36\"","service":"visual-whiteboard-api","timestamp":"2026-05-26 18:51:52"}
{"level":"info","message":"::1 - - [26/May/2026:13:22:01 +0000] \"POST /api/v1/auth/login HTTP/1.1\" 200 392 \"http://localhost:5173/\" \"Mozilla/5.0 (Windows NT 10.0; Win64; x64) AppleWebKit/537.36 (KHTML, like Gecko) Chrome/148.0.0.0 Safari/537.36\"","service":"visual-whiteboard-api","timestamp":"2026-05-26 18:52:01"}
{"level":"info","message":"::1 - - [26/May/2026:13:22:01 +0000] \"GET /api/v1/whiteboards/invitations HTTP/1.1\" 304 - \"http://localhost:5173/\" \"Mozilla/5.0 (Windows NT 10.0; Win64; x64) AppleWebKit/537.36 (KHTML, like Gecko) Chrome/148.0.0.0 Safari/537.36\"","service":"visual-whiteboard-api","timestamp":"2026-05-26 18:52:01"}
{"level":"info","message":"::1 - - [26/May/2026:13:22:01 +0000] \"GET /api/v1/whiteboards HTTP/1.1\" 304 - \"http://localhost:5173/\" \"Mozilla/5.0 (Windows NT 10.0; Win64; x64) AppleWebKit/537.36 (KHTML, like Gecko) Chrome/148.0.0.0 Safari/537.36\"","service":"visual-whiteboard-api","timestamp":"2026-05-26 18:52:01"}
{"level":"info","message":"::1 - - [26/May/2026:13:22:01 +0000] \"GET /api/v1/whiteboards/invitations HTTP/1.1\" 304 - \"http://localhost:5173/\" \"Mozilla/5.0 (Windows NT 10.0; Win64; x64) AppleWebKit/537.36 (KHTML, like Gecko) Chrome/148.0.0.0 Safari/537.36\"","service":"visual-whiteboard-api","timestamp":"2026-05-26 18:52:01"}
{"level":"info","message":"::1 - - [26/May/2026:13:22:01 +0000] \"GET /api/v1/whiteboards HTTP/1.1\" 304 - \"http://localhost:5173/\" \"Mozilla/5.0 (Windows NT 10.0; Win64; x64) AppleWebKit/537.36 (KHTML, like Gecko) Chrome/148.0.0.0 Safari/537.36\"","service":"visual-whiteboard-api","timestamp":"2026-05-26 18:52:01"}
{"level":"info","message":"::1 - - [26/May/2026:13:22:06 +0000] \"GET /api/v1/whiteboards/6a06e877af1816f5fe51d5e5 HTTP/1.1\" 304 - \"http://localhost:5173/\" \"Mozilla/5.0 (Windows NT 10.0; Win64; x64) AppleWebKit/537.36 (KHTML, like Gecko) Chrome/148.0.0.0 Safari/537.36\"","service":"visual-whiteboard-api","timestamp":"2026-05-26 18:52:06"}
{"level":"info","message":"⚡ Socket connected: RSCO9n9VBaAWSkjWAAAE (User: a@a.com)","service":"visual-whiteboard-api","timestamp":"2026-05-26 18:52:06"}
{"level":"info","message":"User a@a.com joined room whiteboard:6a06e877af1816f5fe51d5e5","service":"visual-whiteboard-api","timestamp":"2026-05-26 18:52:06"}
{"level":"info","message":"::1 - - [26/May/2026:13:22:08 +0000] \"GET /api/v1/media/proxy/4e99bd7b7f1c9b556a59cc6e6cb3f620?token=eyJhbGciOiJIUzI1NiIsInR5cCI6IkpXVCJ9.eyJpZCI6IjZhMDVjOGEwZDk0ZjkxZmFiMTI4NGM0NyIsImlhdCI6MTc3OTgwMTcyMSwiZXhwIjoxNzc5ODAyNjIxfQ.J3rd81OyEWjlqRVJmK0503RcQtQY1RTQTJ4Ln4EvlZw HTTP/1.1\" 200 - \"http://localhost:5173/\" \"Mozilla/5.0 (Windows NT 10.0; Win64; x64) AppleWebKit/537.36 (KHTML, like Gecko) Chrome/148.0.0.0 Safari/537.36\"","service":"visual-whiteboard-api","timestamp":"2026-05-26 18:52:08"}
{"level":"info","message":"User a@a.com left room whiteboard:6a06e877af1816f5fe51d5e5","service":"visual-whiteboard-api","timestamp":"2026-05-26 18:52:12"}
{"level":"info","message":"::1 - - [26/May/2026:13:22:12 +0000] \"GET /api/v1/whiteboards HTTP/1.1\" 304 - \"http://localhost:5173/\" \"Mozilla/5.0 (Windows NT 10.0; Win64; x64) AppleWebKit/537.36 (KHTML, like Gecko) Chrome/148.0.0.0 Safari/537.36\"","service":"visual-whiteboard-api","timestamp":"2026-05-26 18:52:12"}
{"level":"info","message":"::1 - - [26/May/2026:13:22:12 +0000] \"GET /api/v1/whiteboards/invitations HTTP/1.1\" 304 - \"http://localhost:5173/\" \"Mozilla/5.0 (Windows NT 10.0; Win64; x64) AppleWebKit/537.36 (KHTML, like Gecko) Chrome/148.0.0.0 Safari/537.36\"","service":"visual-whiteboard-api","timestamp":"2026-05-26 18:52:12"}
{"level":"info","message":"::1 - - [26/May/2026:13:22:12 +0000] \"GET /api/v1/whiteboards HTTP/1.1\" 304 - \"http://localhost:5173/\" \"Mozilla/5.0 (Windows NT 10.0; Win64; x64) AppleWebKit/537.36 (KHTML, like Gecko) Chrome/148.0.0.0 Safari/537.36\"","service":"visual-whiteboard-api","timestamp":"2026-05-26 18:52:12"}
{"level":"info","message":"::1 - - [26/May/2026:13:22:12 +0000] \"GET /api/v1/whiteboards/invitations HTTP/1.1\" 304 - \"http://localhost:5173/\" \"Mozilla/5.0 (Windows NT 10.0; Win64; x64) AppleWebKit/537.36 (KHTML, like Gecko) Chrome/148.0.0.0 Safari/537.36\"","service":"visual-whiteboard-api","timestamp":"2026-05-26 18:52:12"}
{"level":"info","message":"::1 - - [26/May/2026:13:22:13 +0000] \"GET /api/v1/whiteboards/6a05cf718682f6fbf2a25894 HTTP/1.1\" 304 - \"http://localhost:5173/\" \"Mozilla/5.0 (Windows NT 10.0; Win64; x64) AppleWebKit/537.36 (KHTML, like Gecko) Chrome/148.0.0.0 Safari/537.36\"","service":"visual-whiteboard-api","timestamp":"2026-05-26 18:52:13"}
{"level":"info","message":"⚡ Socket connected: NyNLT4Ne9SPFN_OxAAAH (User: a@a.com)","service":"visual-whiteboard-api","timestamp":"2026-05-26 18:52:13"}
{"level":"info","message":"User a@a.com joined room whiteboard:6a05cf718682f6fbf2a25894","service":"visual-whiteboard-api","timestamp":"2026-05-26 18:52:13"}
{"level":"info","message":"::1 - - [26/May/2026:13:22:20 +0000] \"PUT /api/v1/whiteboards/6a05cf718682f6fbf2a25894/canvas HTTP/1.1\" 200 58 \"http://localhost:5173/\" \"Mozilla/5.0 (Windows NT 10.0; Win64; x64) AppleWebKit/537.36 (KHTML, like Gecko) Chrome/148.0.0.0 Safari/537.36\"","service":"visual-whiteboard-api","timestamp":"2026-05-26 18:52:20"}
{"level":"info","message":"::1 - - [26/May/2026:13:22:23 +0000] \"PUT /api/v1/whiteboards/6a05cf718682f6fbf2a25894/canvas HTTP/1.1\" 200 58 \"http://localhost:5173/\" \"Mozilla/5.0 (Windows NT 10.0; Win64; x64) AppleWebKit/537.36 (KHTML, like Gecko) Chrome/148.0.0.0 Safari/537.36\"","service":"visual-whiteboard-api","timestamp":"2026-05-26 18:52:23"}
{"level":"info","message":"::1 - - [26/May/2026:13:22:30 +0000] \"PUT /api/v1/whiteboards/6a05cf718682f6fbf2a25894/canvas HTTP/1.1\" 200 58 \"http://localhost:5173/\" \"Mozilla/5.0 (Windows NT 10.0; Win64; x64) AppleWebKit/537.36 (KHTML, like Gecko) Chrome/148.0.0.0 Safari/537.36\"","service":"visual-whiteboard-api","timestamp":"2026-05-26 18:52:30"}
{"level":"info","message":"::1 - - [26/May/2026:13:22:32 +0000] \"PUT /api/v1/whiteboards/6a05cf718682f6fbf2a25894/canvas HTTP/1.1\" 200 58 \"http://localhost:5173/\" \"Mozilla/5.0 (Windows NT 10.0; Win64; x64) AppleWebKit/537.36 (KHTML, like Gecko) Chrome/148.0.0.0 Safari/537.36\"","service":"visual-whiteboard-api","timestamp":"2026-05-26 18:52:32"}
{"level":"info","message":"::1 - - [26/May/2026:13:22:42 +0000] \"PUT /api/v1/whiteboards/6a05cf718682f6fbf2a25894/canvas HTTP/1.1\" 200 58 \"http://localhost:5173/\" \"Mozilla/5.0 (Windows NT 10.0; Win64; x64) AppleWebKit/537.36 (KHTML, like Gecko) Chrome/148.0.0.0 Safari/537.36\"","service":"visual-whiteboard-api","timestamp":"2026-05-26 18:52:42"}
{"level":"info","message":"::1 - - [26/May/2026:13:22:46 +0000] \"PUT /api/v1/whiteboards/6a05cf718682f6fbf2a25894/canvas HTTP/1.1\" 200 58 \"http://localhost:5173/\" \"Mozilla/5.0 (Windows NT 10.0; Win64; x64) AppleWebKit/537.36 (KHTML, like Gecko) Chrome/148.0.0.0 Safari/537.36\"","service":"visual-whiteboard-api","timestamp":"2026-05-26 18:52:46"}
{"level":"info","message":"::1 - - [26/May/2026:13:22:50 +0000] \"PUT /api/v1/whiteboards/6a05cf718682f6fbf2a25894/canvas HTTP/1.1\" 200 58 \"http://localhost:5173/\" \"Mozilla/5.0 (Windows NT 10.0; Win64; x64) AppleWebKit/537.36 (KHTML, like Gecko) Chrome/148.0.0.0 Safari/537.36\"","service":"visual-whiteboard-api","timestamp":"2026-05-26 18:52:50"}
{"level":"info","message":"::1 - - [26/May/2026:13:22:55 +0000] \"PUT /api/v1/whiteboards/6a05cf718682f6fbf2a25894/canvas HTTP/1.1\" 200 58 \"http://localhost:5173/\" \"Mozilla/5.0 (Windows NT 10.0; Win64; x64) AppleWebKit/537.36 (KHTML, like Gecko) Chrome/148.0.0.0 Safari/537.36\"","service":"visual-whiteboard-api","timestamp":"2026-05-26 18:52:55"}
{"level":"info","message":"::1 - - [26/May/2026:13:23:04 +0000] \"PUT /api/v1/whiteboards/6a05cf718682f6fbf2a25894/canvas HTTP/1.1\" 200 58 \"http://localhost:5173/\" \"Mozilla/5.0 (Windows NT 10.0; Win64; x64) AppleWebKit/537.36 (KHTML, like Gecko) Chrome/148.0.0.0 Safari/537.36\"","service":"visual-whiteboard-api","timestamp":"2026-05-26 18:53:04"}
{"level":"info","message":"::1 - - [26/May/2026:13:23:08 +0000] \"PUT /api/v1/whiteboards/6a05cf718682f6fbf2a25894/canvas HTTP/1.1\" 200 58 \"http://localhost:5173/\" \"Mozilla/5.0 (Windows NT 10.0; Win64; x64) AppleWebKit/537.36 (KHTML, like Gecko) Chrome/148.0.0.0 Safari/537.36\"","service":"visual-whiteboard-api","timestamp":"2026-05-26 18:53:08"}
{"level":"info","message":"::1 - - [26/May/2026:13:23:11 +0000] \"PUT /api/v1/whiteboards/6a05cf718682f6fbf2a25894/canvas HTTP/1.1\" 200 58 \"http://localhost:5173/\" \"Mozilla/5.0 (Windows NT 10.0; Win64; x64) AppleWebKit/537.36 (KHTML, like Gecko) Chrome/148.0.0.0 Safari/537.36\"","service":"visual-whiteboard-api","timestamp":"2026-05-26 18:53:11"}
{"level":"info","message":"Graceful shutdown initiated...","service":"visual-whiteboard-api","timestamp":"2026-05-26 18:56:22"}
{"level":"info","message":"Connected to MongoDB","service":"visual-whiteboard-api","timestamp":"2026-05-26 18:56:24"}
{"level":"info","message":"🚀 Connected to Redis","service":"visual-whiteboard-api","timestamp":"2026-05-26 18:56:24"}
{"level":"info","message":"Server running in development mode on port 5000","service":"visual-whiteboard-api","timestamp":"2026-05-26 18:56:24"}
{"level":"info","message":"🚀 Socket.io Redis Adapter configured","service":"visual-whiteboard-api","timestamp":"2026-05-26 18:56:24"}
{"level":"info","message":"⚡ Socket connected: EjQyXoHSxrETFh8iAAAB (User: a@a.com)","service":"visual-whiteboard-api","timestamp":"2026-05-26 18:56:24"}
{"level":"info","message":"User a@a.com joined room whiteboard:6a05cf718682f6fbf2a25894","service":"visual-whiteboard-api","timestamp":"2026-05-26 18:56:24"}
{"level":"info","message":"User a@a.com left room whiteboard:6a05cf718682f6fbf2a25894","service":"visual-whiteboard-api","timestamp":"2026-05-26 18:56:27"}
{"level":"info","message":"::1 - - [26/May/2026:13:26:28 +0000] \"GET /api/v1/whiteboards/6a05cf718682f6fbf2a25894 HTTP/1.1\" 200 5042 \"http://localhost:5173/\" \"Mozilla/5.0 (Windows NT 10.0; Win64; x64) AppleWebKit/537.36 (KHTML, like Gecko) Chrome/148.0.0.0 Safari/537.36\"","service":"visual-whiteboard-api","timestamp":"2026-05-26 18:56:28"}
{"level":"info","message":"::1 - - [26/May/2026:13:26:28 +0000] \"GET /api/v1/whiteboards/6a05cf718682f6fbf2a25894 HTTP/1.1\" 304 - \"http://localhost:5173/\" \"Mozilla/5.0 (Windows NT 10.0; Win64; x64) AppleWebKit/537.36 (KHTML, like Gecko) Chrome/148.0.0.0 Safari/537.36\"","service":"visual-whiteboard-api","timestamp":"2026-05-26 18:56:28"}
{"level":"info","message":"⚡ Socket connected: NUC0AlG6QERk4auSAAAE (User: a@a.com)","service":"visual-whiteboard-api","timestamp":"2026-05-26 18:56:28"}
{"level":"info","message":"User a@a.com joined room whiteboard:6a05cf718682f6fbf2a25894","service":"visual-whiteboard-api","timestamp":"2026-05-26 18:56:28"}
{"level":"info","message":"User a@a.com left room whiteboard:6a05cf718682f6fbf2a25894","service":"visual-whiteboard-api","timestamp":"2026-05-26 18:56:30"}
{"level":"info","message":"::1 - - [26/May/2026:13:26:30 +0000] \"GET /api/v1/whiteboards HTTP/1.1\" 200 1802 \"http://localhost:5173/\" \"Mozilla/5.0 (Windows NT 10.0; Win64; x64) AppleWebKit/537.36 (KHTML, like Gecko) Chrome/148.0.0.0 Safari/537.36\"","service":"visual-whiteboard-api","timestamp":"2026-05-26 18:56:30"}
{"level":"info","message":"::1 - - [26/May/2026:13:26:30 +0000] \"GET /api/v1/whiteboards/invitations HTTP/1.1\" 304 - \"http://localhost:5173/\" \"Mozilla/5.0 (Windows NT 10.0; Win64; x64) AppleWebKit/537.36 (KHTML, like Gecko) Chrome/148.0.0.0 Safari/537.36\"","service":"visual-whiteboard-api","timestamp":"2026-05-26 18:56:30"}
{"level":"info","message":"::1 - - [26/May/2026:13:26:30 +0000] \"GET /api/v1/whiteboards HTTP/1.1\" 304 - \"http://localhost:5173/\" \"Mozilla/5.0 (Windows NT 10.0; Win64; x64) AppleWebKit/537.36 (KHTML, like Gecko) Chrome/148.0.0.0 Safari/537.36\"","service":"visual-whiteboard-api","timestamp":"2026-05-26 18:56:30"}
{"level":"info","message":"::1 - - [26/May/2026:13:26:30 +0000] \"GET /api/v1/whiteboards/invitations HTTP/1.1\" 304 - \"http://localhost:5173/\" \"Mozilla/5.0 (Windows NT 10.0; Win64; x64) AppleWebKit/537.36 (KHTML, like Gecko) Chrome/148.0.0.0 Safari/537.36\"","service":"visual-whiteboard-api","timestamp":"2026-05-26 18:56:30"}
{"level":"info","message":"::1 - - [26/May/2026:13:26:32 +0000] \"GET /api/v1/whiteboards HTTP/1.1\" 304 - \"http://localhost:5173/\" \"Mozilla/5.0 (Windows NT 10.0; Win64; x64) AppleWebKit/537.36 (KHTML, like Gecko) Chrome/148.0.0.0 Safari/537.36\"","service":"visual-whiteboard-api","timestamp":"2026-05-26 18:56:32"}
{"level":"info","message":"::1 - - [26/May/2026:13:26:32 +0000] \"GET /api/v1/whiteboards/invitations HTTP/1.1\" 304 - \"http://localhost:5173/\" \"Mozilla/5.0 (Windows NT 10.0; Win64; x64) AppleWebKit/537.36 (KHTML, like Gecko) Chrome/148.0.0.0 Safari/537.36\"","service":"visual-whiteboard-api","timestamp":"2026-05-26 18:56:32"}
{"level":"info","message":"::1 - - [26/May/2026:13:26:32 +0000] \"GET /api/v1/whiteboards HTTP/1.1\" 304 - \"http://localhost:5173/\" \"Mozilla/5.0 (Windows NT 10.0; Win64; x64) AppleWebKit/537.36 (KHTML, like Gecko) Chrome/148.0.0.0 Safari/537.36\"","service":"visual-whiteboard-api","timestamp":"2026-05-26 18:56:32"}
{"level":"info","message":"::1 - - [26/May/2026:13:26:32 +0000] \"GET /api/v1/whiteboards/invitations HTTP/1.1\" 304 - \"http://localhost:5173/\" \"Mozilla/5.0 (Windows NT 10.0; Win64; x64) AppleWebKit/537.36 (KHTML, like Gecko) Chrome/148.0.0.0 Safari/537.36\"","service":"visual-whiteboard-api","timestamp":"2026-05-26 18:56:32"}
{"level":"info","message":"::1 - - [26/May/2026:13:26:34 +0000] \"GET /api/v1/whiteboards/6a05cf718682f6fbf2a25894 HTTP/1.1\" 304 - \"http://localhost:5173/\" \"Mozilla/5.0 (Windows NT 10.0; Win64; x64) AppleWebKit/537.36 (KHTML, like Gecko) Chrome/148.0.0.0 Safari/537.36\"","service":"visual-whiteboard-api","timestamp":"2026-05-26 18:56:34"}
{"level":"info","message":"⚡ Socket connected: kfRKGpeFbqtfpykjAAAH (User: a@a.com)","service":"visual-whiteboard-api","timestamp":"2026-05-26 18:56:34"}
{"level":"info","message":"User a@a.com joined room whiteboard:6a05cf718682f6fbf2a25894","service":"visual-whiteboard-api","timestamp":"2026-05-26 18:56:34"}
{"level":"info","message":"::1 - - [26/May/2026:13:26:47 +0000] \"PUT /api/v1/whiteboards/6a05cf718682f6fbf2a25894/canvas HTTP/1.1\" 200 58 \"http://localhost:5173/\" \"Mozilla/5.0 (Windows NT 10.0; Win64; x64) AppleWebKit/537.36 (KHTML, like Gecko) Chrome/148.0.0.0 Safari/537.36\"","service":"visual-whiteboard-api","timestamp":"2026-05-26 18:56:47"}
{"level":"info","message":"::1 - - [26/May/2026:13:26:50 +0000] \"PUT /api/v1/whiteboards/6a05cf718682f6fbf2a25894/canvas HTTP/1.1\" 200 58 \"http://localhost:5173/\" \"Mozilla/5.0 (Windows NT 10.0; Win64; x64) AppleWebKit/537.36 (KHTML, like Gecko) Chrome/148.0.0.0 Safari/537.36\"","service":"visual-whiteboard-api","timestamp":"2026-05-26 18:56:50"}
{"level":"info","message":"::1 - - [26/May/2026:13:26:54 +0000] \"PUT /api/v1/whiteboards/6a05cf718682f6fbf2a25894/canvas HTTP/1.1\" 200 58 \"http://localhost:5173/\" \"Mozilla/5.0 (Windows NT 10.0; Win64; x64) AppleWebKit/537.36 (KHTML, like Gecko) Chrome/148.0.0.0 Safari/537.36\"","service":"visual-whiteboard-api","timestamp":"2026-05-26 18:56:54"}
{"level":"info","message":"::1 - - [26/May/2026:13:26:57 +0000] \"PUT /api/v1/whiteboards/6a05cf718682f6fbf2a25894/canvas HTTP/1.1\" 200 58 \"http://localhost:5173/\" \"Mozilla/5.0 (Windows NT 10.0; Win64; x64) AppleWebKit/537.36 (KHTML, like Gecko) Chrome/148.0.0.0 Safari/537.36\"","service":"visual-whiteboard-api","timestamp":"2026-05-26 18:56:57"}
{"level":"info","message":"::1 - - [26/May/2026:13:27:01 +0000] \"PUT /api/v1/whiteboards/6a05cf718682f6fbf2a25894/canvas HTTP/1.1\" 200 58 \"http://localhost:5173/\" \"Mozilla/5.0 (Windows NT 10.0; Win64; x64) AppleWebKit/537.36 (KHTML, like Gecko) Chrome/148.0.0.0 Safari/537.36\"","service":"visual-whiteboard-api","timestamp":"2026-05-26 18:57:01"}
{"level":"info","message":"::1 - - [26/May/2026:13:27:09 +0000] \"PUT /api/v1/whiteboards/6a05cf718682f6fbf2a25894/canvas HTTP/1.1\" 200 58 \"http://localhost:5173/\" \"Mozilla/5.0 (Windows NT 10.0; Win64; x64) AppleWebKit/537.36 (KHTML, like Gecko) Chrome/148.0.0.0 Safari/537.36\"","service":"visual-whiteboard-api","timestamp":"2026-05-26 18:57:09"}
{"level":"info","message":"::1 - - [26/May/2026:13:27:12 +0000] \"PUT /api/v1/whiteboards/6a05cf718682f6fbf2a25894/canvas HTTP/1.1\" 200 58 \"http://localhost:5173/\" \"Mozilla/5.0 (Windows NT 10.0; Win64; x64) AppleWebKit/537.36 (KHTML, like Gecko) Chrome/148.0.0.0 Safari/537.36\"","service":"visual-whiteboard-api","timestamp":"2026-05-26 18:57:12"}
{"level":"info","message":"::1 - - [26/May/2026:13:27:16 +0000] \"PUT /api/v1/whiteboards/6a05cf718682f6fbf2a25894/canvas HTTP/1.1\" 200 58 \"http://localhost:5173/\" \"Mozilla/5.0 (Windows NT 10.0; Win64; x64) AppleWebKit/537.36 (KHTML, like Gecko) Chrome/148.0.0.0 Safari/537.36\"","service":"visual-whiteboard-api","timestamp":"2026-05-26 18:57:16"}
{"level":"info","message":"::1 - - [26/May/2026:13:27:20 +0000] \"PUT /api/v1/whiteboards/6a05cf718682f6fbf2a25894/canvas HTTP/1.1\" 200 58 \"http://localhost:5173/\" \"Mozilla/5.0 (Windows NT 10.0; Win64; x64) AppleWebKit/537.36 (KHTML, like Gecko) Chrome/148.0.0.0 Safari/537.36\"","service":"visual-whiteboard-api","timestamp":"2026-05-26 18:57:20"}
{"level":"info","message":"::1 - - [26/May/2026:13:27:24 +0000] \"PUT /api/v1/whiteboards/6a05cf718682f6fbf2a25894/canvas HTTP/1.1\" 200 58 \"http://localhost:5173/\" \"Mozilla/5.0 (Windows NT 10.0; Win64; x64) AppleWebKit/537.36 (KHTML, like Gecko) Chrome/148.0.0.0 Safari/537.36\"","service":"visual-whiteboard-api","timestamp":"2026-05-26 18:57:24"}
{"level":"info","message":"::1 - - [26/May/2026:13:27:27 +0000] \"PUT /api/v1/whiteboards/6a05cf718682f6fbf2a25894/canvas HTTP/1.1\" 200 58 \"http://localhost:5173/\" \"Mozilla/5.0 (Windows NT 10.0; Win64; x64) AppleWebKit/537.36 (KHTML, like Gecko) Chrome/148.0.0.0 Safari/537.36\"","service":"visual-whiteboard-api","timestamp":"2026-05-26 18:57:27"}
{"level":"info","message":"::1 - - [26/May/2026:13:27:30 +0000] \"PUT /api/v1/whiteboards/6a05cf718682f6fbf2a25894/canvas HTTP/1.1\" 200 58 \"http://localhost:5173/\" \"Mozilla/5.0 (Windows NT 10.0; Win64; x64) AppleWebKit/537.36 (KHTML, like Gecko) Chrome/148.0.0.0 Safari/537.36\"","service":"visual-whiteboard-api","timestamp":"2026-05-26 18:57:30"}
{"level":"info","message":"::1 - - [26/May/2026:13:27:33 +0000] \"PUT /api/v1/whiteboards/6a05cf718682f6fbf2a25894/canvas HTTP/1.1\" 200 58 \"http://localhost:5173/\" \"Mozilla/5.0 (Windows NT 10.0; Win64; x64) AppleWebKit/537.36 (KHTML, like Gecko) Chrome/148.0.0.0 Safari/537.36\"","service":"visual-whiteboard-api","timestamp":"2026-05-26 18:57:33"}
{"level":"info","message":"::1 - - [26/May/2026:13:27:37 +0000] \"PUT /api/v1/whiteboards/6a05cf718682f6fbf2a25894/canvas HTTP/1.1\" 200 58 \"http://localhost:5173/\" \"Mozilla/5.0 (Windows NT 10.0; Win64; x64) AppleWebKit/537.36 (KHTML, like Gecko) Chrome/148.0.0.0 Safari/537.36\"","service":"visual-whiteboard-api","timestamp":"2026-05-26 18:57:37"}
{"level":"info","message":"::1 - - [26/May/2026:13:27:44 +0000] \"PUT /api/v1/whiteboards/6a05cf718682f6fbf2a25894/canvas HTTP/1.1\" 200 58 \"http://localhost:5173/\" \"Mozilla/5.0 (Windows NT 10.0; Win64; x64) AppleWebKit/537.36 (KHTML, like Gecko) Chrome/148.0.0.0 Safari/537.36\"","service":"visual-whiteboard-api","timestamp":"2026-05-26 18:57:44"}
{"level":"info","message":"::1 - - [26/May/2026:13:27:48 +0000] \"PUT /api/v1/whiteboards/6a05cf718682f6fbf2a25894/canvas HTTP/1.1\" 200 58 \"http://localhost:5173/\" \"Mozilla/5.0 (Windows NT 10.0; Win64; x64) AppleWebKit/537.36 (KHTML, like Gecko) Chrome/148.0.0.0 Safari/537.36\"","service":"visual-whiteboard-api","timestamp":"2026-05-26 18:57:48"}
{"level":"info","message":"User a@a.com left room whiteboard:6a05cf718682f6fbf2a25894","service":"visual-whiteboard-api","timestamp":"2026-05-26 19:01:27"}
{"level":"info","message":"::1 - - [26/May/2026:13:31:56 +0000] \"GET /api/v1/whiteboards/6a05cf718682f6fbf2a25894 HTTP/1.1\" 200 5844 \"http://localhost:5173/\" \"Mozilla/5.0 (Windows NT 10.0; Win64; x64) AppleWebKit/537.36 (KHTML, like Gecko) Chrome/148.0.0.0 Safari/537.36\"","service":"visual-whiteboard-api","timestamp":"2026-05-26 19:01:56"}
{"level":"info","message":"::1 - - [26/May/2026:13:31:56 +0000] \"GET /api/v1/whiteboards/6a05cf718682f6fbf2a25894 HTTP/1.1\" 304 - \"http://localhost:5173/\" \"Mozilla/5.0 (Windows NT 10.0; Win64; x64) AppleWebKit/537.36 (KHTML, like Gecko) Chrome/148.0.0.0 Safari/537.36\"","service":"visual-whiteboard-api","timestamp":"2026-05-26 19:01:56"}
{"level":"info","message":"⚡ Socket connected: ichhxeB3CdM6xPC9AAAK (User: a@a.com)","service":"visual-whiteboard-api","timestamp":"2026-05-26 19:01:57"}
{"level":"info","message":"User a@a.com joined room whiteboard:6a05cf718682f6fbf2a25894","service":"visual-whiteboard-api","timestamp":"2026-05-26 19:01:57"}
{"level":"info","message":"User a@a.com left room whiteboard:6a05cf718682f6fbf2a25894","service":"visual-whiteboard-api","timestamp":"2026-05-26 19:02:27"}
{"level":"info","message":"::1 - - [26/May/2026:13:32:28 +0000] \"GET /api/v1/whiteboards/6a05cf718682f6fbf2a25894 HTTP/1.1\" 304 - \"http://localhost:5173/\" \"Mozilla/5.0 (Windows NT 10.0; Win64; x64) AppleWebKit/537.36 (KHTML, like Gecko) Chrome/148.0.0.0 Safari/537.36\"","service":"visual-whiteboard-api","timestamp":"2026-05-26 19:02:28"}
{"level":"info","message":"::1 - - [26/May/2026:13:32:28 +0000] \"GET /api/v1/whiteboards/6a05cf718682f6fbf2a25894 HTTP/1.1\" 304 - \"http://localhost:5173/\" \"Mozilla/5.0 (Windows NT 10.0; Win64; x64) AppleWebKit/537.36 (KHTML, like Gecko) Chrome/148.0.0.0 Safari/537.36\"","service":"visual-whiteboard-api","timestamp":"2026-05-26 19:02:28"}
{"level":"info","message":"⚡ Socket connected: NgzaqL5y_v_VuK1lAAAN (User: a@a.com)","service":"visual-whiteboard-api","timestamp":"2026-05-26 19:02:28"}
{"level":"info","message":"User a@a.com joined room whiteboard:6a05cf718682f6fbf2a25894","service":"visual-whiteboard-api","timestamp":"2026-05-26 19:02:28"}
{"level":"info","message":"Graceful shutdown initiated...","service":"visual-whiteboard-api","timestamp":"2026-05-26 19:02:30"}
{"level":"info","message":"Connected to MongoDB","service":"visual-whiteboard-api","timestamp":"2026-05-26 19:02:32"}
{"level":"info","message":"🚀 Connected to Redis","service":"visual-whiteboard-api","timestamp":"2026-05-26 19:02:32"}
{"level":"info","message":"Server running in development mode on port 5000","service":"visual-whiteboard-api","timestamp":"2026-05-26 19:02:32"}
{"level":"info","message":"🚀 Socket.io Redis Adapter configured","service":"visual-whiteboard-api","timestamp":"2026-05-26 19:02:32"}
{"level":"info","message":"⚡ Socket connected: WcqFZ7w939HWjbtXAAAB (User: a@a.com)","service":"visual-whiteboard-api","timestamp":"2026-05-26 19:02:33"}
{"level":"info","message":"User a@a.com joined room whiteboard:6a05cf718682f6fbf2a25894","service":"visual-whiteboard-api","timestamp":"2026-05-26 19:02:33"}
{"level":"info","message":"User a@a.com left room whiteboard:6a05cf718682f6fbf2a25894","service":"visual-whiteboard-api","timestamp":"2026-05-26 19:02:44"}
{"level":"info","message":"::1 - - [26/May/2026:13:32:44 +0000] \"GET /api/v1/whiteboards HTTP/1.1\" 200 1802 \"http://localhost:5173/\" \"Mozilla/5.0 (Windows NT 10.0; Win64; x64) AppleWebKit/537.36 (KHTML, like Gecko) Chrome/148.0.0.0 Safari/537.36\"","service":"visual-whiteboard-api","timestamp":"2026-05-26 19:02:44"}
{"level":"info","message":"::1 - - [26/May/2026:13:32:44 +0000] \"GET /api/v1/whiteboards/invitations HTTP/1.1\" 304 - \"http://localhost:5173/\" \"Mozilla/5.0 (Windows NT 10.0; Win64; x64) AppleWebKit/537.36 (KHTML, like Gecko) Chrome/148.0.0.0 Safari/537.36\"","service":"visual-whiteboard-api","timestamp":"2026-05-26 19:02:44"}
{"level":"info","message":"::1 - - [26/May/2026:13:32:44 +0000] \"GET /api/v1/whiteboards HTTP/1.1\" 304 - \"http://localhost:5173/\" \"Mozilla/5.0 (Windows NT 10.0; Win64; x64) AppleWebKit/537.36 (KHTML, like Gecko) Chrome/148.0.0.0 Safari/537.36\"","service":"visual-whiteboard-api","timestamp":"2026-05-26 19:02:44"}
{"level":"info","message":"::1 - - [26/May/2026:13:32:44 +0000] \"GET /api/v1/whiteboards/invitations HTTP/1.1\" 304 - \"http://localhost:5173/\" \"Mozilla/5.0 (Windows NT 10.0; Win64; x64) AppleWebKit/537.36 (KHTML, like Gecko) Chrome/148.0.0.0 Safari/537.36\"","service":"visual-whiteboard-api","timestamp":"2026-05-26 19:02:44"}
{"level":"info","message":"::1 - - [26/May/2026:13:32:45 +0000] \"GET /api/v1/whiteboards HTTP/1.1\" 304 - \"http://localhost:5173/\" \"Mozilla/5.0 (Windows NT 10.0; Win64; x64) AppleWebKit/537.36 (KHTML, like Gecko) Chrome/148.0.0.0 Safari/537.36\"","service":"visual-whiteboard-api","timestamp":"2026-05-26 19:02:45"}
{"level":"info","message":"::1 - - [26/May/2026:13:32:45 +0000] \"GET /api/v1/whiteboards/invitations HTTP/1.1\" 304 - \"http://localhost:5173/\" \"Mozilla/5.0 (Windows NT 10.0; Win64; x64) AppleWebKit/537.36 (KHTML, like Gecko) Chrome/148.0.0.0 Safari/537.36\"","service":"visual-whiteboard-api","timestamp":"2026-05-26 19:02:45"}
{"level":"info","message":"::1 - - [26/May/2026:13:32:45 +0000] \"GET /api/v1/whiteboards HTTP/1.1\" 304 - \"http://localhost:5173/\" \"Mozilla/5.0 (Windows NT 10.0; Win64; x64) AppleWebKit/537.36 (KHTML, like Gecko) Chrome/148.0.0.0 Safari/537.36\"","service":"visual-whiteboard-api","timestamp":"2026-05-26 19:02:45"}
{"level":"info","message":"::1 - - [26/May/2026:13:32:45 +0000] \"GET /api/v1/whiteboards/invitations HTTP/1.1\" 304 - \"http://localhost:5173/\" \"Mozilla/5.0 (Windows NT 10.0; Win64; x64) AppleWebKit/537.36 (KHTML, like Gecko) Chrome/148.0.0.0 Safari/537.36\"","service":"visual-whiteboard-api","timestamp":"2026-05-26 19:02:45"}
{"level":"info","message":"::1 - - [26/May/2026:13:32:45 +0000] \"GET /api/v1/whiteboards HTTP/1.1\" 304 - \"http://localhost:5173/\" \"Mozilla/5.0 (Windows NT 10.0; Win64; x64) AppleWebKit/537.36 (KHTML, like Gecko) Chrome/148.0.0.0 Safari/537.36\"","service":"visual-whiteboard-api","timestamp":"2026-05-26 19:02:45"}
{"level":"info","message":"::1 - - [26/May/2026:13:32:45 +0000] \"GET /api/v1/whiteboards/invitations HTTP/1.1\" 304 - \"http://localhost:5173/\" \"Mozilla/5.0 (Windows NT 10.0; Win64; x64) AppleWebKit/537.36 (KHTML, like Gecko) Chrome/148.0.0.0 Safari/537.36\"","service":"visual-whiteboard-api","timestamp":"2026-05-26 19:02:45"}
{"level":"info","message":"::1 - - [26/May/2026:13:32:45 +0000] \"GET /api/v1/whiteboards HTTP/1.1\" 304 - \"http://localhost:5173/\" \"Mozilla/5.0 (Windows NT 10.0; Win64; x64) AppleWebKit/537.36 (KHTML, like Gecko) Chrome/148.0.0.0 Safari/537.36\"","service":"visual-whiteboard-api","timestamp":"2026-05-26 19:02:45"}
{"level":"info","message":"::1 - - [26/May/2026:13:32:45 +0000] \"GET /api/v1/whiteboards/invitations HTTP/1.1\" 304 - \"http://localhost:5173/\" \"Mozilla/5.0 (Windows NT 10.0; Win64; x64) AppleWebKit/537.36 (KHTML, like Gecko) Chrome/148.0.0.0 Safari/537.36\"","service":"visual-whiteboard-api","timestamp":"2026-05-26 19:02:45"}
{"level":"info","message":"::1 - - [26/May/2026:13:32:45 +0000] \"GET /api/v1/whiteboards HTTP/1.1\" 304 - \"http://localhost:5173/\" \"Mozilla/5.0 (Windows NT 10.0; Win64; x64) AppleWebKit/537.36 (KHTML, like Gecko) Chrome/148.0.0.0 Safari/537.36\"","service":"visual-whiteboard-api","timestamp":"2026-05-26 19:02:45"}
{"level":"info","message":"::1 - - [26/May/2026:13:32:45 +0000] \"GET /api/v1/whiteboards/invitations HTTP/1.1\" 304 - \"http://localhost:5173/\" \"Mozilla/5.0 (Windows NT 10.0; Win64; x64) AppleWebKit/537.36 (KHTML, like Gecko) Chrome/148.0.0.0 Safari/537.36\"","service":"visual-whiteboard-api","timestamp":"2026-05-26 19:02:45"}
{"level":"info","message":"::1 - - [26/May/2026:13:32:45 +0000] \"GET /api/v1/whiteboards HTTP/1.1\" 304 - \"http://localhost:5173/\" \"Mozilla/5.0 (Windows NT 10.0; Win64; x64) AppleWebKit/537.36 (KHTML, like Gecko) Chrome/148.0.0.0 Safari/537.36\"","service":"visual-whiteboard-api","timestamp":"2026-05-26 19:02:45"}
{"level":"info","message":"::1 - - [26/May/2026:13:32:45 +0000] \"GET /api/v1/whiteboards/invitations HTTP/1.1\" 304 - \"http://localhost:5173/\" \"Mozilla/5.0 (Windows NT 10.0; Win64; x64) AppleWebKit/537.36 (KHTML, like Gecko) Chrome/148.0.0.0 Safari/537.36\"","service":"visual-whiteboard-api","timestamp":"2026-05-26 19:02:45"}
{"level":"info","message":"::1 - - [26/May/2026:13:32:47 +0000] \"GET /api/v1/whiteboards/6a05cf718682f6fbf2a25894 HTTP/1.1\" 304 - \"http://localhost:5173/\" \"Mozilla/5.0 (Windows NT 10.0; Win64; x64) AppleWebKit/537.36 (KHTML, like Gecko) Chrome/148.0.0.0 Safari/537.36\"","service":"visual-whiteboard-api","timestamp":"2026-05-26 19:02:47"}
{"level":"info","message":"⚡ Socket connected: oh6FoShA-XzPTkl0AAAE (User: a@a.com)","service":"visual-whiteboard-api","timestamp":"2026-05-26 19:02:47"}
{"level":"info","message":"User a@a.com joined room whiteboard:6a05cf718682f6fbf2a25894","service":"visual-whiteboard-api","timestamp":"2026-05-26 19:02:47"}
{"level":"info","message":"::1 - - [26/May/2026:13:32:54 +0000] \"PUT /api/v1/whiteboards/6a05cf718682f6fbf2a25894/canvas HTTP/1.1\" 200 58 \"http://localhost:5173/\" \"Mozilla/5.0 (Windows NT 10.0; Win64; x64) AppleWebKit/537.36 (KHTML, like Gecko) Chrome/148.0.0.0 Safari/537.36\"","service":"visual-whiteboard-api","timestamp":"2026-05-26 19:02:54"}
{"level":"info","message":"::1 - - [26/May/2026:13:32:56 +0000] \"PUT /api/v1/whiteboards/6a05cf718682f6fbf2a25894/canvas HTTP/1.1\" 200 58 \"http://localhost:5173/\" \"Mozilla/5.0 (Windows NT 10.0; Win64; x64) AppleWebKit/537.36 (KHTML, like Gecko) Chrome/148.0.0.0 Safari/537.36\"","service":"visual-whiteboard-api","timestamp":"2026-05-26 19:02:56"}
{"level":"info","message":"::1 - - [26/May/2026:13:33:00 +0000] \"PUT /api/v1/whiteboards/6a05cf718682f6fbf2a25894/canvas HTTP/1.1\" 200 58 \"http://localhost:5173/\" \"Mozilla/5.0 (Windows NT 10.0; Win64; x64) AppleWebKit/537.36 (KHTML, like Gecko) Chrome/148.0.0.0 Safari/537.36\"","service":"visual-whiteboard-api","timestamp":"2026-05-26 19:03:00"}
{"level":"info","message":"::1 - - [26/May/2026:13:33:06 +0000] \"PUT /api/v1/whiteboards/6a05cf718682f6fbf2a25894/canvas HTTP/1.1\" 200 58 \"http://localhost:5173/\" \"Mozilla/5.0 (Windows NT 10.0; Win64; x64) AppleWebKit/537.36 (KHTML, like Gecko) Chrome/148.0.0.0 Safari/537.36\"","service":"visual-whiteboard-api","timestamp":"2026-05-26 19:03:06"}
{"level":"info","message":"User a@a.com left room whiteboard:6a05cf718682f6fbf2a25894","service":"visual-whiteboard-api","timestamp":"2026-05-26 19:05:59"}
{"level":"info","message":"::1 - - [26/May/2026:13:35:59 +0000] \"GET /api/v1/whiteboards/6a05cf718682f6fbf2a25894 HTTP/1.1\" 200 5846 \"http://localhost:5173/\" \"Mozilla/5.0 (Windows NT 10.0; Win64; x64) AppleWebKit/537.36 (KHTML, like Gecko) Chrome/148.0.0.0 Safari/537.36\"","service":"visual-whiteboard-api","timestamp":"2026-05-26 19:05:59"}
{"level":"info","message":"::1 - - [26/May/2026:13:35:59 +0000] \"GET /api/v1/whiteboards/6a05cf718682f6fbf2a25894 HTTP/1.1\" 304 - \"http://localhost:5173/\" \"Mozilla/5.0 (Windows NT 10.0; Win64; x64) AppleWebKit/537.36 (KHTML, like Gecko) Chrome/148.0.0.0 Safari/537.36\"","service":"visual-whiteboard-api","timestamp":"2026-05-26 19:05:59"}
{"level":"info","message":"⚡ Socket connected: G_utodtM8bhDYoZxAAAH (User: a@a.com)","service":"visual-whiteboard-api","timestamp":"2026-05-26 19:05:59"}
{"level":"info","message":"User a@a.com joined room whiteboard:6a05cf718682f6fbf2a25894","service":"visual-whiteboard-api","timestamp":"2026-05-26 19:05:59"}
{"level":"info","message":"::1 - - [26/May/2026:13:36:08 +0000] \"PUT /api/v1/whiteboards/6a05cf718682f6fbf2a25894/canvas HTTP/1.1\" 200 58 \"http://localhost:5173/\" \"Mozilla/5.0 (Windows NT 10.0; Win64; x64) AppleWebKit/537.36 (KHTML, like Gecko) Chrome/148.0.0.0 Safari/537.36\"","service":"visual-whiteboard-api","timestamp":"2026-05-26 19:06:08"}
{"level":"info","message":"::1 - - [26/May/2026:13:36:17 +0000] \"PUT /api/v1/whiteboards/6a05cf718682f6fbf2a25894/canvas HTTP/1.1\" 200 58 \"http://localhost:5173/\" \"Mozilla/5.0 (Windows NT 10.0; Win64; x64) AppleWebKit/537.36 (KHTML, like Gecko) Chrome/148.0.0.0 Safari/537.36\"","service":"visual-whiteboard-api","timestamp":"2026-05-26 19:06:17"}
{"level":"info","message":"::1 - - [26/May/2026:13:36:21 +0000] \"PUT /api/v1/whiteboards/6a05cf718682f6fbf2a25894/canvas HTTP/1.1\" 200 58 \"http://localhost:5173/\" \"Mozilla/5.0 (Windows NT 10.0; Win64; x64) AppleWebKit/537.36 (KHTML, like Gecko) Chrome/148.0.0.0 Safari/537.36\"","service":"visual-whiteboard-api","timestamp":"2026-05-26 19:06:21"}
{"level":"info","message":"::1 - - [26/May/2026:13:36:26 +0000] \"PUT /api/v1/whiteboards/6a05cf718682f6fbf2a25894/canvas HTTP/1.1\" 200 58 \"http://localhost:5173/\" \"Mozilla/5.0 (Windows NT 10.0; Win64; x64) AppleWebKit/537.36 (KHTML, like Gecko) Chrome/148.0.0.0 Safari/537.36\"","service":"visual-whiteboard-api","timestamp":"2026-05-26 19:06:26"}
{"level":"info","message":"::1 - - [26/May/2026:13:36:31 +0000] \"PUT /api/v1/whiteboards/6a05cf718682f6fbf2a25894/canvas HTTP/1.1\" 200 58 \"http://localhost:5173/\" \"Mozilla/5.0 (Windows NT 10.0; Win64; x64) AppleWebKit/537.36 (KHTML, like Gecko) Chrome/148.0.0.0 Safari/537.36\"","service":"visual-whiteboard-api","timestamp":"2026-05-26 19:06:31"}
{"level":"info","message":"::1 - - [26/May/2026:13:36:36 +0000] \"PUT /api/v1/whiteboards/6a05cf718682f6fbf2a25894/canvas HTTP/1.1\" 200 58 \"http://localhost:5173/\" \"Mozilla/5.0 (Windows NT 10.0; Win64; x64) AppleWebKit/537.36 (KHTML, like Gecko) Chrome/148.0.0.0 Safari/537.36\"","service":"visual-whiteboard-api","timestamp":"2026-05-26 19:06:36"}
{"level":"info","message":"::1 - - [26/May/2026:13:36:39 +0000] \"PUT /api/v1/whiteboards/6a05cf718682f6fbf2a25894/canvas HTTP/1.1\" 200 58 \"http://localhost:5173/\" \"Mozilla/5.0 (Windows NT 10.0; Win64; x64) AppleWebKit/537.36 (KHTML, like Gecko) Chrome/148.0.0.0 Safari/537.36\"","service":"visual-whiteboard-api","timestamp":"2026-05-26 19:06:39"}
{"level":"info","message":"::1 - - [26/May/2026:13:36:43 +0000] \"PUT /api/v1/whiteboards/6a05cf718682f6fbf2a25894/canvas HTTP/1.1\" 200 58 \"http://localhost:5173/\" \"Mozilla/5.0 (Windows NT 10.0; Win64; x64) AppleWebKit/537.36 (KHTML, like Gecko) Chrome/148.0.0.0 Safari/537.36\"","service":"visual-whiteboard-api","timestamp":"2026-05-26 19:06:43"}
{"level":"info","message":"::1 - - [26/May/2026:13:36:50 +0000] \"PUT /api/v1/whiteboards/6a05cf718682f6fbf2a25894/canvas HTTP/1.1\" 200 58 \"http://localhost:5173/\" \"Mozilla/5.0 (Windows NT 10.0; Win64; x64) AppleWebKit/537.36 (KHTML, like Gecko) Chrome/148.0.0.0 Safari/537.36\"","service":"visual-whiteboard-api","timestamp":"2026-05-26 19:06:50"}
{"level":"info","message":"::1 - - [26/May/2026:13:36:52 +0000] \"PUT /api/v1/whiteboards/6a05cf718682f6fbf2a25894/canvas HTTP/1.1\" 200 58 \"http://localhost:5173/\" \"Mozilla/5.0 (Windows NT 10.0; Win64; x64) AppleWebKit/537.36 (KHTML, like Gecko) Chrome/148.0.0.0 Safari/537.36\"","service":"visual-whiteboard-api","timestamp":"2026-05-26 19:06:52"}
{"level":"info","message":"::1 - - [26/May/2026:13:36:55 +0000] \"PUT /api/v1/whiteboards/6a05cf718682f6fbf2a25894/canvas HTTP/1.1\" 200 58 \"http://localhost:5173/\" \"Mozilla/5.0 (Windows NT 10.0; Win64; x64) AppleWebKit/537.36 (KHTML, like Gecko) Chrome/148.0.0.0 Safari/537.36\"","service":"visual-whiteboard-api","timestamp":"2026-05-26 19:06:55"}
{"level":"info","message":"::1 - - [26/May/2026:13:36:59 +0000] \"PUT /api/v1/whiteboards/6a05cf718682f6fbf2a25894/canvas HTTP/1.1\" 200 58 \"http://localhost:5173/\" \"Mozilla/5.0 (Windows NT 10.0; Win64; x64) AppleWebKit/537.36 (KHTML, like Gecko) Chrome/148.0.0.0 Safari/537.36\"","service":"visual-whiteboard-api","timestamp":"2026-05-26 19:06:59"}
{"level":"error","message":"Authentication error: jwt expired","service":"visual-whiteboard-api","timestamp":"2026-05-26 19:07:02"}
{"level":"info","message":"::1 - - [26/May/2026:13:37:02 +0000] \"PUT /api/v1/whiteboards/6a05cf718682f6fbf2a25894/canvas HTTP/1.1\" 401 81 \"http://localhost:5173/\" \"Mozilla/5.0 (Windows NT 10.0; Win64; x64) AppleWebKit/537.36 (KHTML, like Gecko) Chrome/148.0.0.0 Safari/537.36\"","service":"visual-whiteboard-api","timestamp":"2026-05-26 19:07:02"}
{"level":"error","message":"Authentication error: jwt expired","service":"visual-whiteboard-api","timestamp":"2026-05-26 19:07:05"}
{"level":"info","message":"::1 - - [26/May/2026:13:37:05 +0000] \"PUT /api/v1/whiteboards/6a05cf718682f6fbf2a25894/canvas HTTP/1.1\" 401 81 \"http://localhost:5173/\" \"Mozilla/5.0 (Windows NT 10.0; Win64; x64) AppleWebKit/537.36 (KHTML, like Gecko) Chrome/148.0.0.0 Safari/537.36\"","service":"visual-whiteboard-api","timestamp":"2026-05-26 19:07:05"}
{"level":"error","message":"Authentication error: jwt expired","service":"visual-whiteboard-api","timestamp":"2026-05-26 19:07:10"}
{"level":"info","message":"::1 - - [26/May/2026:13:37:10 +0000] \"PUT /api/v1/whiteboards/6a05cf718682f6fbf2a25894/canvas HTTP/1.1\" 401 81 \"http://localhost:5173/\" \"Mozilla/5.0 (Windows NT 10.0; Win64; x64) AppleWebKit/537.36 (KHTML, like Gecko) Chrome/148.0.0.0 Safari/537.36\"","service":"visual-whiteboard-api","timestamp":"2026-05-26 19:07:10"}
{"level":"error","message":"Authentication error: jwt expired","service":"visual-whiteboard-api","timestamp":"2026-05-26 19:07:22"}
{"level":"info","message":"::1 - - [26/May/2026:13:37:22 +0000] \"PUT /api/v1/whiteboards/6a05cf718682f6fbf2a25894/canvas HTTP/1.1\" 401 81 \"http://localhost:5173/\" \"Mozilla/5.0 (Windows NT 10.0; Win64; x64) AppleWebKit/537.36 (KHTML, like Gecko) Chrome/148.0.0.0 Safari/537.36\"","service":"visual-whiteboard-api","timestamp":"2026-05-26 19:07:22"}
{"level":"error","message":"Authentication error: jwt expired","service":"visual-whiteboard-api","timestamp":"2026-05-26 19:07:25"}
{"level":"info","message":"::1 - - [26/May/2026:13:37:25 +0000] \"PUT /api/v1/whiteboards/6a05cf718682f6fbf2a25894/canvas HTTP/1.1\" 401 81 \"http://localhost:5173/\" \"Mozilla/5.0 (Windows NT 10.0; Win64; x64) AppleWebKit/537.36 (KHTML, like Gecko) Chrome/148.0.0.0 Safari/537.36\"","service":"visual-whiteboard-api","timestamp":"2026-05-26 19:07:25"}
{"level":"error","message":"Authentication error: jwt expired","service":"visual-whiteboard-api","timestamp":"2026-05-26 19:07:28"}
{"level":"info","message":"::1 - - [26/May/2026:13:37:28 +0000] \"PUT /api/v1/whiteboards/6a05cf718682f6fbf2a25894/canvas HTTP/1.1\" 401 81 \"http://localhost:5173/\" \"Mozilla/5.0 (Windows NT 10.0; Win64; x64) AppleWebKit/537.36 (KHTML, like Gecko) Chrome/148.0.0.0 Safari/537.36\"","service":"visual-whiteboard-api","timestamp":"2026-05-26 19:07:28"}
{"level":"error","message":"Authentication error: jwt expired","service":"visual-whiteboard-api","timestamp":"2026-05-26 19:07:32"}
{"level":"info","message":"::1 - - [26/May/2026:13:37:32 +0000] \"PUT /api/v1/whiteboards/6a05cf718682f6fbf2a25894/canvas HTTP/1.1\" 401 81 \"http://localhost:5173/\" \"Mozilla/5.0 (Windows NT 10.0; Win64; x64) AppleWebKit/537.36 (KHTML, like Gecko) Chrome/148.0.0.0 Safari/537.36\"","service":"visual-whiteboard-api","timestamp":"2026-05-26 19:07:32"}
{"level":"error","message":"Authentication error: jwt expired","service":"visual-whiteboard-api","timestamp":"2026-05-26 19:07:36"}
{"level":"info","message":"::1 - - [26/May/2026:13:37:36 +0000] \"PUT /api/v1/whiteboards/6a05cf718682f6fbf2a25894/canvas HTTP/1.1\" 401 81 \"http://localhost:5173/\" \"Mozilla/5.0 (Windows NT 10.0; Win64; x64) AppleWebKit/537.36 (KHTML, like Gecko) Chrome/148.0.0.0 Safari/537.36\"","service":"visual-whiteboard-api","timestamp":"2026-05-26 19:07:36"}
{"level":"error","message":"Authentication error: jwt expired","service":"visual-whiteboard-api","timestamp":"2026-05-26 19:07:39"}
{"level":"info","message":"::1 - - [26/May/2026:13:37:39 +0000] \"PUT /api/v1/whiteboards/6a05cf718682f6fbf2a25894/canvas HTTP/1.1\" 401 81 \"http://localhost:5173/\" \"Mozilla/5.0 (Windows NT 10.0; Win64; x64) AppleWebKit/537.36 (KHTML, like Gecko) Chrome/148.0.0.0 Safari/537.36\"","service":"visual-whiteboard-api","timestamp":"2026-05-26 19:07:39"}
{"level":"error","message":"Authentication error: jwt expired","service":"visual-whiteboard-api","timestamp":"2026-05-26 19:07:43"}
{"level":"info","message":"::1 - - [26/May/2026:13:37:43 +0000] \"PUT /api/v1/whiteboards/6a05cf718682f6fbf2a25894/canvas HTTP/1.1\" 401 81 \"http://localhost:5173/\" \"Mozilla/5.0 (Windows NT 10.0; Win64; x64) AppleWebKit/537.36 (KHTML, like Gecko) Chrome/148.0.0.0 Safari/537.36\"","service":"visual-whiteboard-api","timestamp":"2026-05-26 19:07:43"}
{"level":"error","message":"Authentication error: jwt expired","service":"visual-whiteboard-api","timestamp":"2026-05-26 19:07:46"}
{"level":"info","message":"::1 - - [26/May/2026:13:37:46 +0000] \"PUT /api/v1/whiteboards/6a05cf718682f6fbf2a25894/canvas HTTP/1.1\" 401 81 \"http://localhost:5173/\" \"Mozilla/5.0 (Windows NT 10.0; Win64; x64) AppleWebKit/537.36 (KHTML, like Gecko) Chrome/148.0.0.0 Safari/537.36\"","service":"visual-whiteboard-api","timestamp":"2026-05-26 19:07:46"}
{"level":"error","message":"Authentication error: jwt expired","service":"visual-whiteboard-api","timestamp":"2026-05-26 19:07:51"}
{"level":"info","message":"::1 - - [26/May/2026:13:37:51 +0000] \"PUT /api/v1/whiteboards/6a05cf718682f6fbf2a25894/canvas HTTP/1.1\" 401 81 \"http://localhost:5173/\" \"Mozilla/5.0 (Windows NT 10.0; Win64; x64) AppleWebKit/537.36 (KHTML, like Gecko) Chrome/148.0.0.0 Safari/537.36\"","service":"visual-whiteboard-api","timestamp":"2026-05-26 19:07:51"}
{"level":"error","message":"Authentication error: jwt expired","service":"visual-whiteboard-api","timestamp":"2026-05-26 19:07:56"}
{"level":"info","message":"::1 - - [26/May/2026:13:37:56 +0000] \"PUT /api/v1/whiteboards/6a05cf718682f6fbf2a25894/canvas HTTP/1.1\" 401 81 \"http://localhost:5173/\" \"Mozilla/5.0 (Windows NT 10.0; Win64; x64) AppleWebKit/537.36 (KHTML, like Gecko) Chrome/148.0.0.0 Safari/537.36\"","service":"visual-whiteboard-api","timestamp":"2026-05-26 19:07:56"}
{"level":"error","message":"Authentication error: jwt expired","service":"visual-whiteboard-api","timestamp":"2026-05-26 19:08:04"}
{"level":"info","message":"::1 - - [26/May/2026:13:38:04 +0000] \"PUT /api/v1/whiteboards/6a05cf718682f6fbf2a25894/canvas HTTP/1.1\" 401 81 \"http://localhost:5173/\" \"Mozilla/5.0 (Windows NT 10.0; Win64; x64) AppleWebKit/537.36 (KHTML, like Gecko) Chrome/148.0.0.0 Safari/537.36\"","service":"visual-whiteboard-api","timestamp":"2026-05-26 19:08:04"}
{"level":"error","message":"Authentication error: jwt expired","service":"visual-whiteboard-api","timestamp":"2026-05-26 19:08:13"}
{"level":"info","message":"::1 - - [26/May/2026:13:38:13 +0000] \"PUT /api/v1/whiteboards/6a05cf718682f6fbf2a25894/canvas HTTP/1.1\" 401 81 \"http://localhost:5173/\" \"Mozilla/5.0 (Windows NT 10.0; Win64; x64) AppleWebKit/537.36 (KHTML, like Gecko) Chrome/148.0.0.0 Safari/537.36\"","service":"visual-whiteboard-api","timestamp":"2026-05-26 19:08:13"}
{"level":"error","message":"Authentication error: jwt expired","service":"visual-whiteboard-api","timestamp":"2026-05-26 19:08:20"}
{"level":"info","message":"::1 - - [26/May/2026:13:38:20 +0000] \"PUT /api/v1/whiteboards/6a05cf718682f6fbf2a25894/canvas HTTP/1.1\" 401 81 \"http://localhost:5173/\" \"Mozilla/5.0 (Windows NT 10.0; Win64; x64) AppleWebKit/537.36 (KHTML, like Gecko) Chrome/148.0.0.0 Safari/537.36\"","service":"visual-whiteboard-api","timestamp":"2026-05-26 19:08:20"}
{"level":"error","message":"Authentication error: jwt expired","service":"visual-whiteboard-api","timestamp":"2026-05-26 19:08:23"}
{"level":"info","message":"::1 - - [26/May/2026:13:38:23 +0000] \"PUT /api/v1/whiteboards/6a05cf718682f6fbf2a25894/canvas HTTP/1.1\" 401 81 \"http://localhost:5173/\" \"Mozilla/5.0 (Windows NT 10.0; Win64; x64) AppleWebKit/537.36 (KHTML, like Gecko) Chrome/148.0.0.0 Safari/537.36\"","service":"visual-whiteboard-api","timestamp":"2026-05-26 19:08:23"}
{"level":"error","message":"Authentication error: jwt expired","service":"visual-whiteboard-api","timestamp":"2026-05-26 19:08:26"}
{"level":"info","message":"::1 - - [26/May/2026:13:38:26 +0000] \"PUT /api/v1/whiteboards/6a05cf718682f6fbf2a25894/canvas HTTP/1.1\" 401 81 \"http://localhost:5173/\" \"Mozilla/5.0 (Windows NT 10.0; Win64; x64) AppleWebKit/537.36 (KHTML, like Gecko) Chrome/148.0.0.0 Safari/537.36\"","service":"visual-whiteboard-api","timestamp":"2026-05-26 19:08:26"}
{"level":"error","message":"Authentication error: jwt expired","service":"visual-whiteboard-api","timestamp":"2026-05-26 19:08:30"}
{"level":"info","message":"::1 - - [26/May/2026:13:38:30 +0000] \"PUT /api/v1/whiteboards/6a05cf718682f6fbf2a25894/canvas HTTP/1.1\" 401 81 \"http://localhost:5173/\" \"Mozilla/5.0 (Windows NT 10.0; Win64; x64) AppleWebKit/537.36 (KHTML, like Gecko) Chrome/148.0.0.0 Safari/537.36\"","service":"visual-whiteboard-api","timestamp":"2026-05-26 19:08:30"}
{"level":"error","message":"Authentication error: jwt expired","service":"visual-whiteboard-api","timestamp":"2026-05-26 19:08:35"}
{"level":"info","message":"::1 - - [26/May/2026:13:38:35 +0000] \"PUT /api/v1/whiteboards/6a05cf718682f6fbf2a25894/canvas HTTP/1.1\" 401 81 \"http://localhost:5173/\" \"Mozilla/5.0 (Windows NT 10.0; Win64; x64) AppleWebKit/537.36 (KHTML, like Gecko) Chrome/148.0.0.0 Safari/537.36\"","service":"visual-whiteboard-api","timestamp":"2026-05-26 19:08:35"}
{"level":"error","message":"Authentication error: jwt expired","service":"visual-whiteboard-api","timestamp":"2026-05-26 19:08:43"}
{"level":"info","message":"::1 - - [26/May/2026:13:38:43 +0000] \"PUT /api/v1/whiteboards/6a05cf718682f6fbf2a25894/canvas HTTP/1.1\" 401 81 \"http://localhost:5173/\" \"Mozilla/5.0 (Windows NT 10.0; Win64; x64) AppleWebKit/537.36 (KHTML, like Gecko) Chrome/148.0.0.0 Safari/537.36\"","service":"visual-whiteboard-api","timestamp":"2026-05-26 19:08:43"}
{"level":"error","message":"Authentication error: jwt expired","service":"visual-whiteboard-api","timestamp":"2026-05-26 19:10:25"}
{"level":"info","message":"::1 - - [26/May/2026:13:40:25 +0000] \"PUT /api/v1/whiteboards/6a05cf718682f6fbf2a25894/canvas HTTP/1.1\" 401 81 \"http://localhost:5173/\" \"Mozilla/5.0 (Windows NT 10.0; Win64; x64) AppleWebKit/537.36 (KHTML, like Gecko) Chrome/148.0.0.0 Safari/537.36\"","service":"visual-whiteboard-api","timestamp":"2026-05-26 19:10:25"}
{"level":"error","message":"Authentication error: jwt expired","service":"visual-whiteboard-api","timestamp":"2026-05-26 19:10:31"}
{"level":"info","message":"::1 - - [26/May/2026:13:40:31 +0000] \"PUT /api/v1/whiteboards/6a05cf718682f6fbf2a25894/canvas HTTP/1.1\" 401 81 \"http://localhost:5173/\" \"Mozilla/5.0 (Windows NT 10.0; Win64; x64) AppleWebKit/537.36 (KHTML, like Gecko) Chrome/148.0.0.0 Safari/537.36\"","service":"visual-whiteboard-api","timestamp":"2026-05-26 19:10:31"}
{"level":"info","message":"User a@a.com left room whiteboard:6a05cf718682f6fbf2a25894","service":"visual-whiteboard-api","timestamp":"2026-05-26 19:10:37"}
{"level":"error","message":"Authentication error: jwt expired","service":"visual-whiteboard-api","timestamp":"2026-05-26 19:10:37"}
{"level":"info","message":"::1 - - [26/May/2026:13:40:37 +0000] \"GET /api/v1/whiteboards HTTP/1.1\" 401 81 \"http://localhost:5173/\" \"Mozilla/5.0 (Windows NT 10.0; Win64; x64) AppleWebKit/537.36 (KHTML, like Gecko) Chrome/148.0.0.0 Safari/537.36\"","service":"visual-whiteboard-api","timestamp":"2026-05-26 19:10:37"}
{"level":"error","message":"Authentication error: jwt expired","service":"visual-whiteboard-api","timestamp":"2026-05-26 19:10:37"}
{"level":"info","message":"::1 - - [26/May/2026:13:40:37 +0000] \"GET /api/v1/whiteboards/invitations HTTP/1.1\" 401 81 \"http://localhost:5173/\" \"Mozilla/5.0 (Windows NT 10.0; Win64; x64) AppleWebKit/537.36 (KHTML, like Gecko) Chrome/148.0.0.0 Safari/537.36\"","service":"visual-whiteboard-api","timestamp":"2026-05-26 19:10:37"}
{"level":"error","message":"Authentication error: jwt expired","service":"visual-whiteboard-api","timestamp":"2026-05-26 19:10:37"}
{"level":"info","message":"::1 - - [26/May/2026:13:40:37 +0000] \"GET /api/v1/whiteboards HTTP/1.1\" 401 81 \"http://localhost:5173/\" \"Mozilla/5.0 (Windows NT 10.0; Win64; x64) AppleWebKit/537.36 (KHTML, like Gecko) Chrome/148.0.0.0 Safari/537.36\"","service":"visual-whiteboard-api","timestamp":"2026-05-26 19:10:37"}
{"level":"error","message":"Authentication error: jwt expired","service":"visual-whiteboard-api","timestamp":"2026-05-26 19:10:37"}
{"level":"info","message":"::1 - - [26/May/2026:13:40:37 +0000] \"GET /api/v1/whiteboards/invitations HTTP/1.1\" 401 81 \"http://localhost:5173/\" \"Mozilla/5.0 (Windows NT 10.0; Win64; x64) AppleWebKit/537.36 (KHTML, like Gecko) Chrome/148.0.0.0 Safari/537.36\"","service":"visual-whiteboard-api","timestamp":"2026-05-26 19:10:37"}
{"level":"error","message":"Authentication error: jwt expired","service":"visual-whiteboard-api","timestamp":"2026-05-26 19:10:39"}
{"level":"info","message":"::1 - - [26/May/2026:13:40:39 +0000] \"GET /api/v1/whiteboards HTTP/1.1\" 401 81 \"http://localhost:5173/\" \"Mozilla/5.0 (Windows NT 10.0; Win64; x64) AppleWebKit/537.36 (KHTML, like Gecko) Chrome/148.0.0.0 Safari/537.36\"","service":"visual-whiteboard-api","timestamp":"2026-05-26 19:10:39"}
{"level":"error","message":"Authentication error: jwt expired","service":"visual-whiteboard-api","timestamp":"2026-05-26 19:10:39"}
{"level":"info","message":"::1 - - [26/May/2026:13:40:39 +0000] \"GET /api/v1/whiteboards/invitations HTTP/1.1\" 401 81 \"http://localhost:5173/\" \"Mozilla/5.0 (Windows NT 10.0; Win64; x64) AppleWebKit/537.36 (KHTML, like Gecko) Chrome/148.0.0.0 Safari/537.36\"","service":"visual-whiteboard-api","timestamp":"2026-05-26 19:10:39"}
{"level":"error","message":"Authentication error: jwt expired","service":"visual-whiteboard-api","timestamp":"2026-05-26 19:10:39"}
{"level":"info","message":"::1 - - [26/May/2026:13:40:39 +0000] \"GET /api/v1/whiteboards HTTP/1.1\" 401 81 \"http://localhost:5173/\" \"Mozilla/5.0 (Windows NT 10.0; Win64; x64) AppleWebKit/537.36 (KHTML, like Gecko) Chrome/148.0.0.0 Safari/537.36\"","service":"visual-whiteboard-api","timestamp":"2026-05-26 19:10:39"}
{"level":"error","message":"Authentication error: jwt expired","service":"visual-whiteboard-api","timestamp":"2026-05-26 19:10:39"}
{"level":"info","message":"::1 - - [26/May/2026:13:40:39 +0000] \"GET /api/v1/whiteboards/invitations HTTP/1.1\" 401 81 \"http://localhost:5173/\" \"Mozilla/5.0 (Windows NT 10.0; Win64; x64) AppleWebKit/537.36 (KHTML, like Gecko) Chrome/148.0.0.0 Safari/537.36\"","service":"visual-whiteboard-api","timestamp":"2026-05-26 19:10:39"}
{"level":"info","message":"::1 - - [26/May/2026:13:40:51 +0000] \"POST /api/v1/auth/login HTTP/1.1\" 200 392 \"http://localhost:5173/\" \"Mozilla/5.0 (Windows NT 10.0; Win64; x64) AppleWebKit/537.36 (KHTML, like Gecko) Chrome/148.0.0.0 Safari/537.36\"","service":"visual-whiteboard-api","timestamp":"2026-05-26 19:10:51"}
{"level":"info","message":"::1 - - [26/May/2026:13:40:51 +0000] \"GET /api/v1/whiteboards HTTP/1.1\" 200 1802 \"http://localhost:5173/\" \"Mozilla/5.0 (Windows NT 10.0; Win64; x64) AppleWebKit/537.36 (KHTML, like Gecko) Chrome/148.0.0.0 Safari/537.36\"","service":"visual-whiteboard-api","timestamp":"2026-05-26 19:10:51"}
{"level":"info","message":"::1 - - [26/May/2026:13:40:51 +0000] \"GET /api/v1/whiteboards/invitations HTTP/1.1\" 304 - \"http://localhost:5173/\" \"Mozilla/5.0 (Windows NT 10.0; Win64; x64) AppleWebKit/537.36 (KHTML, like Gecko) Chrome/148.0.0.0 Safari/537.36\"","service":"visual-whiteboard-api","timestamp":"2026-05-26 19:10:51"}
{"level":"info","message":"::1 - - [26/May/2026:13:40:51 +0000] \"GET /api/v1/whiteboards HTTP/1.1\" 304 - \"http://localhost:5173/\" \"Mozilla/5.0 (Windows NT 10.0; Win64; x64) AppleWebKit/537.36 (KHTML, like Gecko) Chrome/148.0.0.0 Safari/537.36\"","service":"visual-whiteboard-api","timestamp":"2026-05-26 19:10:51"}
{"level":"info","message":"::1 - - [26/May/2026:13:40:51 +0000] \"GET /api/v1/whiteboards/invitations HTTP/1.1\" 304 - \"http://localhost:5173/\" \"Mozilla/5.0 (Windows NT 10.0; Win64; x64) AppleWebKit/537.36 (KHTML, like Gecko) Chrome/148.0.0.0 Safari/537.36\"","service":"visual-whiteboard-api","timestamp":"2026-05-26 19:10:51"}
{"level":"info","message":"::1 - - [26/May/2026:13:40:52 +0000] \"GET /api/v1/whiteboards/6a05cf718682f6fbf2a25894 HTTP/1.1\" 200 6239 \"http://localhost:5173/\" \"Mozilla/5.0 (Windows NT 10.0; Win64; x64) AppleWebKit/537.36 (KHTML, like Gecko) Chrome/148.0.0.0 Safari/537.36\"","service":"visual-whiteboard-api","timestamp":"2026-05-26 19:10:52"}
{"level":"info","message":"⚡ Socket connected: ixX898bzlO9tCERuAAAK (User: a@a.com)","service":"visual-whiteboard-api","timestamp":"2026-05-26 19:10:52"}
{"level":"info","message":"User a@a.com joined room whiteboard:6a05cf718682f6fbf2a25894","service":"visual-whiteboard-api","timestamp":"2026-05-26 19:10:52"}
{"level":"info","message":"::1 - - [26/May/2026:13:41:07 +0000] \"PUT /api/v1/whiteboards/6a05cf718682f6fbf2a25894/canvas HTTP/1.1\" 200 58 \"http://localhost:5173/\" \"Mozilla/5.0 (Windows NT 10.0; Win64; x64) AppleWebKit/537.36 (KHTML, like Gecko) Chrome/148.0.0.0 Safari/537.36\"","service":"visual-whiteboard-api","timestamp":"2026-05-26 19:11:07"}
{"level":"info","message":"::1 - - [26/May/2026:13:41:09 +0000] \"PUT /api/v1/whiteboards/6a05cf718682f6fbf2a25894/canvas HTTP/1.1\" 200 58 \"http://localhost:5173/\" \"Mozilla/5.0 (Windows NT 10.0; Win64; x64) AppleWebKit/537.36 (KHTML, like Gecko) Chrome/148.0.0.0 Safari/537.36\"","service":"visual-whiteboard-api","timestamp":"2026-05-26 19:11:09"}
{"level":"info","message":"::1 - - [26/May/2026:13:41:14 +0000] \"PUT /api/v1/whiteboards/6a05cf718682f6fbf2a25894/canvas HTTP/1.1\" 200 58 \"http://localhost:5173/\" \"Mozilla/5.0 (Windows NT 10.0; Win64; x64) AppleWebKit/537.36 (KHTML, like Gecko) Chrome/148.0.0.0 Safari/537.36\"","service":"visual-whiteboard-api","timestamp":"2026-05-26 19:11:14"}
{"level":"info","message":"::1 - - [26/May/2026:13:41:22 +0000] \"PUT /api/v1/whiteboards/6a05cf718682f6fbf2a25894/canvas HTTP/1.1\" 200 58 \"http://localhost:5173/\" \"Mozilla/5.0 (Windows NT 10.0; Win64; x64) AppleWebKit/537.36 (KHTML, like Gecko) Chrome/148.0.0.0 Safari/537.36\"","service":"visual-whiteboard-api","timestamp":"2026-05-26 19:11:22"}
{"level":"info","message":"::1 - - [26/May/2026:13:41:29 +0000] \"PUT /api/v1/whiteboards/6a05cf718682f6fbf2a25894/canvas HTTP/1.1\" 200 58 \"http://localhost:5173/\" \"Mozilla/5.0 (Windows NT 10.0; Win64; x64) AppleWebKit/537.36 (KHTML, like Gecko) Chrome/148.0.0.0 Safari/537.36\"","service":"visual-whiteboard-api","timestamp":"2026-05-26 19:11:29"}
{"level":"info","message":"::1 - - [26/May/2026:13:41:33 +0000] \"PUT /api/v1/whiteboards/6a05cf718682f6fbf2a25894/canvas HTTP/1.1\" 200 58 \"http://localhost:5173/\" \"Mozilla/5.0 (Windows NT 10.0; Win64; x64) AppleWebKit/537.36 (KHTML, like Gecko) Chrome/148.0.0.0 Safari/537.36\"","service":"visual-whiteboard-api","timestamp":"2026-05-26 19:11:33"}
{"level":"info","message":"::1 - - [26/May/2026:13:41:39 +0000] \"PUT /api/v1/whiteboards/6a05cf718682f6fbf2a25894/canvas HTTP/1.1\" 200 58 \"http://localhost:5173/\" \"Mozilla/5.0 (Windows NT 10.0; Win64; x64) AppleWebKit/537.36 (KHTML, like Gecko) Chrome/148.0.0.0 Safari/537.36\"","service":"visual-whiteboard-api","timestamp":"2026-05-26 19:11:39"}
{"level":"info","message":"User a@a.com left room whiteboard:6a05cf718682f6fbf2a25894","service":"visual-whiteboard-api","timestamp":"2026-05-26 19:11:46"}
{"level":"info","message":"::1 - - [26/May/2026:13:41:46 +0000] \"GET /api/v1/whiteboards HTTP/1.1\" 200 1802 \"http://localhost:5173/\" \"Mozilla/5.0 (Windows NT 10.0; Win64; x64) AppleWebKit/537.36 (KHTML, like Gecko) Chrome/148.0.0.0 Safari/537.36\"","service":"visual-whiteboard-api","timestamp":"2026-05-26 19:11:46"}
{"level":"info","message":"::1 - - [26/May/2026:13:41:46 +0000] \"GET /api/v1/whiteboards/invitations HTTP/1.1\" 304 - \"http://localhost:5173/\" \"Mozilla/5.0 (Windows NT 10.0; Win64; x64) AppleWebKit/537.36 (KHTML, like Gecko) Chrome/148.0.0.0 Safari/537.36\"","service":"visual-whiteboard-api","timestamp":"2026-05-26 19:11:46"}
{"level":"info","message":"::1 - - [26/May/2026:13:41:46 +0000] \"GET /api/v1/whiteboards HTTP/1.1\" 304 - \"http://localhost:5173/\" \"Mozilla/5.0 (Windows NT 10.0; Win64; x64) AppleWebKit/537.36 (KHTML, like Gecko) Chrome/148.0.0.0 Safari/537.36\"","service":"visual-whiteboard-api","timestamp":"2026-05-26 19:11:46"}
{"level":"info","message":"::1 - - [26/May/2026:13:41:46 +0000] \"GET /api/v1/whiteboards/invitations HTTP/1.1\" 304 - \"http://localhost:5173/\" \"Mozilla/5.0 (Windows NT 10.0; Win64; x64) AppleWebKit/537.36 (KHTML, like Gecko) Chrome/148.0.0.0 Safari/537.36\"","service":"visual-whiteboard-api","timestamp":"2026-05-26 19:11:46"}
{"level":"info","message":"::1 - - [26/May/2026:13:42:00 +0000] \"POST /api/v1/auth/login HTTP/1.1\" 200 393 \"http://localhost:5173/\" \"Mozilla/5.0 (Windows NT 10.0; Win64; x64) AppleWebKit/537.36 (KHTML, like Gecko) Chrome/148.0.0.0 Safari/537.36\"","service":"visual-whiteboard-api","timestamp":"2026-05-26 19:12:00"}
{"level":"info","message":"::1 - - [26/May/2026:13:42:00 +0000] \"GET /api/v1/whiteboards HTTP/1.1\" 200 1360 \"http://localhost:5173/\" \"Mozilla/5.0 (Windows NT 10.0; Win64; x64) AppleWebKit/537.36 (KHTML, like Gecko) Chrome/148.0.0.0 Safari/537.36\"","service":"visual-whiteboard-api","timestamp":"2026-05-26 19:12:00"}
{"level":"info","message":"::1 - - [26/May/2026:13:42:00 +0000] \"GET /api/v1/whiteboards/invitations HTTP/1.1\" 304 - \"http://localhost:5173/\" \"Mozilla/5.0 (Windows NT 10.0; Win64; x64) AppleWebKit/537.36 (KHTML, like Gecko) Chrome/148.0.0.0 Safari/537.36\"","service":"visual-whiteboard-api","timestamp":"2026-05-26 19:12:00"}
{"level":"info","message":"::1 - - [26/May/2026:13:42:00 +0000] \"GET /api/v1/whiteboards HTTP/1.1\" 304 - \"http://localhost:5173/\" \"Mozilla/5.0 (Windows NT 10.0; Win64; x64) AppleWebKit/537.36 (KHTML, like Gecko) Chrome/148.0.0.0 Safari/537.36\"","service":"visual-whiteboard-api","timestamp":"2026-05-26 19:12:00"}
{"level":"info","message":"::1 - - [26/May/2026:13:42:00 +0000] \"GET /api/v1/whiteboards/invitations HTTP/1.1\" 304 - \"http://localhost:5173/\" \"Mozilla/5.0 (Windows NT 10.0; Win64; x64) AppleWebKit/537.36 (KHTML, like Gecko) Chrome/148.0.0.0 Safari/537.36\"","service":"visual-whiteboard-api","timestamp":"2026-05-26 19:12:00"}
{"level":"info","message":"::1 - - [26/May/2026:13:42:01 +0000] \"GET /api/v1/whiteboards/6a05cf718682f6fbf2a25894 HTTP/1.1\" 200 6352 \"http://localhost:5173/\" \"Mozilla/5.0 (Windows NT 10.0; Win64; x64) AppleWebKit/537.36 (KHTML, like Gecko) Chrome/148.0.0.0 Safari/537.36\"","service":"visual-whiteboard-api","timestamp":"2026-05-26 19:12:01"}
{"level":"info","message":"⚡ Socket connected: 0TAzDKFleH_APKrNAAAN (User: b@b.com)","service":"visual-whiteboard-api","timestamp":"2026-05-26 19:12:02"}
{"level":"info","message":"User b@b.com joined room whiteboard:6a05cf718682f6fbf2a25894","service":"visual-whiteboard-api","timestamp":"2026-05-26 19:12:02"}
{"level":"info","message":"User b@b.com left room whiteboard:6a05cf718682f6fbf2a25894","service":"visual-whiteboard-api","timestamp":"2026-05-26 19:12:09"}
{"level":"info","message":"::1 - - [26/May/2026:13:42:09 +0000] \"GET /api/v1/whiteboards HTTP/1.1\" 304 - \"http://localhost:5173/\" \"Mozilla/5.0 (Windows NT 10.0; Win64; x64) AppleWebKit/537.36 (KHTML, like Gecko) Chrome/148.0.0.0 Safari/537.36\"","service":"visual-whiteboard-api","timestamp":"2026-05-26 19:12:09"}
{"level":"info","message":"::1 - - [26/May/2026:13:42:09 +0000] \"GET /api/v1/whiteboards/invitations HTTP/1.1\" 304 - \"http://localhost:5173/\" \"Mozilla/5.0 (Windows NT 10.0; Win64; x64) AppleWebKit/537.36 (KHTML, like Gecko) Chrome/148.0.0.0 Safari/537.36\"","service":"visual-whiteboard-api","timestamp":"2026-05-26 19:12:09"}
{"level":"info","message":"::1 - - [26/May/2026:13:42:09 +0000] \"GET /api/v1/whiteboards HTTP/1.1\" 304 - \"http://localhost:5173/\" \"Mozilla/5.0 (Windows NT 10.0; Win64; x64) AppleWebKit/537.36 (KHTML, like Gecko) Chrome/148.0.0.0 Safari/537.36\"","service":"visual-whiteboard-api","timestamp":"2026-05-26 19:12:09"}
{"level":"info","message":"::1 - - [26/May/2026:13:42:09 +0000] \"GET /api/v1/whiteboards/invitations HTTP/1.1\" 304 - \"http://localhost:5173/\" \"Mozilla/5.0 (Windows NT 10.0; Win64; x64) AppleWebKit/537.36 (KHTML, like Gecko) Chrome/148.0.0.0 Safari/537.36\"","service":"visual-whiteboard-api","timestamp":"2026-05-26 19:12:09"}
{"level":"info","message":"Graceful shutdown initiated...","service":"visual-whiteboard-api","timestamp":"2026-05-26 19:27:27"}
{"level":"info","message":"Connected to MongoDB","service":"visual-whiteboard-api","timestamp":"2026-05-26 19:27:30"}
{"level":"info","message":"🚀 Connected to Redis","service":"visual-whiteboard-api","timestamp":"2026-05-26 19:27:30"}
{"level":"info","message":"Server running in development mode on port 5000","service":"visual-whiteboard-api","timestamp":"2026-05-26 19:27:30"}
{"level":"info","message":"🚀 Socket.io Redis Adapter configured","service":"visual-whiteboard-api","timestamp":"2026-05-26 19:27:30"}
{"level":"info","message":"::1 - - [26/May/2026:13:57:57 +0000] \"GET /api/v1/health HTTP/1.1\" 200 86 \"http://localhost:5173/\" \"Mozilla/5.0 (Windows NT 10.0; Win64; x64) AppleWebKit/537.36 (KHTML, like Gecko) Chrome/148.0.0.0 Safari/537.36\"","service":"visual-whiteboard-api","timestamp":"2026-05-26 19:27:57"}
{"level":"error","message":"Authentication error: jwt expired","service":"visual-whiteboard-api","timestamp":"2026-05-26 19:27:57"}
{"level":"info","message":"::1 - - [26/May/2026:13:57:57 +0000] \"GET /api/v1/whiteboards HTTP/1.1\" 401 81 \"http://localhost:5173/\" \"Mozilla/5.0 (Windows NT 10.0; Win64; x64) AppleWebKit/537.36 (KHTML, like Gecko) Chrome/148.0.0.0 Safari/537.36\"","service":"visual-whiteboard-api","timestamp":"2026-05-26 19:27:57"}
{"level":"error","message":"Authentication error: jwt expired","service":"visual-whiteboard-api","timestamp":"2026-05-26 19:27:57"}
{"level":"info","message":"::1 - - [26/May/2026:13:57:57 +0000] \"GET /api/v1/whiteboards/invitations HTTP/1.1\" 401 81 \"http://localhost:5173/\" \"Mozilla/5.0 (Windows NT 10.0; Win64; x64) AppleWebKit/537.36 (KHTML, like Gecko) Chrome/148.0.0.0 Safari/537.36\"","service":"visual-whiteboard-api","timestamp":"2026-05-26 19:27:57"}
{"level":"error","message":"Authentication error: jwt expired","service":"visual-whiteboard-api","timestamp":"2026-05-26 19:27:57"}
{"level":"info","message":"::1 - - [26/May/2026:13:57:57 +0000] \"GET /api/v1/whiteboards HTTP/1.1\" 401 81 \"http://localhost:5173/\" \"Mozilla/5.0 (Windows NT 10.0; Win64; x64) AppleWebKit/537.36 (KHTML, like Gecko) Chrome/148.0.0.0 Safari/537.36\"","service":"visual-whiteboard-api","timestamp":"2026-05-26 19:27:57"}
{"level":"error","message":"Authentication error: jwt expired","service":"visual-whiteboard-api","timestamp":"2026-05-26 19:27:57"}
{"level":"info","message":"::1 - - [26/May/2026:13:57:57 +0000] \"GET /api/v1/whiteboards/invitations HTTP/1.1\" 401 81 \"http://localhost:5173/\" \"Mozilla/5.0 (Windows NT 10.0; Win64; x64) AppleWebKit/537.36 (KHTML, like Gecko) Chrome/148.0.0.0 Safari/537.36\"","service":"visual-whiteboard-api","timestamp":"2026-05-26 19:27:57"}
{"level":"info","message":"::1 - - [26/May/2026:13:58:05 +0000] \"GET /api/v1/health HTTP/1.1\" 200 86 \"http://localhost:5173/\" \"Mozilla/5.0 (Windows NT 10.0; Win64; x64) AppleWebKit/537.36 (KHTML, like Gecko) Chrome/148.0.0.0 Safari/537.36\"","service":"visual-whiteboard-api","timestamp":"2026-05-26 19:28:05"}
{"level":"info","message":"::1 - - [26/May/2026:13:58:13 +0000] \"POST /api/v1/auth/login HTTP/1.1\" 200 393 \"http://localhost:5173/\" \"Mozilla/5.0 (Windows NT 10.0; Win64; x64) AppleWebKit/537.36 (KHTML, like Gecko) Chrome/148.0.0.0 Safari/537.36\"","service":"visual-whiteboard-api","timestamp":"2026-05-26 19:28:13"}
{"level":"info","message":"::1 - - [26/May/2026:13:58:13 +0000] \"GET /api/v1/whiteboards HTTP/1.1\" 304 - \"http://localhost:5173/\" \"Mozilla/5.0 (Windows NT 10.0; Win64; x64) AppleWebKit/537.36 (KHTML, like Gecko) Chrome/148.0.0.0 Safari/537.36\"","service":"visual-whiteboard-api","timestamp":"2026-05-26 19:28:13"}
{"level":"info","message":"::1 - - [26/May/2026:13:58:13 +0000] \"GET /api/v1/whiteboards/invitations HTTP/1.1\" 304 - \"http://localhost:5173/\" \"Mozilla/5.0 (Windows NT 10.0; Win64; x64) AppleWebKit/537.36 (KHTML, like Gecko) Chrome/148.0.0.0 Safari/537.36\"","service":"visual-whiteboard-api","timestamp":"2026-05-26 19:28:13"}
{"level":"info","message":"::1 - - [26/May/2026:13:58:13 +0000] \"GET /api/v1/whiteboards HTTP/1.1\" 304 - \"http://localhost:5173/\" \"Mozilla/5.0 (Windows NT 10.0; Win64; x64) AppleWebKit/537.36 (KHTML, like Gecko) Chrome/148.0.0.0 Safari/537.36\"","service":"visual-whiteboard-api","timestamp":"2026-05-26 19:28:13"}
{"level":"info","message":"::1 - - [26/May/2026:13:58:13 +0000] \"GET /api/v1/whiteboards/invitations HTTP/1.1\" 304 - \"http://localhost:5173/\" \"Mozilla/5.0 (Windows NT 10.0; Win64; x64) AppleWebKit/537.36 (KHTML, like Gecko) Chrome/148.0.0.0 Safari/537.36\"","service":"visual-whiteboard-api","timestamp":"2026-05-26 19:28:13"}
{"level":"info","message":"::1 - - [26/May/2026:13:58:14 +0000] \"GET /api/v1/whiteboards/6a05cf718682f6fbf2a25894 HTTP/1.1\" 304 - \"http://localhost:5173/\" \"Mozilla/5.0 (Windows NT 10.0; Win64; x64) AppleWebKit/537.36 (KHTML, like Gecko) Chrome/148.0.0.0 Safari/537.36\"","service":"visual-whiteboard-api","timestamp":"2026-05-26 19:28:14"}
{"level":"info","message":"⚡ Socket connected: QW2n7dfgVPoxk0ZGAAAC (User: b@b.com)","service":"visual-whiteboard-api","timestamp":"2026-05-26 19:28:14"}
{"level":"info","message":"User b@b.com joined room whiteboard:6a05cf718682f6fbf2a25894","service":"visual-whiteboard-api","timestamp":"2026-05-26 19:28:14"}
{"level":"info","message":"User b@b.com left room whiteboard:6a05cf718682f6fbf2a25894","service":"visual-whiteboard-api","timestamp":"2026-05-26 19:28:18"}
{"level":"info","message":"::1 - - [26/May/2026:13:58:18 +0000] \"GET /api/v1/whiteboards HTTP/1.1\" 304 - \"http://localhost:5173/\" \"Mozilla/5.0 (Windows NT 10.0; Win64; x64) AppleWebKit/537.36 (KHTML, like Gecko) Chrome/148.0.0.0 Safari/537.36\"","service":"visual-whiteboard-api","timestamp":"2026-05-26 19:28:18"}
{"level":"info","message":"::1 - - [26/May/2026:13:58:18 +0000] \"GET /api/v1/whiteboards/invitations HTTP/1.1\" 304 - \"http://localhost:5173/\" \"Mozilla/5.0 (Windows NT 10.0; Win64; x64) AppleWebKit/537.36 (KHTML, like Gecko) Chrome/148.0.0.0 Safari/537.36\"","service":"visual-whiteboard-api","timestamp":"2026-05-26 19:28:18"}
{"level":"info","message":"::1 - - [26/May/2026:13:58:18 +0000] \"GET /api/v1/whiteboards HTTP/1.1\" 304 - \"http://localhost:5173/\" \"Mozilla/5.0 (Windows NT 10.0; Win64; x64) AppleWebKit/537.36 (KHTML, like Gecko) Chrome/148.0.0.0 Safari/537.36\"","service":"visual-whiteboard-api","timestamp":"2026-05-26 19:28:18"}
{"level":"info","message":"::1 - - [26/May/2026:13:58:18 +0000] \"GET /api/v1/whiteboards/invitations HTTP/1.1\" 304 - \"http://localhost:5173/\" \"Mozilla/5.0 (Windows NT 10.0; Win64; x64) AppleWebKit/537.36 (KHTML, like Gecko) Chrome/148.0.0.0 Safari/537.36\"","service":"visual-whiteboard-api","timestamp":"2026-05-26 19:28:18"}
{"level":"info","message":"::1 - - [26/May/2026:14:14:48 +0000] \"GET /api/v1/health HTTP/1.1\" 200 86 \"http://localhost:5173/\" \"Mozilla/5.0 (Windows NT 10.0; Win64; x64) AppleWebKit/537.36 (KHTML, like Gecko) Chrome/148.0.0.0 Safari/537.36\"","service":"visual-whiteboard-api","timestamp":"2026-05-26 19:44:48"}
{"level":"info","message":"::1 - - [26/May/2026:14:14:48 +0000] \"GET /api/v1/health HTTP/1.1\" 200 86 \"http://localhost:5173/\" \"Mozilla/5.0 (Windows NT 10.0; Win64; x64) AppleWebKit/537.36 (KHTML, like Gecko) Chrome/148.0.0.0 Safari/537.36\"","service":"visual-whiteboard-api","timestamp":"2026-05-26 19:44:48"}
{"level":"info","message":"::1 - - [26/May/2026:14:15:01 +0000] \"GET /api/v1/health HTTP/1.1\" 200 86 \"http://localhost:5173/\" \"Mozilla/5.0 (Windows NT 10.0; Win64; x64) AppleWebKit/537.36 (KHTML, like Gecko) Chrome/148.0.0.0 Safari/537.36\"","service":"visual-whiteboard-api","timestamp":"2026-05-26 19:45:01"}
{"level":"error","message":"Authentication error: jwt expired","service":"visual-whiteboard-api","timestamp":"2026-05-26 19:45:01"}
{"level":"info","message":"::1 - - [26/May/2026:14:15:01 +0000] \"GET /api/v1/whiteboards HTTP/1.1\" 401 81 \"http://localhost:5173/\" \"Mozilla/5.0 (Windows NT 10.0; Win64; x64) AppleWebKit/537.36 (KHTML, like Gecko) Chrome/148.0.0.0 Safari/537.36\"","service":"visual-whiteboard-api","timestamp":"2026-05-26 19:45:01"}
{"level":"error","message":"Authentication error: jwt expired","service":"visual-whiteboard-api","timestamp":"2026-05-26 19:45:01"}
{"level":"info","message":"::1 - - [26/May/2026:14:15:01 +0000] \"GET /api/v1/whiteboards/invitations HTTP/1.1\" 401 81 \"http://localhost:5173/\" \"Mozilla/5.0 (Windows NT 10.0; Win64; x64) AppleWebKit/537.36 (KHTML, like Gecko) Chrome/148.0.0.0 Safari/537.36\"","service":"visual-whiteboard-api","timestamp":"2026-05-26 19:45:01"}
{"level":"error","message":"Authentication error: jwt expired","service":"visual-whiteboard-api","timestamp":"2026-05-26 19:45:01"}
{"level":"info","message":"::1 - - [26/May/2026:14:15:01 +0000] \"GET /api/v1/whiteboards HTTP/1.1\" 401 81 \"http://localhost:5173/\" \"Mozilla/5.0 (Windows NT 10.0; Win64; x64) AppleWebKit/537.36 (KHTML, like Gecko) Chrome/148.0.0.0 Safari/537.36\"","service":"visual-whiteboard-api","timestamp":"2026-05-26 19:45:01"}
{"level":"error","message":"Authentication error: jwt expired","service":"visual-whiteboard-api","timestamp":"2026-05-26 19:45:01"}
{"level":"info","message":"::1 - - [26/May/2026:14:15:01 +0000] \"GET /api/v1/whiteboards/invitations HTTP/1.1\" 401 81 \"http://localhost:5173/\" \"Mozilla/5.0 (Windows NT 10.0; Win64; x64) AppleWebKit/537.36 (KHTML, like Gecko) Chrome/148.0.0.0 Safari/537.36\"","service":"visual-whiteboard-api","timestamp":"2026-05-26 19:45:01"}
{"level":"info","message":"::1 - - [26/May/2026:14:15:11 +0000] \"POST /api/v1/auth/login HTTP/1.1\" 200 392 \"http://localhost:5173/\" \"Mozilla/5.0 (Windows NT 10.0; Win64; x64) AppleWebKit/537.36 (KHTML, like Gecko) Chrome/148.0.0.0 Safari/537.36\"","service":"visual-whiteboard-api","timestamp":"2026-05-26 19:45:11"}
{"level":"info","message":"::1 - - [26/May/2026:14:15:11 +0000] \"GET /api/v1/whiteboards/invitations HTTP/1.1\" 304 - \"http://localhost:5173/\" \"Mozilla/5.0 (Windows NT 10.0; Win64; x64) AppleWebKit/537.36 (KHTML, like Gecko) Chrome/148.0.0.0 Safari/537.36\"","service":"visual-whiteboard-api","timestamp":"2026-05-26 19:45:11"}
{"level":"info","message":"::1 - - [26/May/2026:14:15:11 +0000] \"GET /api/v1/whiteboards HTTP/1.1\" 200 1802 \"http://localhost:5173/\" \"Mozilla/5.0 (Windows NT 10.0; Win64; x64) AppleWebKit/537.36 (KHTML, like Gecko) Chrome/148.0.0.0 Safari/537.36\"","service":"visual-whiteboard-api","timestamp":"2026-05-26 19:45:11"}
{"level":"info","message":"::1 - - [26/May/2026:14:15:11 +0000] \"GET /api/v1/whiteboards/invitations HTTP/1.1\" 304 - \"http://localhost:5173/\" \"Mozilla/5.0 (Windows NT 10.0; Win64; x64) AppleWebKit/537.36 (KHTML, like Gecko) Chrome/148.0.0.0 Safari/537.36\"","service":"visual-whiteboard-api","timestamp":"2026-05-26 19:45:11"}
{"level":"info","message":"::1 - - [26/May/2026:14:15:11 +0000] \"GET /api/v1/whiteboards HTTP/1.1\" 304 - \"http://localhost:5173/\" \"Mozilla/5.0 (Windows NT 10.0; Win64; x64) AppleWebKit/537.36 (KHTML, like Gecko) Chrome/148.0.0.0 Safari/537.36\"","service":"visual-whiteboard-api","timestamp":"2026-05-26 19:45:11"}
{"level":"info","message":"::1 - - [26/May/2026:14:15:12 +0000] \"GET /api/v1/health HTTP/1.1\" 200 86 \"http://localhost:5173/\" \"Mozilla/5.0 (Windows NT 10.0; Win64; x64) AppleWebKit/537.36 (KHTML, like Gecko) Chrome/148.0.0.0 Safari/537.36\"","service":"visual-whiteboard-api","timestamp":"2026-05-26 19:45:12"}
{"level":"info","message":"::1 - - [26/May/2026:14:15:12 +0000] \"GET /api/v1/health HTTP/1.1\" 200 86 \"http://localhost:5173/\" \"Mozilla/5.0 (Windows NT 10.0; Win64; x64) AppleWebKit/537.36 (KHTML, like Gecko) Chrome/148.0.0.0 Safari/537.36\"","service":"visual-whiteboard-api","timestamp":"2026-05-26 19:45:12"}
{"level":"info","message":"Connected to MongoDB","service":"visual-whiteboard-api","timestamp":"2026-05-26 19:51:30"}
{"level":"info","message":"🚀 Connected to Redis","service":"visual-whiteboard-api","timestamp":"2026-05-26 19:51:30"}
{"level":"info","message":"Server running in development mode on port 5000","service":"visual-whiteboard-api","timestamp":"2026-05-26 19:51:30"}
{"level":"info","message":"🚀 Socket.io Redis Adapter configured","service":"visual-whiteboard-api","timestamp":"2026-05-26 19:51:30"}
{"level":"info","message":"Connected to MongoDB","service":"visual-whiteboard-api","timestamp":"2026-05-26 19:51:47"}
{"level":"info","message":"🚀 Connected to Redis","service":"visual-whiteboard-api","timestamp":"2026-05-26 19:51:47"}
{"level":"info","message":"Server running in development mode on port 5000","service":"visual-whiteboard-api","timestamp":"2026-05-26 19:51:47"}
{"level":"info","message":"🚀 Socket.io Redis Adapter configured","service":"visual-whiteboard-api","timestamp":"2026-05-26 19:51:47"}
{"level":"info","message":"Connected to MongoDB","service":"visual-whiteboard-api","timestamp":"2026-05-26 19:52:23"}
{"level":"info","message":"🚀 Connected to Redis","service":"visual-whiteboard-api","timestamp":"2026-05-26 19:52:23"}
{"level":"info","message":"Server running in development mode on port 5000","service":"visual-whiteboard-api","timestamp":"2026-05-26 19:52:23"}
{"level":"info","message":"🚀 Socket.io Redis Adapter configured","service":"visual-whiteboard-api","timestamp":"2026-05-26 19:52:23"}
{"level":"info","message":"Connected to MongoDB","service":"visual-whiteboard-api","timestamp":"2026-05-26 19:52:48"}
{"level":"info","message":"🚀 Connected to Redis","service":"visual-whiteboard-api","timestamp":"2026-05-26 19:52:48"}
{"level":"info","message":"Server running in development mode on port 5000","service":"visual-whiteboard-api","timestamp":"2026-05-26 19:52:48"}
{"level":"info","message":"🚀 Socket.io Redis Adapter configured","service":"visual-whiteboard-api","timestamp":"2026-05-26 19:52:48"}
{"level":"error","message":"Kafka initialization failure: Connection error: ","service":"visual-whiteboard-api","timestamp":"2026-05-26 19:52:55"}
{"level":"info","message":"::1 - - [26/May/2026:14:34:48 +0000] \"GET /api/v1/health HTTP/1.1\" 200 86 \"http://localhost:5173/\" \"Mozilla/5.0 (Windows NT 10.0; Win64; x64) AppleWebKit/537.36 (KHTML, like Gecko) Chrome/148.0.0.0 Safari/537.36\"","service":"visual-whiteboard-api","timestamp":"2026-05-26 20:04:48"}
{"level":"info","message":"::1 - - [26/May/2026:14:34:48 +0000] \"GET /api/v1/health HTTP/1.1\" 200 86 \"http://localhost:5173/\" \"Mozilla/5.0 (Windows NT 10.0; Win64; x64) AppleWebKit/537.36 (KHTML, like Gecko) Chrome/148.0.0.0 Safari/537.36\"","service":"visual-whiteboard-api","timestamp":"2026-05-26 20:04:48"}
{"level":"error","message":"Redis Client Error Socket closed unexpectedly","service":"visual-whiteboard-api","stack":"Error: Socket closed unexpectedly\n    at Socket.<anonymous> (D:\\Dhanush\\javaScriptNode\\rove\\backend\\node_modules\\@redis\\client\\dist\\lib\\client\\socket.js:250:33)\n    at Object.onceWrapper (node:events:623:26)\n    at Socket.emit (node:events:508:28)\n    at TCP.<anonymous> (node:net:346:12)","timestamp":"2026-05-26 20:04:55"}
{"level":"info","message":"🚀 Connected to Redis","service":"visual-whiteboard-api","timestamp":"2026-05-26 20:04:55"}
{"level":"error","message":"Redis Client Error Socket closed unexpectedly","service":"visual-whiteboard-api","stack":"Error: Socket closed unexpectedly\n    at Socket.<anonymous> (D:\\Dhanush\\javaScriptNode\\rove\\backend\\node_modules\\@redis\\client\\dist\\lib\\client\\socket.js:250:33)\n    at Object.onceWrapper (node:events:623:26)\n    at Socket.emit (node:events:508:28)\n    at TCP.<anonymous> (node:net:346:12)","timestamp":"2026-05-26 20:04:55"}
{"level":"info","message":"🚀 Connected to Redis","service":"visual-whiteboard-api","timestamp":"2026-05-26 20:04:55"}
{"level":"error","message":"Redis Client Error Socket closed unexpectedly","service":"visual-whiteboard-api","stack":"Error: Socket closed unexpectedly\n    at Socket.<anonymous> (D:\\Dhanush\\javaScriptNode\\rove\\backend\\node_modules\\@redis\\client\\dist\\lib\\client\\socket.js:250:33)\n    at Object.onceWrapper (node:events:623:26)\n    at Socket.emit (node:events:508:28)\n    at TCP.<anonymous> (node:net:346:12)","timestamp":"2026-05-26 20:04:55"}
{"level":"info","message":"🚀 Connected to Redis","service":"visual-whiteboard-api","timestamp":"2026-05-26 20:04:55"}
{"level":"error","message":"Redis Client Error Socket closed unexpectedly","service":"visual-whiteboard-api","stack":"Error: Socket closed unexpectedly\n    at Socket.<anonymous> (D:\\Dhanush\\javaScriptNode\\rove\\backend\\node_modules\\@redis\\client\\dist\\lib\\client\\socket.js:250:33)\n    at Object.onceWrapper (node:events:623:26)\n    at Socket.emit (node:events:508:28)\n    at TCP.<anonymous> (node:net:346:12)","timestamp":"2026-05-26 20:04:55"}
{"level":"info","message":"🚀 Connected to Redis","service":"visual-whiteboard-api","timestamp":"2026-05-26 20:04:56"}
{"level":"error","message":"Redis Client Error Socket closed unexpectedly","service":"visual-whiteboard-api","stack":"Error: Socket closed unexpectedly\n    at Socket.<anonymous> (D:\\Dhanush\\javaScriptNode\\rove\\backend\\node_modules\\@redis\\client\\dist\\lib\\client\\socket.js:250:33)\n    at Object.onceWrapper (node:events:623:26)\n    at Socket.emit (node:events:508:28)\n    at TCP.<anonymous> (node:net:346:12)","timestamp":"2026-05-26 20:04:56"}
{"level":"info","message":"🚀 Connected to Redis","service":"visual-whiteboard-api","timestamp":"2026-05-26 20:04:56"}
{"level":"error","message":"Redis Client Error Socket closed unexpectedly","service":"visual-whiteboard-api","stack":"Error: Socket closed unexpectedly\n    at Socket.<anonymous> (D:\\Dhanush\\javaScriptNode\\rove\\backend\\node_modules\\@redis\\client\\dist\\lib\\client\\socket.js:250:33)\n    at Object.onceWrapper (node:events:623:26)\n    at Socket.emit (node:events:508:28)\n    at TCP.<anonymous> (node:net:346:12)","timestamp":"2026-05-26 20:04:56"}
{"level":"info","message":"🚀 Connected to Redis","service":"visual-whiteboard-api","timestamp":"2026-05-26 20:04:57"}
{"code":"ECONNRESET","errno":-4077,"level":"error","message":"Redis Client Error read ECONNRESET","service":"visual-whiteboard-api","stack":"Error: read ECONNRESET\n    at TCP.onStreamRead (node:internal/stream_base_commons:216:20)","syscall":"read","timestamp":"2026-05-26 20:07:10"}
{"code":"ECONNREFUSED","level":"error","message":"Redis Client Error","service":"visual-whiteboard-api","stack":"AggregateError [ECONNREFUSED]: \n    at internalConnectMultiple (node:net:1142:49)\n    at afterConnectMultiple (node:net:1723:7)","timestamp":"2026-05-26 20:07:12"}
{"code":"ECONNREFUSED","level":"error","message":"Redis Client Error","service":"visual-whiteboard-api","stack":"AggregateError [ECONNREFUSED]: \n    at internalConnectMultiple (node:net:1142:49)\n    at afterConnectMultiple (node:net:1723:7)","timestamp":"2026-05-26 20:07:14"}
{"code":"ECONNREFUSED","level":"error","message":"Redis Client Error","service":"visual-whiteboard-api","stack":"AggregateError [ECONNREFUSED]: \n    at internalConnectMultiple (node:net:1142:49)\n    at afterConnectMultiple (node:net:1723:7)","timestamp":"2026-05-26 20:07:16"}
{"code":"ECONNREFUSED","level":"error","message":"Redis Client Error","service":"visual-whiteboard-api","stack":"AggregateError [ECONNREFUSED]: \n    at internalConnectMultiple (node:net:1142:49)\n    at afterConnectMultiple (node:net:1723:7)","timestamp":"2026-05-26 20:07:18"}
{"code":"ECONNREFUSED","level":"error","message":"Redis Client Error","service":"visual-whiteboard-api","stack":"AggregateError [ECONNREFUSED]: \n    at internalConnectMultiple (node:net:1142:49)\n    at afterConnectMultiple (node:net:1723:7)","timestamp":"2026-05-26 20:07:20"}
{"code":"ECONNREFUSED","level":"error","message":"Redis Client Error","service":"visual-whiteboard-api","stack":"AggregateError [ECONNREFUSED]: \n    at internalConnectMultiple (node:net:1142:49)\n    at afterConnectMultiple (node:net:1723:7)","timestamp":"2026-05-26 20:07:22"}
{"code":"ECONNREFUSED","level":"error","message":"Redis Client Error","service":"visual-whiteboard-api","stack":"AggregateError [ECONNREFUSED]: \n    at internalConnectMultiple (node:net:1142:49)\n    at afterConnectMultiple (node:net:1723:7)","timestamp":"2026-05-26 20:07:24"}
{"code":"ECONNREFUSED","level":"error","message":"Redis Client Error","service":"visual-whiteboard-api","stack":"AggregateError [ECONNREFUSED]: \n    at internalConnectMultiple (node:net:1142:49)\n    at afterConnectMultiple (node:net:1723:7)","timestamp":"2026-05-26 20:07:27"}
{"code":"ECONNREFUSED","level":"error","message":"Redis Client Error","service":"visual-whiteboard-api","stack":"AggregateError [ECONNREFUSED]: \n    at internalConnectMultiple (node:net:1142:49)\n    at afterConnectMultiple (node:net:1723:7)","timestamp":"2026-05-26 20:07:29"}
{"code":"ECONNREFUSED","level":"error","message":"Redis Client Error","service":"visual-whiteboard-api","stack":"AggregateError [ECONNREFUSED]: \n    at internalConnectMultiple (node:net:1142:49)\n    at afterConnectMultiple (node:net:1723:7)","timestamp":"2026-05-26 20:07:31"}
{"code":"ECONNREFUSED","level":"error","message":"Redis Client Error","service":"visual-whiteboard-api","stack":"AggregateError [ECONNREFUSED]: \n    at internalConnectMultiple (node:net:1142:49)\n    at afterConnectMultiple (node:net:1723:7)","timestamp":"2026-05-26 20:07:33"}
{"code":"ECONNREFUSED","level":"error","message":"Redis Client Error","service":"visual-whiteboard-api","stack":"AggregateError [ECONNREFUSED]: \n    at internalConnectMultiple (node:net:1142:49)\n    at afterConnectMultiple (node:net:1723:7)","timestamp":"2026-05-26 20:07:35"}
{"code":"ECONNREFUSED","level":"error","message":"Redis Client Error","service":"visual-whiteboard-api","stack":"AggregateError [ECONNREFUSED]: \n    at internalConnectMultiple (node:net:1142:49)\n    at afterConnectMultiple (node:net:1723:7)","timestamp":"2026-05-26 20:07:37"}
{"code":"ECONNREFUSED","level":"error","message":"Redis Client Error","service":"visual-whiteboard-api","stack":"AggregateError [ECONNREFUSED]: \n    at internalConnectMultiple (node:net:1142:49)\n    at afterConnectMultiple (node:net:1723:7)","timestamp":"2026-05-26 20:07:39"}
{"code":"ECONNREFUSED","level":"error","message":"Redis Client Error","service":"visual-whiteboard-api","stack":"AggregateError [ECONNREFUSED]: \n    at internalConnectMultiple (node:net:1142:49)\n    at afterConnectMultiple (node:net:1723:7)","timestamp":"2026-05-26 20:07:41"}
{"code":"ECONNREFUSED","level":"error","message":"Redis Client Error","service":"visual-whiteboard-api","stack":"AggregateError [ECONNREFUSED]: \n    at internalConnectMultiple (node:net:1142:49)\n    at afterConnectMultiple (node:net:1723:7)","timestamp":"2026-05-26 20:07:44"}
{"code":"ECONNREFUSED","level":"error","message":"Redis Client Error","service":"visual-whiteboard-api","stack":"AggregateError [ECONNREFUSED]: \n    at internalConnectMultiple (node:net:1142:49)\n    at afterConnectMultiple (node:net:1723:7)","timestamp":"2026-05-26 20:07:46"}
{"code":"ECONNREFUSED","level":"error","message":"Redis Client Error","service":"visual-whiteboard-api","stack":"AggregateError [ECONNREFUSED]: \n    at internalConnectMultiple (node:net:1142:49)\n    at afterConnectMultiple (node:net:1723:7)","timestamp":"2026-05-26 20:07:48"}
{"code":"ECONNREFUSED","level":"error","message":"Redis Client Error","service":"visual-whiteboard-api","stack":"AggregateError [ECONNREFUSED]: \n    at internalConnectMultiple (node:net:1142:49)\n    at afterConnectMultiple (node:net:1723:7)","timestamp":"2026-05-26 20:07:50"}
{"code":"ECONNREFUSED","level":"error","message":"Redis Client Error","service":"visual-whiteboard-api","stack":"AggregateError [ECONNREFUSED]: \n    at internalConnectMultiple (node:net:1142:49)\n    at afterConnectMultiple (node:net:1723:7)","timestamp":"2026-05-26 20:07:52"}
{"code":"ECONNREFUSED","level":"error","message":"Redis Client Error","service":"visual-whiteboard-api","stack":"AggregateError [ECONNREFUSED]: \n    at internalConnectMultiple (node:net:1142:49)\n    at afterConnectMultiple (node:net:1723:7)","timestamp":"2026-05-26 20:07:54"}
{"code":"ECONNREFUSED","level":"error","message":"Redis Client Error","service":"visual-whiteboard-api","stack":"AggregateError [ECONNREFUSED]: \n    at internalConnectMultiple (node:net:1142:49)\n    at afterConnectMultiple (node:net:1723:7)","timestamp":"2026-05-26 20:07:56"}
{"code":"ECONNREFUSED","level":"error","message":"Redis Client Error","service":"visual-whiteboard-api","stack":"AggregateError [ECONNREFUSED]: \n    at internalConnectMultiple (node:net:1142:49)\n    at afterConnectMultiple (node:net:1723:7)","timestamp":"2026-05-26 20:07:58"}
{"code":"ECONNREFUSED","level":"error","message":"Redis Client Error","service":"visual-whiteboard-api","stack":"AggregateError [ECONNREFUSED]: \n    at internalConnectMultiple (node:net:1142:49)\n    at afterConnectMultiple (node:net:1723:7)","timestamp":"2026-05-26 20:08:00"}
{"code":"ECONNREFUSED","level":"error","message":"Redis Client Error","service":"visual-whiteboard-api","stack":"AggregateError [ECONNREFUSED]: \n    at internalConnectMultiple (node:net:1142:49)\n    at afterConnectMultiple (node:net:1723:7)","timestamp":"2026-05-26 20:08:03"}
{"code":"ECONNREFUSED","level":"error","message":"Redis Client Error","service":"visual-whiteboard-api","stack":"AggregateError [ECONNREFUSED]: \n    at internalConnectMultiple (node:net:1142:49)\n    at afterConnectMultiple (node:net:1723:7)","timestamp":"2026-05-26 20:08:05"}
{"code":"ECONNREFUSED","level":"error","message":"Redis Client Error","service":"visual-whiteboard-api","stack":"AggregateError [ECONNREFUSED]: \n    at internalConnectMultiple (node:net:1142:49)\n    at afterConnectMultiple (node:net:1723:7)","timestamp":"2026-05-26 20:08:07"}
{"code":"ECONNREFUSED","level":"error","message":"Redis Client Error","service":"visual-whiteboard-api","stack":"AggregateError [ECONNREFUSED]: \n    at internalConnectMultiple (node:net:1142:49)\n    at afterConnectMultiple (node:net:1723:7)","timestamp":"2026-05-26 20:08:09"}
{"code":"ECONNREFUSED","level":"error","message":"Redis Client Error","service":"visual-whiteboard-api","stack":"AggregateError [ECONNREFUSED]: \n    at internalConnectMultiple (node:net:1142:49)\n    at afterConnectMultiple (node:net:1723:7)","timestamp":"2026-05-26 20:08:11"}
{"code":"ECONNREFUSED","level":"error","message":"Redis Client Error","service":"visual-whiteboard-api","stack":"AggregateError [ECONNREFUSED]: \n    at internalConnectMultiple (node:net:1142:49)\n    at afterConnectMultiple (node:net:1723:7)","timestamp":"2026-05-26 20:08:13"}
{"code":"ECONNREFUSED","level":"error","message":"Redis Client Error","service":"visual-whiteboard-api","stack":"AggregateError [ECONNREFUSED]: \n    at internalConnectMultiple (node:net:1142:49)\n    at afterConnectMultiple (node:net:1723:7)","timestamp":"2026-05-26 20:08:15"}
{"code":"ECONNREFUSED","level":"error","message":"Redis Client Error","service":"visual-whiteboard-api","stack":"AggregateError [ECONNREFUSED]: \n    at internalConnectMultiple (node:net:1142:49)\n    at afterConnectMultiple (node:net:1723:7)","timestamp":"2026-05-26 20:08:17"}
{"code":"ECONNREFUSED","level":"error","message":"Redis Client Error","service":"visual-whiteboard-api","stack":"AggregateError [ECONNREFUSED]: \n    at internalConnectMultiple (node:net:1142:49)\n    at afterConnectMultiple (node:net:1723:7)","timestamp":"2026-05-26 20:08:19"}
{"code":"ECONNREFUSED","level":"error","message":"Redis Client Error","service":"visual-whiteboard-api","stack":"AggregateError [ECONNREFUSED]: \n    at internalConnectMultiple (node:net:1142:49)\n    at afterConnectMultiple (node:net:1723:7)","timestamp":"2026-05-26 20:08:21"}
{"level":"info","message":"🚀 Connected to Redis","service":"visual-whiteboard-api","timestamp":"2026-05-26 20:08:24"}
{"level":"info","message":"Graceful shutdown initiated...","service":"visual-whiteboard-api","timestamp":"2026-05-26 20:08:38"}
{"level":"info","message":"Connected to MongoDB","service":"visual-whiteboard-api","timestamp":"2026-05-26 20:08:41"}
{"level":"info","message":"🚀 Connected to Redis","service":"visual-whiteboard-api","timestamp":"2026-05-26 20:08:41"}
{"level":"info","message":"Server running in development mode on port 5000","service":"visual-whiteboard-api","timestamp":"2026-05-26 20:08:41"}
{"level":"info","message":"🚀 Socket.io Redis Adapter configured","service":"visual-whiteboard-api","timestamp":"2026-05-26 20:08:41"}
{"level":"info","message":"🚀 Kafka Event Sourcing Service online. Producer and Consumer connected.","service":"visual-whiteboard-api","timestamp":"2026-05-26 20:08:41"}
{"level":"error","message":"Kafka initialization failure: This server does not host this topic-partition","service":"visual-whiteboard-api","timestamp":"2026-05-26 20:08:41"}
{"level":"info","message":"Connected to MongoDB","service":"visual-whiteboard-api","timestamp":"2026-05-26 20:09:35"}
{"level":"info","message":"🚀 Connected to Redis","service":"visual-whiteboard-api","timestamp":"2026-05-26 20:09:35"}
{"level":"info","message":"Server running in development mode on port 5000","service":"visual-whiteboard-api","timestamp":"2026-05-26 20:09:35"}
{"level":"info","message":"🚀 Socket.io Redis Adapter configured","service":"visual-whiteboard-api","timestamp":"2026-05-26 20:09:35"}
{"level":"info","message":"🚀 Kafka Event Sourcing Service online. Producer and Consumer connected.","service":"visual-whiteboard-api","timestamp":"2026-05-26 20:09:35"}
{"level":"info","message":"::1 - - [26/May/2026:14:40:41 +0000] \"GET /api/v1/health HTTP/1.1\" 200 86 \"http://localhost:5173/\" \"Mozilla/5.0 (Windows NT 10.0; Win64; x64) AppleWebKit/537.36 (KHTML, like Gecko) Chrome/148.0.0.0 Safari/537.36\"","service":"visual-whiteboard-api","timestamp":"2026-05-26 20:10:41"}
{"level":"info","message":"::1 - - [26/May/2026:14:40:41 +0000] \"GET /api/v1/health HTTP/1.1\" 200 86 \"http://localhost:5173/\" \"Mozilla/5.0 (Windows NT 10.0; Win64; x64) AppleWebKit/537.36 (KHTML, like Gecko) Chrome/148.0.0.0 Safari/537.36\"","service":"visual-whiteboard-api","timestamp":"2026-05-26 20:10:41"}
{"level":"info","message":"::1 - - [26/May/2026:14:40:47 +0000] \"GET /api/v1/health HTTP/1.1\" 200 86 \"http://localhost:5173/\" \"Mozilla/5.0 (Windows NT 10.0; Win64; x64) AppleWebKit/537.36 (KHTML, like Gecko) Chrome/148.0.0.0 Safari/537.36\"","service":"visual-whiteboard-api","timestamp":"2026-05-26 20:10:47"}
{"level":"error","message":"Authentication error: jwt expired","service":"visual-whiteboard-api","timestamp":"2026-05-26 20:10:47"}
{"level":"info","message":"::1 - - [26/May/2026:14:40:47 +0000] \"GET /api/v1/whiteboards HTTP/1.1\" 401 81 \"http://localhost:5173/\" \"Mozilla/5.0 (Windows NT 10.0; Win64; x64) AppleWebKit/537.36 (KHTML, like Gecko) Chrome/148.0.0.0 Safari/537.36\"","service":"visual-whiteboard-api","timestamp":"2026-05-26 20:10:47"}
{"level":"error","message":"Authentication error: jwt expired","service":"visual-whiteboard-api","timestamp":"2026-05-26 20:10:47"}
{"level":"info","message":"::1 - - [26/May/2026:14:40:47 +0000] \"GET /api/v1/whiteboards/invitations HTTP/1.1\" 401 81 \"http://localhost:5173/\" \"Mozilla/5.0 (Windows NT 10.0; Win64; x64) AppleWebKit/537.36 (KHTML, like Gecko) Chrome/148.0.0.0 Safari/537.36\"","service":"visual-whiteboard-api","timestamp":"2026-05-26 20:10:47"}
{"level":"error","message":"Authentication error: jwt expired","service":"visual-whiteboard-api","timestamp":"2026-05-26 20:10:47"}
{"level":"info","message":"::1 - - [26/May/2026:14:40:47 +0000] \"GET /api/v1/whiteboards HTTP/1.1\" 401 81 \"http://localhost:5173/\" \"Mozilla/5.0 (Windows NT 10.0; Win64; x64) AppleWebKit/537.36 (KHTML, like Gecko) Chrome/148.0.0.0 Safari/537.36\"","service":"visual-whiteboard-api","timestamp":"2026-05-26 20:10:47"}
{"level":"error","message":"Authentication error: jwt expired","service":"visual-whiteboard-api","timestamp":"2026-05-26 20:10:47"}
{"level":"info","message":"::1 - - [26/May/2026:14:40:47 +0000] \"GET /api/v1/whiteboards/invitations HTTP/1.1\" 401 81 \"http://localhost:5173/\" \"Mozilla/5.0 (Windows NT 10.0; Win64; x64) AppleWebKit/537.36 (KHTML, like Gecko) Chrome/148.0.0.0 Safari/537.36\"","service":"visual-whiteboard-api","timestamp":"2026-05-26 20:10:47"}
{"level":"info","message":"::1 - - [26/May/2026:14:40:55 +0000] \"POST /api/v1/auth/login HTTP/1.1\" 401 55 \"http://localhost:5173/\" \"Mozilla/5.0 (Windows NT 10.0; Win64; x64) AppleWebKit/537.36 (KHTML, like Gecko) Chrome/148.0.0.0 Safari/537.36\"","service":"visual-whiteboard-api","timestamp":"2026-05-26 20:10:55"}
{"level":"info","message":"::1 - - [26/May/2026:14:40:57 +0000] \"POST /api/v1/auth/login HTTP/1.1\" 200 392 \"http://localhost:5173/\" \"Mozilla/5.0 (Windows NT 10.0; Win64; x64) AppleWebKit/537.36 (KHTML, like Gecko) Chrome/148.0.0.0 Safari/537.36\"","service":"visual-whiteboard-api","timestamp":"2026-05-26 20:10:57"}
{"level":"info","message":"::1 - - [26/May/2026:14:40:57 +0000] \"GET /api/v1/whiteboards HTTP/1.1\" 304 - \"http://localhost:5173/\" \"Mozilla/5.0 (Windows NT 10.0; Win64; x64) AppleWebKit/537.36 (KHTML, like Gecko) Chrome/148.0.0.0 Safari/537.36\"","service":"visual-whiteboard-api","timestamp":"2026-05-26 20:10:57"}
{"level":"info","message":"::1 - - [26/May/2026:14:40:57 +0000] \"GET /api/v1/whiteboards/invitations HTTP/1.1\" 304 - \"http://localhost:5173/\" \"Mozilla/5.0 (Windows NT 10.0; Win64; x64) AppleWebKit/537.36 (KHTML, like Gecko) Chrome/148.0.0.0 Safari/537.36\"","service":"visual-whiteboard-api","timestamp":"2026-05-26 20:10:57"}
{"level":"info","message":"::1 - - [26/May/2026:14:40:57 +0000] \"GET /api/v1/whiteboards HTTP/1.1\" 304 - \"http://localhost:5173/\" \"Mozilla/5.0 (Windows NT 10.0; Win64; x64) AppleWebKit/537.36 (KHTML, like Gecko) Chrome/148.0.0.0 Safari/537.36\"","service":"visual-whiteboard-api","timestamp":"2026-05-26 20:10:57"}
{"level":"info","message":"::1 - - [26/May/2026:14:40:57 +0000] \"GET /api/v1/whiteboards/invitations HTTP/1.1\" 304 - \"http://localhost:5173/\" \"Mozilla/5.0 (Windows NT 10.0; Win64; x64) AppleWebKit/537.36 (KHTML, like Gecko) Chrome/148.0.0.0 Safari/537.36\"","service":"visual-whiteboard-api","timestamp":"2026-05-26 20:10:57"}
{"level":"info","message":"::1 - - [26/May/2026:14:40:58 +0000] \"GET /api/v1/whiteboards/6a06e877af1816f5fe51d5e5 HTTP/1.1\" 304 - \"http://localhost:5173/\" \"Mozilla/5.0 (Windows NT 10.0; Win64; x64) AppleWebKit/537.36 (KHTML, like Gecko) Chrome/148.0.0.0 Safari/537.36\"","service":"visual-whiteboard-api","timestamp":"2026-05-26 20:10:58"}
{"level":"info","message":"⚡ Socket connected: KJ8DSPer4EwDsHP1AAAC (User: a@a.com)","service":"visual-whiteboard-api","timestamp":"2026-05-26 20:10:58"}
{"level":"info","message":"User a@a.com joined room whiteboard:6a06e877af1816f5fe51d5e5","service":"visual-whiteboard-api","timestamp":"2026-05-26 20:10:58"}
{"level":"info","message":"::1 - - [26/May/2026:14:41:00 +0000] \"GET /api/v1/media/proxy/4e99bd7b7f1c9b556a59cc6e6cb3f620?token=eyJhbGciOiJIUzI1NiIsInR5cCI6IkpXVCJ9.eyJpZCI6IjZhMDVjOGEwZDk0ZjkxZmFiMTI4NGM0NyIsImlhdCI6MTc3OTgwNjQ1NywiZXhwIjoxNzc5ODA3MzU3fQ.G-7TXtECWM7C5xI97FWWrG4aDWfHN_5BjtDXEUNpnZs HTTP/1.1\" 200 - \"http://localhost:5173/\" \"Mozilla/5.0 (Windows NT 10.0; Win64; x64) AppleWebKit/537.36 (KHTML, like Gecko) Chrome/148.0.0.0 Safari/537.36\"","service":"visual-whiteboard-api","timestamp":"2026-05-26 20:11:00"}
{"level":"info","message":"::1 - - [26/May/2026:14:41:08 +0000] \"GET /api/v1/health HTTP/1.1\" 200 86 \"http://localhost:5173/\" \"Mozilla/5.0 (Windows NT 10.0; Win64; x64) AppleWebKit/537.36 (KHTML, like Gecko) Chrome/148.0.0.0 Safari/537.36\"","service":"visual-whiteboard-api","timestamp":"2026-05-26 20:11:08"}
{"level":"info","message":"::1 - - [26/May/2026:14:41:08 +0000] \"GET /api/v1/health HTTP/1.1\" 200 86 \"http://localhost:5173/\" \"Mozilla/5.0 (Windows NT 10.0; Win64; x64) AppleWebKit/537.36 (KHTML, like Gecko) Chrome/148.0.0.0 Safari/537.36\"","service":"visual-whiteboard-api","timestamp":"2026-05-26 20:11:08"}
{"level":"info","message":"::1 - - [26/May/2026:14:44:01 +0000] \"GET /api/v1/health HTTP/1.1\" 200 86 \"http://localhost:5173/\" \"Mozilla/5.0 (Windows NT 10.0; Win64; x64) AppleWebKit/537.36 (KHTML, like Gecko) Chrome/148.0.0.0 Safari/537.36\"","service":"visual-whiteboard-api","timestamp":"2026-05-26 20:14:01"}
{"level":"error","message":"Authentication error: jwt expired","service":"visual-whiteboard-api","timestamp":"2026-05-26 20:14:01"}
{"level":"info","message":"::1 - - [26/May/2026:14:44:01 +0000] \"GET /api/v1/whiteboards HTTP/1.1\" 401 81 \"http://localhost:5173/\" \"Mozilla/5.0 (Windows NT 10.0; Win64; x64) AppleWebKit/537.36 (KHTML, like Gecko) Chrome/148.0.0.0 Safari/537.36\"","service":"visual-whiteboard-api","timestamp":"2026-05-26 20:14:01"}
{"level":"error","message":"Authentication error: jwt expired","service":"visual-whiteboard-api","timestamp":"2026-05-26 20:14:01"}
{"level":"info","message":"::1 - - [26/May/2026:14:44:01 +0000] \"GET /api/v1/whiteboards/invitations HTTP/1.1\" 401 81 \"http://localhost:5173/\" \"Mozilla/5.0 (Windows NT 10.0; Win64; x64) AppleWebKit/537.36 (KHTML, like Gecko) Chrome/148.0.0.0 Safari/537.36\"","service":"visual-whiteboard-api","timestamp":"2026-05-26 20:14:01"}
{"level":"error","message":"Authentication error: jwt expired","service":"visual-whiteboard-api","timestamp":"2026-05-26 20:14:01"}
{"level":"info","message":"::1 - - [26/May/2026:14:44:01 +0000] \"GET /api/v1/whiteboards HTTP/1.1\" 401 81 \"http://localhost:5173/\" \"Mozilla/5.0 (Windows NT 10.0; Win64; x64) AppleWebKit/537.36 (KHTML, like Gecko) Chrome/148.0.0.0 Safari/537.36\"","service":"visual-whiteboard-api","timestamp":"2026-05-26 20:14:01"}
{"level":"error","message":"Authentication error: jwt expired","service":"visual-whiteboard-api","timestamp":"2026-05-26 20:14:01"}
{"level":"info","message":"::1 - - [26/May/2026:14:44:01 +0000] \"GET /api/v1/whiteboards/invitations HTTP/1.1\" 401 81 \"http://localhost:5173/\" \"Mozilla/5.0 (Windows NT 10.0; Win64; x64) AppleWebKit/537.36 (KHTML, like Gecko) Chrome/148.0.0.0 Safari/537.36\"","service":"visual-whiteboard-api","timestamp":"2026-05-26 20:14:01"}
{"level":"info","message":"::1 - - [26/May/2026:14:44:14 +0000] \"POST /api/v1/auth/login HTTP/1.1\" 200 393 \"http://localhost:5173/\" \"Mozilla/5.0 (Windows NT 10.0; Win64; x64) AppleWebKit/537.36 (KHTML, like Gecko) Chrome/148.0.0.0 Safari/537.36\"","service":"visual-whiteboard-api","timestamp":"2026-05-26 20:14:14"}
{"level":"info","message":"::1 - - [26/May/2026:14:44:14 +0000] \"GET /api/v1/whiteboards HTTP/1.1\" 200 1360 \"http://localhost:5173/\" \"Mozilla/5.0 (Windows NT 10.0; Win64; x64) AppleWebKit/537.36 (KHTML, like Gecko) Chrome/148.0.0.0 Safari/537.36\"","service":"visual-whiteboard-api","timestamp":"2026-05-26 20:14:14"}
{"level":"info","message":"::1 - - [26/May/2026:14:44:14 +0000] \"GET /api/v1/whiteboards/invitations HTTP/1.1\" 304 - \"http://localhost:5173/\" \"Mozilla/5.0 (Windows NT 10.0; Win64; x64) AppleWebKit/537.36 (KHTML, like Gecko) Chrome/148.0.0.0 Safari/537.36\"","service":"visual-whiteboard-api","timestamp":"2026-05-26 20:14:14"}
{"level":"info","message":"::1 - - [26/May/2026:14:44:14 +0000] \"GET /api/v1/whiteboards HTTP/1.1\" 304 - \"http://localhost:5173/\" \"Mozilla/5.0 (Windows NT 10.0; Win64; x64) AppleWebKit/537.36 (KHTML, like Gecko) Chrome/148.0.0.0 Safari/537.36\"","service":"visual-whiteboard-api","timestamp":"2026-05-26 20:14:14"}
{"level":"info","message":"::1 - - [26/May/2026:14:44:14 +0000] \"GET /api/v1/whiteboards/invitations HTTP/1.1\" 304 - \"http://localhost:5173/\" \"Mozilla/5.0 (Windows NT 10.0; Win64; x64) AppleWebKit/537.36 (KHTML, like Gecko) Chrome/148.0.0.0 Safari/537.36\"","service":"visual-whiteboard-api","timestamp":"2026-05-26 20:14:14"}
{"level":"info","message":"::1 - - [26/May/2026:14:44:16 +0000] \"GET /api/v1/whiteboards/6a06e877af1816f5fe51d5e5 HTTP/1.1\" 304 - \"http://localhost:5173/\" \"Mozilla/5.0 (Windows NT 10.0; Win64; x64) AppleWebKit/537.36 (KHTML, like Gecko) Chrome/148.0.0.0 Safari/537.36\"","service":"visual-whiteboard-api","timestamp":"2026-05-26 20:14:16"}
{"level":"info","message":"⚡ Socket connected: 7OjESMfbN_dG9k9uAAAF (User: b@b.com)","service":"visual-whiteboard-api","timestamp":"2026-05-26 20:14:16"}
{"level":"info","message":"User b@b.com joined room whiteboard:6a06e877af1816f5fe51d5e5","service":"visual-whiteboard-api","timestamp":"2026-05-26 20:14:16"}
{"level":"info","message":"::1 - - [26/May/2026:14:44:18 +0000] \"GET /api/v1/media/proxy/4e99bd7b7f1c9b556a59cc6e6cb3f620?token=eyJhbGciOiJIUzI1NiIsInR5cCI6IkpXVCJ9.eyJpZCI6IjZhMTU5M2E0MmJjYTNlZDgyZWEyYjQ2ZiIsImlhdCI6MTc3OTgwNjY1NCwiZXhwIjoxNzc5ODA3NTU0fQ.E9vD4eG11gYPTP9Fte8s-UQyv4stpUDU5XYhdK5bHS8 HTTP/1.1\" 200 - \"http://localhost:5173/\" \"Mozilla/5.0 (Windows NT 10.0; Win64; x64) AppleWebKit/537.36 (KHTML, like Gecko) Chrome/148.0.0.0 Safari/537.36\"","service":"visual-whiteboard-api","timestamp":"2026-05-26 20:14:18"}
{"level":"error","message":"Error executing consumed Kafka event: CanvasCommand validation failed: objectId: Path `objectId` is required.","service":"visual-whiteboard-api","timestamp":"2026-05-26 20:14:28"}
{"level":"info","message":"::1 - - [26/May/2026:14:44:34 +0000] \"PUT /api/v1/whiteboards/6a06e877af1816f5fe51d5e5/canvas HTTP/1.1\" 200 58 \"http://localhost:5173/\" \"Mozilla/5.0 (Windows NT 10.0; Win64; x64) AppleWebKit/537.36 (KHTML, like Gecko) Chrome/148.0.0.0 Safari/537.36\"","service":"visual-whiteboard-api","timestamp":"2026-05-26 20:14:34"}
{"level":"error","message":"Error executing consumed Kafka event: CanvasCommand validation failed: objectId: Path `objectId` is required.","service":"visual-whiteboard-api","timestamp":"2026-05-26 20:14:38"}
{"level":"info","message":"User a@a.com left room whiteboard:6a06e877af1816f5fe51d5e5","service":"visual-whiteboard-api","timestamp":"2026-05-26 20:14:40"}
{"level":"info","message":"::1 - - [26/May/2026:14:44:40 +0000] \"GET /api/v1/whiteboards/6a06e877af1816f5fe51d5e5 HTTP/1.1\" 200 18686 \"http://localhost:5173/\" \"Mozilla/5.0 (Windows NT 10.0; Win64; x64) AppleWebKit/537.36 (KHTML, like Gecko) Chrome/148.0.0.0 Safari/537.36\"","service":"visual-whiteboard-api","timestamp":"2026-05-26 20:14:40"}
{"level":"info","message":"::1 - - [26/May/2026:14:44:40 +0000] \"GET /api/v1/whiteboards/6a06e877af1816f5fe51d5e5 HTTP/1.1\" 304 - \"http://localhost:5173/\" \"Mozilla/5.0 (Windows NT 10.0; Win64; x64) AppleWebKit/537.36 (KHTML, like Gecko) Chrome/148.0.0.0 Safari/537.36\"","service":"visual-whiteboard-api","timestamp":"2026-05-26 20:14:40"}
{"level":"info","message":"⚡ Socket connected: OevJMzgCKEIEsLBXAAAI (User: a@a.com)","service":"visual-whiteboard-api","timestamp":"2026-05-26 20:14:40"}
{"level":"info","message":"User a@a.com joined room whiteboard:6a06e877af1816f5fe51d5e5","service":"visual-whiteboard-api","timestamp":"2026-05-26 20:14:40"}
{"level":"info","message":"::1 - - [26/May/2026:14:44:41 +0000] \"GET /api/v1/media/proxy/4e99bd7b7f1c9b556a59cc6e6cb3f620?token=eyJhbGciOiJIUzI1NiIsInR5cCI6IkpXVCJ9.eyJpZCI6IjZhMDVjOGEwZDk0ZjkxZmFiMTI4NGM0NyIsImlhdCI6MTc3OTgwNjQ1NywiZXhwIjoxNzc5ODA3MzU3fQ.G-7TXtECWM7C5xI97FWWrG4aDWfHN_5BjtDXEUNpnZs HTTP/1.1\" 200 - \"http://localhost:5173/\" \"Mozilla/5.0 (Windows NT 10.0; Win64; x64) AppleWebKit/537.36 (KHTML, like Gecko) Chrome/148.0.0.0 Safari/537.36\"","service":"visual-whiteboard-api","timestamp":"2026-05-26 20:14:41"}
{"level":"error","message":"Error executing consumed Kafka event: CanvasCommand validation failed: objectId: Path `objectId` is required.","service":"visual-whiteboard-api","timestamp":"2026-05-26 20:14:51"}
{"level":"info","message":"::1 - - [26/May/2026:14:44:53 +0000] \"PUT /api/v1/whiteboards/6a06e877af1816f5fe51d5e5/canvas HTTP/1.1\" 200 58 \"http://localhost:5173/\" \"Mozilla/5.0 (Windows NT 10.0; Win64; x64) AppleWebKit/537.36 (KHTML, like Gecko) Chrome/148.0.0.0 Safari/537.36\"","service":"visual-whiteboard-api","timestamp":"2026-05-26 20:14:53"}
{"level":"error","message":"Error executing consumed Kafka event: CanvasCommand validation failed: objectId: Path `objectId` is required.","service":"visual-whiteboard-api","timestamp":"2026-05-26 20:14:55"}
{"level":"info","message":"::1 - - [26/May/2026:14:44:57 +0000] \"PUT /api/v1/whiteboards/6a06e877af1816f5fe51d5e5/canvas HTTP/1.1\" 200 58 \"http://localhost:5173/\" \"Mozilla/5.0 (Windows NT 10.0; Win64; x64) AppleWebKit/537.36 (KHTML, like Gecko) Chrome/148.0.0.0 Safari/537.36\"","service":"visual-whiteboard-api","timestamp":"2026-05-26 20:14:57"}
{"level":"info","message":"::1 - - [26/May/2026:14:44:57 +0000] \"PUT /api/v1/whiteboards/6a06e877af1816f5fe51d5e5/canvas HTTP/1.1\" 200 58 \"http://localhost:5173/\" \"Mozilla/5.0 (Windows NT 10.0; Win64; x64) AppleWebKit/537.36 (KHTML, like Gecko) Chrome/148.0.0.0 Safari/537.36\"","service":"visual-whiteboard-api","timestamp":"2026-05-26 20:14:57"}
{"level":"info","message":"::1 - - [26/May/2026:14:44:59 +0000] \"PUT /api/v1/whiteboards/6a06e877af1816f5fe51d5e5/canvas HTTP/1.1\" 200 58 \"http://localhost:5173/\" \"Mozilla/5.0 (Windows NT 10.0; Win64; x64) AppleWebKit/537.36 (KHTML, like Gecko) Chrome/148.0.0.0 Safari/537.36\"","service":"visual-whiteboard-api","timestamp":"2026-05-26 20:14:59"}
{"level":"info","message":"User a@a.com left room whiteboard:6a06e877af1816f5fe51d5e5","service":"visual-whiteboard-api","timestamp":"2026-05-26 20:15:02"}
{"level":"info","message":"::1 - - [26/May/2026:14:45:02 +0000] \"GET /api/v1/whiteboards/6a06e877af1816f5fe51d5e5 HTTP/1.1\" 200 18665 \"http://localhost:5173/\" \"Mozilla/5.0 (Windows NT 10.0; Win64; x64) AppleWebKit/537.36 (KHTML, like Gecko) Chrome/148.0.0.0 Safari/537.36\"","service":"visual-whiteboard-api","timestamp":"2026-05-26 20:15:02"}
{"level":"info","message":"::1 - - [26/May/2026:14:45:02 +0000] \"GET /api/v1/whiteboards/6a06e877af1816f5fe51d5e5 HTTP/1.1\" 304 - \"http://localhost:5173/\" \"Mozilla/5.0 (Windows NT 10.0; Win64; x64) AppleWebKit/537.36 (KHTML, like Gecko) Chrome/148.0.0.0 Safari/537.36\"","service":"visual-whiteboard-api","timestamp":"2026-05-26 20:15:02"}
{"level":"info","message":"⚡ Socket connected: 1c0gWxan2u1gLoklAAAL (User: a@a.com)","service":"visual-whiteboard-api","timestamp":"2026-05-26 20:15:02"}
{"level":"info","message":"User a@a.com joined room whiteboard:6a06e877af1816f5fe51d5e5","service":"visual-whiteboard-api","timestamp":"2026-05-26 20:15:02"}
{"level":"info","message":"User b@b.com left room whiteboard:6a06e877af1816f5fe51d5e5","service":"visual-whiteboard-api","timestamp":"2026-05-26 20:15:03"}
{"level":"info","message":"::1 - - [26/May/2026:14:45:04 +0000] \"GET /api/v1/whiteboards/6a06e877af1816f5fe51d5e5 HTTP/1.1\" 200 18665 \"http://localhost:5173/\" \"Mozilla/5.0 (Windows NT 10.0; Win64; x64) AppleWebKit/537.36 (KHTML, like Gecko) Chrome/148.0.0.0 Safari/537.36\"","service":"visual-whiteboard-api","timestamp":"2026-05-26 20:15:04"}
{"level":"info","message":"::1 - - [26/May/2026:14:45:04 +0000] \"GET /api/v1/whiteboards/6a06e877af1816f5fe51d5e5 HTTP/1.1\" 304 - \"http://localhost:5173/\" \"Mozilla/5.0 (Windows NT 10.0; Win64; x64) AppleWebKit/537.36 (KHTML, like Gecko) Chrome/148.0.0.0 Safari/537.36\"","service":"visual-whiteboard-api","timestamp":"2026-05-26 20:15:04"}
{"level":"info","message":"⚡ Socket connected: g2Sedhgd4APKpGSrAAAO (User: b@b.com)","service":"visual-whiteboard-api","timestamp":"2026-05-26 20:15:04"}
{"level":"info","message":"User b@b.com joined room whiteboard:6a06e877af1816f5fe51d5e5","service":"visual-whiteboard-api","timestamp":"2026-05-26 20:15:04"}
{"level":"info","message":"::1 - - [26/May/2026:14:45:04 +0000] \"GET /api/v1/media/proxy/4e99bd7b7f1c9b556a59cc6e6cb3f620?token=eyJhbGciOiJIUzI1NiIsInR5cCI6IkpXVCJ9.eyJpZCI6IjZhMDVjOGEwZDk0ZjkxZmFiMTI4NGM0NyIsImlhdCI6MTc3OTgwNjQ1NywiZXhwIjoxNzc5ODA3MzU3fQ.G-7TXtECWM7C5xI97FWWrG4aDWfHN_5BjtDXEUNpnZs HTTP/1.1\" 200 - \"http://localhost:5173/\" \"Mozilla/5.0 (Windows NT 10.0; Win64; x64) AppleWebKit/537.36 (KHTML, like Gecko) Chrome/148.0.0.0 Safari/537.36\"","service":"visual-whiteboard-api","timestamp":"2026-05-26 20:15:04"}
{"level":"info","message":"::1 - - [26/May/2026:14:45:05 +0000] \"GET /api/v1/media/proxy/4e99bd7b7f1c9b556a59cc6e6cb3f620?token=eyJhbGciOiJIUzI1NiIsInR5cCI6IkpXVCJ9.eyJpZCI6IjZhMTU5M2E0MmJjYTNlZDgyZWEyYjQ2ZiIsImlhdCI6MTc3OTgwNjY1NCwiZXhwIjoxNzc5ODA3NTU0fQ.E9vD4eG11gYPTP9Fte8s-UQyv4stpUDU5XYhdK5bHS8 HTTP/1.1\" 200 - \"http://localhost:5173/\" \"Mozilla/5.0 (Windows NT 10.0; Win64; x64) AppleWebKit/537.36 (KHTML, like Gecko) Chrome/148.0.0.0 Safari/537.36\"","service":"visual-whiteboard-api","timestamp":"2026-05-26 20:15:05"}
{"level":"error","message":"Error executing consumed Kafka event: CanvasCommand validation failed: objectId: Path `objectId` is required.","service":"visual-whiteboard-api","timestamp":"2026-05-26 20:15:14"}
{"level":"info","message":"::1 - - [26/May/2026:14:45:16 +0000] \"PUT /api/v1/whiteboards/6a06e877af1816f5fe51d5e5/canvas HTTP/1.1\" 200 58 \"http://localhost:5173/\" \"Mozilla/5.0 (Windows NT 10.0; Win64; x64) AppleWebKit/537.36 (KHTML, like Gecko) Chrome/148.0.0.0 Safari/537.36\"","service":"visual-whiteboard-api","timestamp":"2026-05-26 20:15:16"}
{"level":"error","message":"Error executing consumed Kafka event: CanvasCommand validation failed: objectId: Path `objectId` is required.","service":"visual-whiteboard-api","timestamp":"2026-05-26 20:15:19"}
{"level":"info","message":"::1 - - [26/May/2026:14:45:21 +0000] \"PUT /api/v1/whiteboards/6a06e877af1816f5fe51d5e5/canvas HTTP/1.1\" 200 58 \"http://localhost:5173/\" \"Mozilla/5.0 (Windows NT 10.0; Win64; x64) AppleWebKit/537.36 (KHTML, like Gecko) Chrome/148.0.0.0 Safari/537.36\"","service":"visual-whiteboard-api","timestamp":"2026-05-26 20:15:21"}
{"level":"error","message":"Error executing consumed Kafka event: CanvasCommand validation failed: objectId: Path `objectId` is required.","service":"visual-whiteboard-api","timestamp":"2026-05-26 20:21:10"}
{"level":"info","message":"::1 - - [26/May/2026:14:51:12 +0000] \"PUT /api/v1/whiteboards/6a06e877af1816f5fe51d5e5/canvas HTTP/1.1\" 200 58 \"http://localhost:5173/\" \"Mozilla/5.0 (Windows NT 10.0; Win64; x64) AppleWebKit/537.36 (KHTML, like Gecko) Chrome/148.0.0.0 Safari/537.36\"","service":"visual-whiteboard-api","timestamp":"2026-05-26 20:21:12"}
{"level":"error","message":"Error executing consumed Kafka event: CanvasCommand validation failed: objectId: Path `objectId` is required.","service":"visual-whiteboard-api","timestamp":"2026-05-26 20:21:16"}
{"level":"info","message":"::1 - - [26/May/2026:14:51:18 +0000] \"PUT /api/v1/whiteboards/6a06e877af1816f5fe51d5e5/canvas HTTP/1.1\" 200 58 \"http://localhost:5173/\" \"Mozilla/5.0 (Windows NT 10.0; Win64; x64) AppleWebKit/537.36 (KHTML, like Gecko) Chrome/148.0.0.0 Safari/537.36\"","service":"visual-whiteboard-api","timestamp":"2026-05-26 20:21:18"}
{"level":"info","message":"User a@a.com left room whiteboard:6a06e877af1816f5fe51d5e5","service":"visual-whiteboard-api","timestamp":"2026-05-26 20:21:19"}
{"level":"info","message":"::1 - - [26/May/2026:14:51:19 +0000] \"GET /api/v1/whiteboards/6a06e877af1816f5fe51d5e5 HTTP/1.1\" 200 18618 \"http://localhost:5173/\" \"Mozilla/5.0 (Windows NT 10.0; Win64; x64) AppleWebKit/537.36 (KHTML, like Gecko) Chrome/148.0.0.0 Safari/537.36\"","service":"visual-whiteboard-api","timestamp":"2026-05-26 20:21:19"}
{"level":"info","message":"::1 - - [26/May/2026:14:51:19 +0000] \"GET /api/v1/whiteboards/6a06e877af1816f5fe51d5e5 HTTP/1.1\" 304 - \"http://localhost:5173/\" \"Mozilla/5.0 (Windows NT 10.0; Win64; x64) AppleWebKit/537.36 (KHTML, like Gecko) Chrome/148.0.0.0 Safari/537.36\"","service":"visual-whiteboard-api","timestamp":"2026-05-26 20:21:19"}
{"level":"info","message":"⚡ Socket connected: A6P5BfbnuFJmCm3rAAAR (User: a@a.com)","service":"visual-whiteboard-api","timestamp":"2026-05-26 20:21:19"}
{"level":"info","message":"User a@a.com joined room whiteboard:6a06e877af1816f5fe51d5e5","service":"visual-whiteboard-api","timestamp":"2026-05-26 20:21:19"}
{"level":"error","message":"Error executing consumed Kafka event: CanvasCommand validation failed: objectId: Path `objectId` is required.","service":"visual-whiteboard-api","timestamp":"2026-05-26 20:21:21"}
{"level":"info","message":"User b@b.com left room whiteboard:6a06e877af1816f5fe51d5e5","service":"visual-whiteboard-api","timestamp":"2026-05-26 20:21:21"}
{"level":"info","message":"::1 - - [26/May/2026:14:51:21 +0000] \"GET /api/v1/whiteboards/6a06e877af1816f5fe51d5e5 HTTP/1.1\" 200 18618 \"http://localhost:5173/\" \"Mozilla/5.0 (Windows NT 10.0; Win64; x64) AppleWebKit/537.36 (KHTML, like Gecko) Chrome/148.0.0.0 Safari/537.36\"","service":"visual-whiteboard-api","timestamp":"2026-05-26 20:21:21"}
{"level":"info","message":"::1 - - [26/May/2026:14:51:21 +0000] \"GET /api/v1/whiteboards/6a06e877af1816f5fe51d5e5 HTTP/1.1\" 304 - \"http://localhost:5173/\" \"Mozilla/5.0 (Windows NT 10.0; Win64; x64) AppleWebKit/537.36 (KHTML, like Gecko) Chrome/148.0.0.0 Safari/537.36\"","service":"visual-whiteboard-api","timestamp":"2026-05-26 20:21:21"}
{"level":"info","message":"⚡ Socket connected: MM8PQxlhHti549-vAAAU (User: b@b.com)","service":"visual-whiteboard-api","timestamp":"2026-05-26 20:21:21"}
{"level":"info","message":"User b@b.com joined room whiteboard:6a06e877af1816f5fe51d5e5","service":"visual-whiteboard-api","timestamp":"2026-05-26 20:21:21"}
{"level":"info","message":"::1 - - [26/May/2026:14:51:21 +0000] \"GET /api/v1/media/proxy/4e99bd7b7f1c9b556a59cc6e6cb3f620?token=eyJhbGciOiJIUzI1NiIsInR5cCI6IkpXVCJ9.eyJpZCI6IjZhMDVjOGEwZDk0ZjkxZmFiMTI4NGM0NyIsImlhdCI6MTc3OTgwNjQ1NywiZXhwIjoxNzc5ODA3MzU3fQ.G-7TXtECWM7C5xI97FWWrG4aDWfHN_5BjtDXEUNpnZs HTTP/1.1\" 200 - \"http://localhost:5173/\" \"Mozilla/5.0 (Windows NT 10.0; Win64; x64) AppleWebKit/537.36 (KHTML, like Gecko) Chrome/148.0.0.0 Safari/537.36\"","service":"visual-whiteboard-api","timestamp":"2026-05-26 20:21:21"}
{"level":"info","message":"::1 - - [26/May/2026:14:51:24 +0000] \"GET /api/v1/media/proxy/4e99bd7b7f1c9b556a59cc6e6cb3f620?token=eyJhbGciOiJIUzI1NiIsInR5cCI6IkpXVCJ9.eyJpZCI6IjZhMTU5M2E0MmJjYTNlZDgyZWEyYjQ2ZiIsImlhdCI6MTc3OTgwNjY1NCwiZXhwIjoxNzc5ODA3NTU0fQ.E9vD4eG11gYPTP9Fte8s-UQyv4stpUDU5XYhdK5bHS8 HTTP/1.1\" 200 - \"http://localhost:5173/\" \"Mozilla/5.0 (Windows NT 10.0; Win64; x64) AppleWebKit/537.36 (KHTML, like Gecko) Chrome/148.0.0.0 Safari/537.36\"","service":"visual-whiteboard-api","timestamp":"2026-05-26 20:21:24"}
{"level":"error","message":"Error executing consumed Kafka event: CanvasCommand validation failed: objectId: Path `objectId` is required.","service":"visual-whiteboard-api","timestamp":"2026-05-26 20:21:31"}
{"level":"info","message":"::1 - - [26/May/2026:14:51:33 +0000] \"PUT /api/v1/whiteboards/6a06e877af1816f5fe51d5e5/canvas HTTP/1.1\" 200 58 \"http://localhost:5173/\" \"Mozilla/5.0 (Windows NT 10.0; Win64; x64) AppleWebKit/537.36 (KHTML, like Gecko) Chrome/148.0.0.0 Safari/537.36\"","service":"visual-whiteboard-api","timestamp":"2026-05-26 20:21:33"}
{"level":"error","message":"Error executing consumed Kafka event: CanvasCommand validation failed: objectId: Path `objectId` is required.","service":"visual-whiteboard-api","timestamp":"2026-05-26 20:21:35"}
{"level":"info","message":"User a@a.com left room whiteboard:6a06e877af1816f5fe51d5e5","service":"visual-whiteboard-api","timestamp":"2026-05-26 20:21:36"}
{"level":"info","message":"::1 - - [26/May/2026:14:51:36 +0000] \"GET /api/v1/whiteboards/6a06e877af1816f5fe51d5e5 HTTP/1.1\" 200 18696 \"http://localhost:5173/\" \"Mozilla/5.0 (Windows NT 10.0; Win64; x64) AppleWebKit/537.36 (KHTML, like Gecko) Chrome/148.0.0.0 Safari/537.36\"","service":"visual-whiteboard-api","timestamp":"2026-05-26 20:21:36"}
{"level":"info","message":"::1 - - [26/May/2026:14:51:36 +0000] \"GET /api/v1/whiteboards/6a06e877af1816f5fe51d5e5 HTTP/1.1\" 304 - \"http://localhost:5173/\" \"Mozilla/5.0 (Windows NT 10.0; Win64; x64) AppleWebKit/537.36 (KHTML, like Gecko) Chrome/148.0.0.0 Safari/537.36\"","service":"visual-whiteboard-api","timestamp":"2026-05-26 20:21:36"}
{"level":"info","message":"⚡ Socket connected: EGQamFjlAmpsgs53AAAX (User: a@a.com)","service":"visual-whiteboard-api","timestamp":"2026-05-26 20:21:36"}
{"level":"info","message":"User a@a.com joined room whiteboard:6a06e877af1816f5fe51d5e5","service":"visual-whiteboard-api","timestamp":"2026-05-26 20:21:36"}
{"level":"info","message":"User b@b.com left room whiteboard:6a06e877af1816f5fe51d5e5","service":"visual-whiteboard-api","timestamp":"2026-05-26 20:21:37"}
{"level":"info","message":"::1 - - [26/May/2026:14:51:38 +0000] \"GET /api/v1/whiteboards/6a06e877af1816f5fe51d5e5 HTTP/1.1\" 200 18696 \"http://localhost:5173/\" \"Mozilla/5.0 (Windows NT 10.0; Win64; x64) AppleWebKit/537.36 (KHTML, like Gecko) Chrome/148.0.0.0 Safari/537.36\"","service":"visual-whiteboard-api","timestamp":"2026-05-26 20:21:38"}
{"level":"info","message":"::1 - - [26/May/2026:14:51:38 +0000] \"GET /api/v1/whiteboards/6a06e877af1816f5fe51d5e5 HTTP/1.1\" 304 - \"http://localhost:5173/\" \"Mozilla/5.0 (Windows NT 10.0; Win64; x64) AppleWebKit/537.36 (KHTML, like Gecko) Chrome/148.0.0.0 Safari/537.36\"","service":"visual-whiteboard-api","timestamp":"2026-05-26 20:21:38"}
{"level":"info","message":"⚡ Socket connected: 9XXrmNru7nC-KjicAAAa (User: b@b.com)","service":"visual-whiteboard-api","timestamp":"2026-05-26 20:21:38"}
{"level":"info","message":"User b@b.com joined room whiteboard:6a06e877af1816f5fe51d5e5","service":"visual-whiteboard-api","timestamp":"2026-05-26 20:21:38"}
{"level":"info","message":"::1 - - [26/May/2026:14:51:39 +0000] \"GET /api/v1/media/proxy/4e99bd7b7f1c9b556a59cc6e6cb3f620?token=eyJhbGciOiJIUzI1NiIsInR5cCI6IkpXVCJ9.eyJpZCI6IjZhMDVjOGEwZDk0ZjkxZmFiMTI4NGM0NyIsImlhdCI6MTc3OTgwNjQ1NywiZXhwIjoxNzc5ODA3MzU3fQ.G-7TXtECWM7C5xI97FWWrG4aDWfHN_5BjtDXEUNpnZs HTTP/1.1\" 200 - \"http://localhost:5173/\" \"Mozilla/5.0 (Windows NT 10.0; Win64; x64) AppleWebKit/537.36 (KHTML, like Gecko) Chrome/148.0.0.0 Safari/537.36\"","service":"visual-whiteboard-api","timestamp":"2026-05-26 20:21:39"}
{"level":"info","message":"::1 - - [26/May/2026:14:51:40 +0000] \"GET /api/v1/media/proxy/4e99bd7b7f1c9b556a59cc6e6cb3f620?token=eyJhbGciOiJIUzI1NiIsInR5cCI6IkpXVCJ9.eyJpZCI6IjZhMTU5M2E0MmJjYTNlZDgyZWEyYjQ2ZiIsImlhdCI6MTc3OTgwNjY1NCwiZXhwIjoxNzc5ODA3NTU0fQ.E9vD4eG11gYPTP9Fte8s-UQyv4stpUDU5XYhdK5bHS8 HTTP/1.1\" 200 - \"http://localhost:5173/\" \"Mozilla/5.0 (Windows NT 10.0; Win64; x64) AppleWebKit/537.36 (KHTML, like Gecko) Chrome/148.0.0.0 Safari/537.36\"","service":"visual-whiteboard-api","timestamp":"2026-05-26 20:21:40"}
{"level":"error","message":"Error executing consumed Kafka event: CanvasCommand validation failed: objectId: Path `objectId` is required.","service":"visual-whiteboard-api","timestamp":"2026-05-26 20:21:50"}
{"level":"info","message":"::1 - - [26/May/2026:14:51:52 +0000] \"PUT /api/v1/whiteboards/6a06e877af1816f5fe51d5e5/canvas HTTP/1.1\" 200 58 \"http://localhost:5173/\" \"Mozilla/5.0 (Windows NT 10.0; Win64; x64) AppleWebKit/537.36 (KHTML, like Gecko) Chrome/148.0.0.0 Safari/537.36\"","service":"visual-whiteboard-api","timestamp":"2026-05-26 20:21:52"}
{"level":"error","message":"Error executing consumed Kafka event: CanvasCommand validation failed: objectId: Path `objectId` is required.","service":"visual-whiteboard-api","timestamp":"2026-05-26 20:21:54"}
{"level":"info","message":"::1 - - [26/May/2026:14:51:56 +0000] \"PUT /api/v1/whiteboards/6a06e877af1816f5fe51d5e5/canvas HTTP/1.1\" 200 58 \"http://localhost:5173/\" \"Mozilla/5.0 (Windows NT 10.0; Win64; x64) AppleWebKit/537.36 (KHTML, like Gecko) Chrome/148.0.0.0 Safari/537.36\"","service":"visual-whiteboard-api","timestamp":"2026-05-26 20:21:56"}
{"level":"info","message":"User a@a.com left room whiteboard:6a06e877af1816f5fe51d5e5","service":"visual-whiteboard-api","timestamp":"2026-05-26 20:22:05"}
{"level":"info","message":"User b@b.com left room whiteboard:6a06e877af1816f5fe51d5e5","service":"visual-whiteboard-api","timestamp":"2026-05-26 20:22:07"}
{"level":"info","message":"Graceful shutdown initiated...","service":"visual-whiteboard-api","timestamp":"2026-05-26 21:03:14"}
{"level":"error","message":"Server startup failed: querySrv ECONNREFUSED _mongodb._tcp.cluster0.6smuwii.mongodb.net","service":"visual-whiteboard-api","timestamp":"2026-05-26 23:56:46"}
{"level":"error","message":"Server startup failed: querySrv ECONNREFUSED _mongodb._tcp.cluster0.6smuwii.mongodb.net","service":"visual-whiteboard-api","timestamp":"2026-05-27 00:30:43"}
{"level":"error","message":"Server startup failed: Could not connect to any servers in your MongoDB Atlas cluster. One common reason is that you're trying to access the database from an IP that isn't whitelisted. Make sure your current IP address is on your Atlas cluster's IP whitelist: https://www.mongodb.com/docs/atlas/security-whitelist/","service":"visual-whiteboard-api","timestamp":"2026-05-27 00:36:32"}
{"level":"error","message":"Server startup failed: Could not connect to any servers in your MongoDB Atlas cluster. One common reason is that you're trying to access the database from an IP that isn't whitelisted. Make sure your current IP address is on your Atlas cluster's IP whitelist: https://www.mongodb.com/docs/atlas/security-whitelist/","service":"visual-whiteboard-api","timestamp":"2026-05-27 00:40:48"}
{"level":"error","message":"Server startup failed: Could not connect to any servers in your MongoDB Atlas cluster. One common reason is that you're trying to access the database from an IP that isn't whitelisted. Make sure your current IP address is on your Atlas cluster's IP whitelist: https://www.mongodb.com/docs/atlas/security-whitelist/","service":"visual-whiteboard-api","timestamp":"2026-05-27 00:50:22"}
{"level":"error","message":"Server startup failed: querySrv ECONNREFUSED _mongodb._tcp.cluster0.6smuwii.mongodb.net","service":"visual-whiteboard-api","timestamp":"2026-05-27 00:59:24"}
{"level":"error","message":"Server startup failed: querySrv ECONNREFUSED _mongodb._tcp.cluster0.6smuwii.mongodb.net","service":"visual-whiteboard-api","timestamp":"2026-05-27 00:59:41"}
{"level":"error","message":"Server startup failed: Could not connect to any servers in your MongoDB Atlas cluster. One common reason is that you're trying to access the database from an IP that isn't whitelisted. Make sure your current IP address is on your Atlas cluster's IP whitelist: https://www.mongodb.com/docs/atlas/security-whitelist/","service":"visual-whiteboard-api","timestamp":"2026-05-27 01:01:13"}
{"level":"error","message":"Server startup failed: Could not connect to any servers in your MongoDB Atlas cluster. One common reason is that you're trying to access the database from an IP that isn't whitelisted. Make sure your current IP address is on your Atlas cluster's IP whitelist: https://www.mongodb.com/docs/atlas/security-whitelist/","service":"visual-whiteboard-api","timestamp":"2026-05-27 01:11:32"}
{"level":"error","message":"Server startup failed: Could not connect to any servers in your MongoDB Atlas cluster. One common reason is that you're trying to access the database from an IP that isn't whitelisted. Make sure your current IP address is on your Atlas cluster's IP whitelist: https://www.mongodb.com/docs/atlas/security-whitelist/","service":"visual-whiteboard-api","timestamp":"2026-05-28 03:47:21"}
{"level":"error","message":"Server startup failed: querySrv ECONNREFUSED _mongodb._tcp.cluster0.6smuwii.mongodb.net","service":"visual-whiteboard-api","timestamp":"2026-05-28 03:48:37"}
{"level":"error","message":"Server startup failed: querySrv ECONNREFUSED _mongodb._tcp.cluster0.6smuwii.mongodb.net","service":"visual-whiteboard-api","timestamp":"2026-05-28 03:49:00"}
{"level":"info","message":"Connected to MongoDB","service":"visual-whiteboard-api","timestamp":"2026-05-28 03:52:01"}
{"level":"info","message":"🚀 Connected to Redis","service":"visual-whiteboard-api","timestamp":"2026-05-28 03:52:01"}
{"level":"info","message":"Server running in development mode on port 5000","service":"visual-whiteboard-api","timestamp":"2026-05-28 03:52:01"}
{"level":"info","message":"🚀 Socket.io Redis Adapter configured","service":"visual-whiteboard-api","timestamp":"2026-05-28 03:52:01"}
{"level":"info","message":"Created Kafka topic: rove-canvas-commands","service":"visual-whiteboard-api","timestamp":"2026-05-28 03:52:01"}
{"level":"info","message":"🚀 Kafka Event Sourcing Service online. Producer and Consumer connected.","service":"visual-whiteboard-api","timestamp":"2026-05-28 03:52:01"}
{"level":"info","message":"::1 - - [27/May/2026:22:22:20 +0000] \"GET /api/v1/health HTTP/1.1\" 200 86 \"http://localhost:5173/\" \"Mozilla/5.0 (Windows NT 10.0; Win64; x64) AppleWebKit/537.36 (KHTML, like Gecko) Chrome/148.0.0.0 Safari/537.36\"","service":"visual-whiteboard-api","timestamp":"2026-05-28 03:52:20"}
{"level":"info","message":"::1 - - [27/May/2026:22:22:20 +0000] \"GET /api/v1/health HTTP/1.1\" 200 86 \"http://localhost:5173/\" \"Mozilla/5.0 (Windows NT 10.0; Win64; x64) AppleWebKit/537.36 (KHTML, like Gecko) Chrome/148.0.0.0 Safari/537.36\"","service":"visual-whiteboard-api","timestamp":"2026-05-28 03:52:20"}
{"level":"info","message":"::1 - - [27/May/2026:22:22:43 +0000] \"GET /api/v1/health HTTP/1.1\" 200 86 \"http://localhost:5173/\" \"Mozilla/5.0 (Windows NT 10.0; Win64; x64) AppleWebKit/537.36 (KHTML, like Gecko) Chrome/148.0.0.0 Safari/537.36\"","service":"visual-whiteboard-api","timestamp":"2026-05-28 03:52:43"}
{"level":"info","message":"::1 - - [27/May/2026:22:22:43 +0000] \"GET /api/v1/health HTTP/1.1\" 200 86 \"http://localhost:5173/\" \"Mozilla/5.0 (Windows NT 10.0; Win64; x64) AppleWebKit/537.36 (KHTML, like Gecko) Chrome/148.0.0.0 Safari/537.36\"","service":"visual-whiteboard-api","timestamp":"2026-05-28 03:52:43"}
{"level":"info","message":"::1 - - [27/May/2026:22:22:49 +0000] \"GET /api/v1/health HTTP/1.1\" 200 86 \"http://localhost:5173/\" \"Mozilla/5.0 (Windows NT 10.0; Win64; x64) AppleWebKit/537.36 (KHTML, like Gecko) Chrome/148.0.0.0 Safari/537.36\"","service":"visual-whiteboard-api","timestamp":"2026-05-28 03:52:49"}
{"level":"info","message":"::1 - - [27/May/2026:22:22:49 +0000] \"GET /api/v1/health HTTP/1.1\" 200 86 \"http://localhost:5173/\" \"Mozilla/5.0 (Windows NT 10.0; Win64; x64) AppleWebKit/537.36 (KHTML, like Gecko) Chrome/148.0.0.0 Safari/537.36\"","service":"visual-whiteboard-api","timestamp":"2026-05-28 03:52:49"}
{"level":"info","message":"::1 - - [27/May/2026:22:23:09 +0000] \"GET /api/v1/health HTTP/1.1\" 200 86 \"http://localhost:5173/\" \"Mozilla/5.0 (Windows NT 10.0; Win64; x64) AppleWebKit/537.36 (KHTML, like Gecko) Chrome/148.0.0.0 Safari/537.36\"","service":"visual-whiteboard-api","timestamp":"2026-05-28 03:53:09"}
{"level":"info","message":"::1 - - [27/May/2026:22:23:18 +0000] \"POST /api/v1/auth/register HTTP/1.1\" 201 392 \"http://localhost:5173/\" \"Mozilla/5.0 (Windows NT 10.0; Win64; x64) AppleWebKit/537.36 (KHTML, like Gecko) Chrome/148.0.0.0 Safari/537.36\"","service":"visual-whiteboard-api","timestamp":"2026-05-28 03:53:18"}
{"level":"info","message":"::1 - - [27/May/2026:22:23:18 +0000] \"GET /api/v1/whiteboards HTTP/1.1\" 200 42 \"http://localhost:5173/\" \"Mozilla/5.0 (Windows NT 10.0; Win64; x64) AppleWebKit/537.36 (KHTML, like Gecko) Chrome/148.0.0.0 Safari/537.36\"","service":"visual-whiteboard-api","timestamp":"2026-05-28 03:53:18"}
{"level":"info","message":"::1 - - [27/May/2026:22:23:18 +0000] \"GET /api/v1/whiteboards HTTP/1.1\" 304 - \"http://localhost:5173/\" \"Mozilla/5.0 (Windows NT 10.0; Win64; x64) AppleWebKit/537.36 (KHTML, like Gecko) Chrome/148.0.0.0 Safari/537.36\"","service":"visual-whiteboard-api","timestamp":"2026-05-28 03:53:18"}
{"level":"info","message":"::1 - - [27/May/2026:22:23:18 +0000] \"GET /api/v1/whiteboards/invitations HTTP/1.1\" 200 42 \"http://localhost:5173/\" \"Mozilla/5.0 (Windows NT 10.0; Win64; x64) AppleWebKit/537.36 (KHTML, like Gecko) Chrome/148.0.0.0 Safari/537.36\"","service":"visual-whiteboard-api","timestamp":"2026-05-28 03:53:18"}
{"level":"info","message":"::1 - - [27/May/2026:22:23:18 +0000] \"GET /api/v1/whiteboards/invitations HTTP/1.1\" 304 - \"http://localhost:5173/\" \"Mozilla/5.0 (Windows NT 10.0; Win64; x64) AppleWebKit/537.36 (KHTML, like Gecko) Chrome/148.0.0.0 Safari/537.36\"","service":"visual-whiteboard-api","timestamp":"2026-05-28 03:53:18"}
{"level":"info","message":"::1 - - [27/May/2026:22:23:19 +0000] \"POST /api/v1/whiteboards HTTP/1.1\" 201 252 \"http://localhost:5173/\" \"Mozilla/5.0 (Windows NT 10.0; Win64; x64) AppleWebKit/537.36 (KHTML, like Gecko) Chrome/148.0.0.0 Safari/537.36\"","service":"visual-whiteboard-api","timestamp":"2026-05-28 03:53:19"}
{"level":"info","message":"::1 - - [27/May/2026:22:23:19 +0000] \"GET /api/v1/whiteboards/6a176ed72a601b002ea99800 HTTP/1.1\" 200 310 \"http://localhost:5173/\" \"Mozilla/5.0 (Windows NT 10.0; Win64; x64) AppleWebKit/537.36 (KHTML, like Gecko) Chrome/148.0.0.0 Safari/537.36\"","service":"visual-whiteboard-api","timestamp":"2026-05-28 03:53:19"}
{"level":"info","message":"⚡ Socket connected: v7-fXDz1jFbw5oSfAAAC (User: a@a.com)","service":"visual-whiteboard-api","timestamp":"2026-05-28 03:53:20"}
{"level":"info","message":"User a@a.com joined room whiteboard:6a176ed72a601b002ea99800","service":"visual-whiteboard-api","timestamp":"2026-05-28 03:53:20"}
{"level":"error","message":"Error executing consumed Kafka event: CanvasCommand validation failed: objectId: Path `objectId` is required.","service":"visual-whiteboard-api","timestamp":"2026-05-28 03:53:25"}
{"level":"info","message":"::1 - - [27/May/2026:22:23:27 +0000] \"PUT /api/v1/whiteboards/6a176ed72a601b002ea99800/canvas HTTP/1.1\" 200 58 \"http://localhost:5173/\" \"Mozilla/5.0 (Windows NT 10.0; Win64; x64) AppleWebKit/537.36 (KHTML, like Gecko) Chrome/148.0.0.0 Safari/537.36\"","service":"visual-whiteboard-api","timestamp":"2026-05-28 03:53:27"}
{"level":"error","message":"Error executing consumed Kafka event: CanvasCommand validation failed: objectId: Path `objectId` is required.","service":"visual-whiteboard-api","timestamp":"2026-05-28 03:53:28"}
{"level":"info","message":"::1 - - [27/May/2026:22:23:30 +0000] \"PUT /api/v1/whiteboards/6a176ed72a601b002ea99800/canvas HTTP/1.1\" 200 58 \"http://localhost:5173/\" \"Mozilla/5.0 (Windows NT 10.0; Win64; x64) AppleWebKit/537.36 (KHTML, like Gecko) Chrome/148.0.0.0 Safari/537.36\"","service":"visual-whiteboard-api","timestamp":"2026-05-28 03:53:30"}
{"level":"error","message":"Error executing consumed Kafka event: CanvasCommand validation failed: objectId: Path `objectId` is required.","service":"visual-whiteboard-api","timestamp":"2026-05-28 03:53:31"}
{"level":"error","message":"Error executing consumed Kafka event: CanvasCommand validation failed: objectId: Path `objectId` is required.","service":"visual-whiteboard-api","timestamp":"2026-05-28 03:53:31"}
{"level":"info","message":"::1 - - [27/May/2026:22:23:33 +0000] \"PUT /api/v1/whiteboards/6a176ed72a601b002ea99800/canvas HTTP/1.1\" 200 58 \"http://localhost:5173/\" \"Mozilla/5.0 (Windows NT 10.0; Win64; x64) AppleWebKit/537.36 (KHTML, like Gecko) Chrome/148.0.0.0 Safari/537.36\"","service":"visual-whiteboard-api","timestamp":"2026-05-28 03:53:33"}
{"level":"error","message":"Error executing consumed Kafka event: CanvasCommand validation failed: objectId: Path `objectId` is required.","service":"visual-whiteboard-api","timestamp":"2026-05-28 03:53:33"}
{"level":"error","message":"Error executing consumed Kafka event: CanvasCommand validation failed: objectId: Path `objectId` is required.","service":"visual-whiteboard-api","timestamp":"2026-05-28 03:53:35"}
{"level":"info","message":"::1 - - [27/May/2026:22:23:35 +0000] \"PUT /api/v1/whiteboards/6a176ed72a601b002ea99800/canvas HTTP/1.1\" 200 58 \"http://localhost:5173/\" \"Mozilla/5.0 (Windows NT 10.0; Win64; x64) AppleWebKit/537.36 (KHTML, like Gecko) Chrome/148.0.0.0 Safari/537.36\"","service":"visual-whiteboard-api","timestamp":"2026-05-28 03:53:35"}
{"level":"error","message":"Error executing consumed Kafka event: CanvasCommand validation failed: objectId: Path `objectId` is required.","service":"visual-whiteboard-api","timestamp":"2026-05-28 03:53:41"}
{"level":"info","message":"::1 - - [27/May/2026:22:23:43 +0000] \"PUT /api/v1/whiteboards/6a176ed72a601b002ea99800/canvas HTTP/1.1\" 200 58 \"http://localhost:5173/\" \"Mozilla/5.0 (Windows NT 10.0; Win64; x64) AppleWebKit/537.36 (KHTML, like Gecko) Chrome/148.0.0.0 Safari/537.36\"","service":"visual-whiteboard-api","timestamp":"2026-05-28 03:53:43"}
{"level":"error","message":"Error executing consumed Kafka event: CanvasCommand validation failed: objectId: Path `objectId` is required.","service":"visual-whiteboard-api","timestamp":"2026-05-28 03:53:45"}
{"level":"error","message":"Error executing consumed Kafka event: CanvasCommand validation failed: objectId: Path `objectId` is required.","service":"visual-whiteboard-api","timestamp":"2026-05-28 03:53:45"}
{"level":"info","message":"::1 - - [27/May/2026:22:23:47 +0000] \"PUT /api/v1/whiteboards/6a176ed72a601b002ea99800/canvas HTTP/1.1\" 200 58 \"http://localhost:5173/\" \"Mozilla/5.0 (Windows NT 10.0; Win64; x64) AppleWebKit/537.36 (KHTML, like Gecko) Chrome/148.0.0.0 Safari/537.36\"","service":"visual-whiteboard-api","timestamp":"2026-05-28 03:53:47"}
{"level":"error","message":"Error executing consumed Kafka event: CanvasCommand validation failed: objectId: Path `objectId` is required.","service":"visual-whiteboard-api","timestamp":"2026-05-28 03:53:49"}
{"level":"info","message":"::1 - - [27/May/2026:22:23:51 +0000] \"PUT /api/v1/whiteboards/6a176ed72a601b002ea99800/canvas HTTP/1.1\" 200 58 \"http://localhost:5173/\" \"Mozilla/5.0 (Windows NT 10.0; Win64; x64) AppleWebKit/537.36 (KHTML, like Gecko) Chrome/148.0.0.0 Safari/537.36\"","service":"visual-whiteboard-api","timestamp":"2026-05-28 03:53:51"}
{"level":"error","message":"Error executing consumed Kafka event: CanvasCommand validation failed: objectId: Path `objectId` is required.","service":"visual-whiteboard-api","timestamp":"2026-05-28 03:53:51"}
{"level":"info","message":"::1 - - [27/May/2026:22:24:05 +0000] \"PUT /api/v1/whiteboards/6a176ed72a601b002ea99800/canvas HTTP/1.1\" 200 58 \"http://localhost:5173/\" \"Mozilla/5.0 (Windows NT 10.0; Win64; x64) AppleWebKit/537.36 (KHTML, like Gecko) Chrome/148.0.0.0 Safari/537.36\"","service":"visual-whiteboard-api","timestamp":"2026-05-28 03:54:05"}
{"level":"info","message":"::1 - - [27/May/2026:22:24:25 +0000] \"POST /api/v1/media/upload HTTP/1.1\" 201 214 \"http://localhost:5173/\" \"Mozilla/5.0 (Windows NT 10.0; Win64; x64) AppleWebKit/537.36 (KHTML, like Gecko) Chrome/148.0.0.0 Safari/537.36\"","service":"visual-whiteboard-api","timestamp":"2026-05-28 03:54:25"}
{"level":"info","message":"::1 - - [27/May/2026:22:24:27 +0000] \"GET /api/v1/media/proxy/0e0bfdda021eda4d415606545548b5fc?token=eyJhbGciOiJIUzI1NiIsInR5cCI6IkpXVCJ9.eyJpZCI6IjZhMTc2ZWQ1MmE2MDFiMDAyZWE5OTdmZSIsImlhdCI6MTc3OTkyMDU5OCwiZXhwIjoxNzc5OTIxNDk4fQ.ygQRe9rc7xiywAqFsiyRLTqkW3BbEMqufCc0auoD9bo HTTP/1.1\" 200 - \"http://localhost:5173/\" \"Mozilla/5.0 (Windows NT 10.0; Win64; x64) AppleWebKit/537.36 (KHTML, like Gecko) Chrome/148.0.0.0 Safari/537.36\"","service":"visual-whiteboard-api","timestamp":"2026-05-28 03:54:27"}
{"level":"error","message":"Error executing consumed Kafka event: CanvasCommand validation failed: objectId: Path `objectId` is required.","service":"visual-whiteboard-api","timestamp":"2026-05-28 03:54:31"}
{"level":"info","message":"::1 - - [27/May/2026:22:24:33 +0000] \"PUT /api/v1/whiteboards/6a176ed72a601b002ea99800/canvas HTTP/1.1\" 200 58 \"http://localhost:5173/\" \"Mozilla/5.0 (Windows NT 10.0; Win64; x64) AppleWebKit/537.36 (KHTML, like Gecko) Chrome/148.0.0.0 Safari/537.36\"","service":"visual-whiteboard-api","timestamp":"2026-05-28 03:54:33"}
{"level":"error","message":"Error executing consumed Kafka event: CanvasCommand validation failed: objectId: Path `objectId` is required.","service":"visual-whiteboard-api","timestamp":"2026-05-28 03:54:33"}
{"level":"info","message":"::1 - - [27/May/2026:22:24:35 +0000] \"PUT /api/v1/whiteboards/6a176ed72a601b002ea99800/canvas HTTP/1.1\" 200 58 \"http://localhost:5173/\" \"Mozilla/5.0 (Windows NT 10.0; Win64; x64) AppleWebKit/537.36 (KHTML, like Gecko) Chrome/148.0.0.0 Safari/537.36\"","service":"visual-whiteboard-api","timestamp":"2026-05-28 03:54:35"}
{"level":"info","message":"::1 - - [27/May/2026:22:24:47 +0000] \"POST /api/v1/media/upload HTTP/1.1\" 201 206 \"http://localhost:5173/\" \"Mozilla/5.0 (Windows NT 10.0; Win64; x64) AppleWebKit/537.36 (KHTML, like Gecko) Chrome/148.0.0.0 Safari/537.36\"","service":"visual-whiteboard-api","timestamp":"2026-05-28 03:54:47"}
{"level":"error","message":"Error executing consumed Kafka event: CanvasCommand validation failed: objectId: Path `objectId` is required.","service":"visual-whiteboard-api","timestamp":"2026-05-28 03:54:50"}
{"level":"info","message":"::1 - - [27/May/2026:22:24:52 +0000] \"PUT /api/v1/whiteboards/6a176ed72a601b002ea99800/canvas HTTP/1.1\" 200 58 \"http://localhost:5173/\" \"Mozilla/5.0 (Windows NT 10.0; Win64; x64) AppleWebKit/537.36 (KHTML, like Gecko) Chrome/148.0.0.0 Safari/537.36\"","service":"visual-whiteboard-api","timestamp":"2026-05-28 03:54:52"}
{"level":"info","message":"::1 - - [27/May/2026:22:25:26 +0000] \"POST /api/v1/attachments/upload HTTP/1.1\" 201 478 \"http://localhost:5173/\" \"Mozilla/5.0 (Windows NT 10.0; Win64; x64) AppleWebKit/537.36 (KHTML, like Gecko) Chrome/148.0.0.0 Safari/537.36\"","service":"visual-whiteboard-api","timestamp":"2026-05-28 03:55:26"}
{"level":"error","message":"Error executing consumed Kafka event: CanvasCommand validation failed: objectId: Path `objectId` is required.","service":"visual-whiteboard-api","timestamp":"2026-05-28 03:55:26"}
{"level":"info","message":"::1 - - [27/May/2026:22:25:28 +0000] \"PUT /api/v1/whiteboards/6a176ed72a601b002ea99800/canvas HTTP/1.1\" 200 58 \"http://localhost:5173/\" \"Mozilla/5.0 (Windows NT 10.0; Win64; x64) AppleWebKit/537.36 (KHTML, like Gecko) Chrome/148.0.0.0 Safari/537.36\"","service":"visual-whiteboard-api","timestamp":"2026-05-28 03:55:28"}
{"level":"error","message":"Error executing consumed Kafka event: CanvasCommand validation failed: objectId: Path `objectId` is required.","service":"visual-whiteboard-api","timestamp":"2026-05-28 03:55:46"}
{"level":"info","message":"::1 - - [27/May/2026:22:25:48 +0000] \"PUT /api/v1/whiteboards/6a176ed72a601b002ea99800/canvas HTTP/1.1\" 200 58 \"http://localhost:5173/\" \"Mozilla/5.0 (Windows NT 10.0; Win64; x64) AppleWebKit/537.36 (KHTML, like Gecko) Chrome/148.0.0.0 Safari/537.36\"","service":"visual-whiteboard-api","timestamp":"2026-05-28 03:55:48"}
{"level":"info","message":"User a@a.com left room whiteboard:6a176ed72a601b002ea99800","service":"visual-whiteboard-api","timestamp":"2026-05-28 03:55:53"}
{"level":"info","message":"::1 - - [27/May/2026:22:25:53 +0000] \"GET /api/v1/whiteboards HTTP/1.1\" 200 266 \"http://localhost:5173/\" \"Mozilla/5.0 (Windows NT 10.0; Win64; x64) AppleWebKit/537.36 (KHTML, like Gecko) Chrome/148.0.0.0 Safari/537.36\"","service":"visual-whiteboard-api","timestamp":"2026-05-28 03:55:53"}
{"level":"info","message":"::1 - - [27/May/2026:22:25:53 +0000] \"GET /api/v1/whiteboards/invitations HTTP/1.1\" 304 - \"http://localhost:5173/\" \"Mozilla/5.0 (Windows NT 10.0; Win64; x64) AppleWebKit/537.36 (KHTML, like Gecko) Chrome/148.0.0.0 Safari/537.36\"","service":"visual-whiteboard-api","timestamp":"2026-05-28 03:55:53"}
{"level":"info","message":"::1 - - [27/May/2026:22:25:53 +0000] \"GET /api/v1/whiteboards HTTP/1.1\" 304 - \"http://localhost:5173/\" \"Mozilla/5.0 (Windows NT 10.0; Win64; x64) AppleWebKit/537.36 (KHTML, like Gecko) Chrome/148.0.0.0 Safari/537.36\"","service":"visual-whiteboard-api","timestamp":"2026-05-28 03:55:53"}
{"level":"info","message":"::1 - - [27/May/2026:22:25:53 +0000] \"GET /api/v1/whiteboards/invitations HTTP/1.1\" 304 - \"http://localhost:5173/\" \"Mozilla/5.0 (Windows NT 10.0; Win64; x64) AppleWebKit/537.36 (KHTML, like Gecko) Chrome/148.0.0.0 Safari/537.36\"","service":"visual-whiteboard-api","timestamp":"2026-05-28 03:55:53"}
{"level":"info","message":"::1 - - [27/May/2026:22:26:02 +0000] \"PUT /api/v1/whiteboards/6a176ed72a601b002ea99800/rename HTTP/1.1\" 200 8734 \"http://localhost:5173/\" \"Mozilla/5.0 (Windows NT 10.0; Win64; x64) AppleWebKit/537.36 (KHTML, like Gecko) Chrome/148.0.0.0 Safari/537.36\"","service":"visual-whiteboard-api","timestamp":"2026-05-28 03:56:02"}
{"level":"info","message":"::1 - - [27/May/2026:22:26:06 +0000] \"GET /api/v1/health HTTP/1.1\" 200 86 \"http://localhost:5173/\" \"Mozilla/5.0 (Windows NT 10.0; Win64; x64) AppleWebKit/537.36 (KHTML, like Gecko) Chrome/148.0.0.0 Safari/537.36\"","service":"visual-whiteboard-api","timestamp":"2026-05-28 03:56:06"}
{"level":"info","message":"::1 - - [27/May/2026:22:26:06 +0000] \"GET /api/v1/health HTTP/1.1\" 200 86 \"http://localhost:5173/\" \"Mozilla/5.0 (Windows NT 10.0; Win64; x64) AppleWebKit/537.36 (KHTML, like Gecko) Chrome/148.0.0.0 Safari/537.36\"","service":"visual-whiteboard-api","timestamp":"2026-05-28 03:56:06"}
{"level":"info","message":"Connected to MongoDB","service":"visual-whiteboard-api","timestamp":"2026-05-28 03:59:44"}
{"level":"info","message":"🚀 Connected to Redis","service":"visual-whiteboard-api","timestamp":"2026-05-28 03:59:44"}
{"level":"info","message":"Server running in development mode on port 5000","service":"visual-whiteboard-api","timestamp":"2026-05-28 03:59:44"}
{"level":"info","message":"🚀 Socket.io Redis Adapter configured","service":"visual-whiteboard-api","timestamp":"2026-05-28 03:59:44"}
{"level":"info","message":"🚀 Kafka Event Sourcing Service online. Producer and Consumer connected.","service":"visual-whiteboard-api","timestamp":"2026-05-28 03:59:44"}
{"level":"info","message":"Connected to MongoDB","service":"visual-whiteboard-api","timestamp":"2026-05-28 04:12:48"}
{"level":"info","message":"🚀 Connected to Redis","service":"visual-whiteboard-api","timestamp":"2026-05-28 04:12:48"}
{"level":"info","message":"🚀 Redis Streams Event Sourcing Service online. Queue consumer activated.","service":"visual-whiteboard-api","timestamp":"2026-05-28 04:12:49"}
{"level":"info","message":"Server running in development mode on port 5000","service":"visual-whiteboard-api","timestamp":"2026-05-28 04:12:49"}
{"level":"info","message":"🚀 Socket.io Redis Adapter configured","service":"visual-whiteboard-api","timestamp":"2026-05-28 04:12:49"}
{"level":"info","message":"Graceful shutdown initiated...","service":"visual-whiteboard-api","timestamp":"2026-05-28 04:14:19"}
{"level":"info","message":"Connected to MongoDB","service":"visual-whiteboard-api","timestamp":"2026-05-28 04:14:23"}
{"level":"info","message":"🚀 Connected to Redis","service":"visual-whiteboard-api","timestamp":"2026-05-28 04:14:23"}
{"level":"info","message":"🚀 Redis Streams Event Sourcing Service online. Queue consumer activated.","service":"visual-whiteboard-api","timestamp":"2026-05-28 04:14:23"}
{"level":"info","message":"Server running in development mode on port 5000","service":"visual-whiteboard-api","timestamp":"2026-05-28 04:14:23"}
{"level":"info","message":"🚀 Socket.io Redis Adapter configured","service":"visual-whiteboard-api","timestamp":"2026-05-28 04:14:24"}
{"level":"info","message":"Graceful shutdown initiated...","service":"visual-whiteboard-api","timestamp":"2026-05-28 04:15:25"}
{"level":"error","message":"Server startup failed: Could not connect to any servers in your MongoDB Atlas cluster. One common reason is that you're trying to access the database from an IP that isn't whitelisted. Make sure your current IP address is on your Atlas cluster's IP whitelist: https://www.mongodb.com/docs/atlas/security-whitelist/","service":"visual-whiteboard-api","timestamp":"2026-05-28 04:15:58"}
{"level":"info","message":"Connected to MongoDB","service":"visual-whiteboard-api","timestamp":"2026-05-28 04:16:34"}
{"level":"info","message":"🚀 Connected to Redis","service":"visual-whiteboard-api","timestamp":"2026-05-28 04:16:34"}
{"level":"info","message":"🚀 Redis Streams Event Sourcing Service online. Queue consumer activated.","service":"visual-whiteboard-api","timestamp":"2026-05-28 04:16:34"}
{"level":"info","message":"Server running in development mode on port 5000","service":"visual-whiteboard-api","timestamp":"2026-05-28 04:16:34"}
{"level":"info","message":"🚀 Socket.io Redis Adapter configured","service":"visual-whiteboard-api","timestamp":"2026-05-28 04:16:35"}
{"level":"info","message":"::1 - - [27/May/2026:22:46:41 +0000] \"GET /api/v1/health HTTP/1.1\" 200 86 \"http://localhost:5173/\" \"Mozilla/5.0 (Windows NT 10.0; Win64; x64) AppleWebKit/537.36 (KHTML, like Gecko) Chrome/148.0.0.0 Safari/537.36\"","service":"visual-whiteboard-api","timestamp":"2026-05-28 04:16:41"}
{"level":"info","message":"::1 - - [27/May/2026:22:46:41 +0000] \"GET /api/v1/health HTTP/1.1\" 200 86 \"http://localhost:5173/\" \"Mozilla/5.0 (Windows NT 10.0; Win64; x64) AppleWebKit/537.36 (KHTML, like Gecko) Chrome/148.0.0.0 Safari/537.36\"","service":"visual-whiteboard-api","timestamp":"2026-05-28 04:16:41"}
{"level":"info","message":"::1 - - [27/May/2026:22:46:46 +0000] \"GET /api/v1/health HTTP/1.1\" 200 86 \"http://localhost:5173/\" \"Mozilla/5.0 (Windows NT 10.0; Win64; x64) AppleWebKit/537.36 (KHTML, like Gecko) Chrome/148.0.0.0 Safari/537.36\"","service":"visual-whiteboard-api","timestamp":"2026-05-28 04:16:46"}
{"level":"info","message":"::1 - - [27/May/2026:22:46:51 +0000] \"POST /api/v1/auth/login HTTP/1.1\" 200 392 \"http://localhost:5173/\" \"Mozilla/5.0 (Windows NT 10.0; Win64; x64) AppleWebKit/537.36 (KHTML, like Gecko) Chrome/148.0.0.0 Safari/537.36\"","service":"visual-whiteboard-api","timestamp":"2026-05-28 04:16:51"}
{"level":"info","message":"::1 - - [27/May/2026:22:46:51 +0000] \"GET /api/v1/whiteboards HTTP/1.1\" 200 253 \"http://localhost:5173/\" \"Mozilla/5.0 (Windows NT 10.0; Win64; x64) AppleWebKit/537.36 (KHTML, like Gecko) Chrome/148.0.0.0 Safari/537.36\"","service":"visual-whiteboard-api","timestamp":"2026-05-28 04:16:51"}
{"level":"info","message":"::1 - - [27/May/2026:22:46:51 +0000] \"GET /api/v1/whiteboards/invitations HTTP/1.1\" 304 - \"http://localhost:5173/\" \"Mozilla/5.0 (Windows NT 10.0; Win64; x64) AppleWebKit/537.36 (KHTML, like Gecko) Chrome/148.0.0.0 Safari/537.36\"","service":"visual-whiteboard-api","timestamp":"2026-05-28 04:16:51"}
{"level":"info","message":"::1 - - [27/May/2026:22:46:51 +0000] \"GET /api/v1/whiteboards HTTP/1.1\" 304 - \"http://localhost:5173/\" \"Mozilla/5.0 (Windows NT 10.0; Win64; x64) AppleWebKit/537.36 (KHTML, like Gecko) Chrome/148.0.0.0 Safari/537.36\"","service":"visual-whiteboard-api","timestamp":"2026-05-28 04:16:51"}
{"level":"info","message":"::1 - - [27/May/2026:22:46:51 +0000] \"GET /api/v1/whiteboards/invitations HTTP/1.1\" 304 - \"http://localhost:5173/\" \"Mozilla/5.0 (Windows NT 10.0; Win64; x64) AppleWebKit/537.36 (KHTML, like Gecko) Chrome/148.0.0.0 Safari/537.36\"","service":"visual-whiteboard-api","timestamp":"2026-05-28 04:16:51"}
{"level":"info","message":"::1 - - [27/May/2026:22:46:52 +0000] \"GET /api/v1/whiteboards/6a176ed72a601b002ea99800 HTTP/1.1\" 200 8792 \"http://localhost:5173/\" \"Mozilla/5.0 (Windows NT 10.0; Win64; x64) AppleWebKit/537.36 (KHTML, like Gecko) Chrome/148.0.0.0 Safari/537.36\"","service":"visual-whiteboard-api","timestamp":"2026-05-28 04:16:52"}
{"level":"info","message":"⚡ Socket connected: 8iNLk9fLHvDu3AmKAAAC (User: a@a.com)","service":"visual-whiteboard-api","timestamp":"2026-05-28 04:16:53"}
{"level":"info","message":"::1 - - [27/May/2026:22:46:54 +0000] \"GET /api/v1/media/proxy/0e0bfdda021eda4d415606545548b5fc?token=eyJhbGciOiJIUzI1NiIsInR5cCI6IkpXVCJ9.eyJpZCI6IjZhMTc2ZWQ1MmE2MDFiMDAyZWE5OTdmZSIsImlhdCI6MTc3OTkyMjAxMSwiZXhwIjoxNzc5OTIyOTExfQ.8o-EeuY4OLewpr1aOeKPV3WH8TlkGfsNeEeGvbXTiZw HTTP/1.1\" 200 - \"http://localhost:5173/\" \"Mozilla/5.0 (Windows NT 10.0; Win64; x64) AppleWebKit/537.36 (KHTML, like Gecko) Chrome/148.0.0.0 Safari/537.36\"","service":"visual-whiteboard-api","timestamp":"2026-05-28 04:16:54"}
{"level":"info","message":"User a@a.com joined room whiteboard:6a176ed72a601b002ea99800","service":"visual-whiteboard-api","timestamp":"2026-05-28 04:16:58"}
{"level":"info","message":"::1 - - [27/May/2026:22:47:00 +0000] \"GET /api/v1/whiteboards/invitations HTTP/1.1\" 304 - \"http://localhost:5173/\" \"Mozilla/5.0 (Windows NT 10.0; Win64; x64) AppleWebKit/537.36 (KHTML, like Gecko) Chrome/148.0.0.0 Safari/537.36\"","service":"visual-whiteboard-api","timestamp":"2026-05-28 04:17:00"}
{"level":"info","message":"::1 - - [27/May/2026:22:47:00 +0000] \"GET /api/v1/whiteboards HTTP/1.1\" 304 - \"http://localhost:5173/\" \"Mozilla/5.0 (Windows NT 10.0; Win64; x64) AppleWebKit/537.36 (KHTML, like Gecko) Chrome/148.0.0.0 Safari/537.36\"","service":"visual-whiteboard-api","timestamp":"2026-05-28 04:17:00"}
{"level":"info","message":"::1 - - [27/May/2026:22:47:00 +0000] \"GET /api/v1/whiteboards HTTP/1.1\" 304 - \"http://localhost:5173/\" \"Mozilla/5.0 (Windows NT 10.0; Win64; x64) AppleWebKit/537.36 (KHTML, like Gecko) Chrome/148.0.0.0 Safari/537.36\"","service":"visual-whiteboard-api","timestamp":"2026-05-28 04:17:00"}
{"level":"info","message":"::1 - - [27/May/2026:22:47:00 +0000] \"GET /api/v1/whiteboards/invitations HTTP/1.1\" 304 - \"http://localhost:5173/\" \"Mozilla/5.0 (Windows NT 10.0; Win64; x64) AppleWebKit/537.36 (KHTML, like Gecko) Chrome/148.0.0.0 Safari/537.36\"","service":"visual-whiteboard-api","timestamp":"2026-05-28 04:17:00"}
{"level":"info","message":"User a@a.com left room whiteboard:6a176ed72a601b002ea99800","service":"visual-whiteboard-api","timestamp":"2026-05-28 04:17:01"}
{"level":"info","message":"::1 - - [27/May/2026:22:47:02 +0000] \"GET /api/v1/health HTTP/1.1\" 200 86 \"http://localhost:5173/\" \"Mozilla/5.0 (Windows NT 10.0; Win64; x64) AppleWebKit/537.36 (KHTML, like Gecko) Chrome/148.0.0.0 Safari/537.36\"","service":"visual-whiteboard-api","timestamp":"2026-05-28 04:17:02"}
{"level":"info","message":"::1 - - [27/May/2026:22:47:02 +0000] \"GET /api/v1/health HTTP/1.1\" 200 86 \"http://localhost:5173/\" \"Mozilla/5.0 (Windows NT 10.0; Win64; x64) AppleWebKit/537.36 (KHTML, like Gecko) Chrome/148.0.0.0 Safari/537.36\"","service":"visual-whiteboard-api","timestamp":"2026-05-28 04:17:02"}
{"level":"info","message":"Graceful shutdown initiated...","service":"visual-whiteboard-api","timestamp":"2026-05-28 04:19:56"}
{"level":"info","message":"Connected to MongoDB","service":"visual-whiteboard-api","timestamp":"2026-05-28 04:20:17"}
{"level":"info","message":"🚀 Connected to Redis","service":"visual-whiteboard-api","timestamp":"2026-05-28 04:20:17"}
{"level":"info","message":"🚀 Redis Streams Event Sourcing Service online. Queue consumer activated.","service":"visual-whiteboard-api","timestamp":"2026-05-28 04:20:18"}
{"level":"info","message":"Server running in development mode on port 5000","service":"visual-whiteboard-api","timestamp":"2026-05-28 04:20:18"}
{"level":"info","message":"🚀 Socket.io Redis Adapter configured","service":"visual-whiteboard-api","timestamp":"2026-05-28 04:20:19"}
{"level":"info","message":"::1 - - [27/May/2026:22:50:24 +0000] \"GET /api/v1/health HTTP/1.1\" 200 86 \"http://localhost:5173/\" \"Mozilla/5.0 (Windows NT 10.0; Win64; x64) AppleWebKit/537.36 (KHTML, like Gecko) Chrome/148.0.0.0 Safari/537.36\"","service":"visual-whiteboard-api","timestamp":"2026-05-28 04:20:24"}
{"level":"info","message":"::1 - - [27/May/2026:22:50:24 +0000] \"GET /api/v1/health HTTP/1.1\" 200 86 \"http://localhost:5173/\" \"Mozilla/5.0 (Windows NT 10.0; Win64; x64) AppleWebKit/537.36 (KHTML, like Gecko) Chrome/148.0.0.0 Safari/537.36\"","service":"visual-whiteboard-api","timestamp":"2026-05-28 04:20:24"}
{"level":"info","message":"Graceful shutdown initiated...","service":"visual-whiteboard-api","timestamp":"2026-05-28 04:20:29"}
{"level":"info","message":"Connected to MongoDB","service":"visual-whiteboard-api","timestamp":"2026-05-28 04:29:28"}
{"level":"info","message":"🚀 Connected to Redis","service":"visual-whiteboard-api","timestamp":"2026-05-28 04:29:28"}
{"level":"info","message":"🚀 Redis Streams Event Sourcing Service online. Queue consumer activated.","service":"visual-whiteboard-api","timestamp":"2026-05-28 04:29:29"}
{"level":"info","message":"Server running in development mode on port 5000","service":"visual-whiteboard-api","timestamp":"2026-05-28 04:29:29"}
{"level":"info","message":"🚀 Socket.io Redis Adapter configured","service":"visual-whiteboard-api","timestamp":"2026-05-28 04:29:29"}
{"level":"info","message":"::1 - - [27/May/2026:22:59:34 +0000] \"GET /api/v1/health HTTP/1.1\" 200 86 \"http://localhost:5173/\" \"Mozilla/5.0 (Windows NT 10.0; Win64; x64) AppleWebKit/537.36 (KHTML, like Gecko) Chrome/148.0.0.0 Safari/537.36\"","service":"visual-whiteboard-api","timestamp":"2026-05-28 04:29:34"}
{"level":"info","message":"::1 - - [27/May/2026:22:59:34 +0000] \"GET /api/v1/health HTTP/1.1\" 200 86 \"http://localhost:5173/\" \"Mozilla/5.0 (Windows NT 10.0; Win64; x64) AppleWebKit/537.36 (KHTML, like Gecko) Chrome/148.0.0.0 Safari/537.36\"","service":"visual-whiteboard-api","timestamp":"2026-05-28 04:29:34"}
{"level":"info","message":"::1 - - [27/May/2026:22:59:34 +0000] \"GET /api/v1/health HTTP/1.1\" 200 86 \"http://localhost:5173/\" \"Mozilla/5.0 (Windows NT 10.0; Win64; x64) AppleWebKit/537.36 (KHTML, like Gecko) Chrome/148.0.0.0 Safari/537.36\"","service":"visual-whiteboard-api","timestamp":"2026-05-28 04:29:34"}
{"level":"info","message":"::1 - - [27/May/2026:22:59:34 +0000] \"GET /api/v1/health HTTP/1.1\" 200 86 \"http://localhost:5173/\" \"Mozilla/5.0 (Windows NT 10.0; Win64; x64) AppleWebKit/537.36 (KHTML, like Gecko) Chrome/148.0.0.0 Safari/537.36\"","service":"visual-whiteboard-api","timestamp":"2026-05-28 04:29:34"}
{"level":"info","message":"::1 - - [27/May/2026:22:59:37 +0000] \"GET /api/v1/health HTTP/1.1\" 200 86 \"http://localhost:5173/\" \"Mozilla/5.0 (Windows NT 10.0; Win64; x64) AppleWebKit/537.36 (KHTML, like Gecko) Chrome/148.0.0.0 Safari/537.36\"","service":"visual-whiteboard-api","timestamp":"2026-05-28 04:29:37"}
{"level":"info","message":"::1 - - [27/May/2026:22:59:37 +0000] \"GET /api/v1/whiteboards HTTP/1.1\" 304 - \"http://localhost:5173/\" \"Mozilla/5.0 (Windows NT 10.0; Win64; x64) AppleWebKit/537.36 (KHTML, like Gecko) Chrome/148.0.0.0 Safari/537.36\"","service":"visual-whiteboard-api","timestamp":"2026-05-28 04:29:37"}
{"level":"info","message":"::1 - - [27/May/2026:22:59:37 +0000] \"GET /api/v1/whiteboards/invitations HTTP/1.1\" 304 - \"http://localhost:5173/\" \"Mozilla/5.0 (Windows NT 10.0; Win64; x64) AppleWebKit/537.36 (KHTML, like Gecko) Chrome/148.0.0.0 Safari/537.36\"","service":"visual-whiteboard-api","timestamp":"2026-05-28 04:29:37"}
{"level":"info","message":"::1 - - [27/May/2026:22:59:37 +0000] \"GET /api/v1/whiteboards HTTP/1.1\" 304 - \"http://localhost:5173/\" \"Mozilla/5.0 (Windows NT 10.0; Win64; x64) AppleWebKit/537.36 (KHTML, like Gecko) Chrome/148.0.0.0 Safari/537.36\"","service":"visual-whiteboard-api","timestamp":"2026-05-28 04:29:37"}
{"level":"info","message":"::1 - - [27/May/2026:22:59:37 +0000] \"GET /api/v1/whiteboards/invitations HTTP/1.1\" 304 - \"http://localhost:5173/\" \"Mozilla/5.0 (Windows NT 10.0; Win64; x64) AppleWebKit/537.36 (KHTML, like Gecko) Chrome/148.0.0.0 Safari/537.36\"","service":"visual-whiteboard-api","timestamp":"2026-05-28 04:29:37"}
{"level":"info","message":"::1 - - [27/May/2026:22:59:46 +0000] \"POST /api/v1/auth/login HTTP/1.1\" 200 392 \"http://localhost:5173/\" \"Mozilla/5.0 (Windows NT 10.0; Win64; x64) AppleWebKit/537.36 (KHTML, like Gecko) Chrome/148.0.0.0 Safari/537.36\"","service":"visual-whiteboard-api","timestamp":"2026-05-28 04:29:46"}
{"level":"info","message":"::1 - - [27/May/2026:22:59:46 +0000] \"GET /api/v1/whiteboards HTTP/1.1\" 304 - \"http://localhost:5173/\" \"Mozilla/5.0 (Windows NT 10.0; Win64; x64) AppleWebKit/537.36 (KHTML, like Gecko) Chrome/148.0.0.0 Safari/537.36\"","service":"visual-whiteboard-api","timestamp":"2026-05-28 04:29:46"}
{"level":"info","message":"::1 - - [27/May/2026:22:59:46 +0000] \"GET /api/v1/whiteboards/invitations HTTP/1.1\" 304 - \"http://localhost:5173/\" \"Mozilla/5.0 (Windows NT 10.0; Win64; x64) AppleWebKit/537.36 (KHTML, like Gecko) Chrome/148.0.0.0 Safari/537.36\"","service":"visual-whiteboard-api","timestamp":"2026-05-28 04:29:46"}
{"level":"info","message":"::1 - - [27/May/2026:22:59:46 +0000] \"GET /api/v1/whiteboards/invitations HTTP/1.1\" 304 - \"http://localhost:5173/\" \"Mozilla/5.0 (Windows NT 10.0; Win64; x64) AppleWebKit/537.36 (KHTML, like Gecko) Chrome/148.0.0.0 Safari/537.36\"","service":"visual-whiteboard-api","timestamp":"2026-05-28 04:29:46"}
{"level":"info","message":"::1 - - [27/May/2026:22:59:47 +0000] \"GET /api/v1/whiteboards HTTP/1.1\" 304 - \"http://localhost:5173/\" \"Mozilla/5.0 (Windows NT 10.0; Win64; x64) AppleWebKit/537.36 (KHTML, like Gecko) Chrome/148.0.0.0 Safari/537.36\"","service":"visual-whiteboard-api","timestamp":"2026-05-28 04:29:47"}
{"level":"info","message":"::1 - - [27/May/2026:22:59:48 +0000] \"GET /api/v1/health HTTP/1.1\" 200 86 \"http://localhost:5173/\" \"Mozilla/5.0 (Windows NT 10.0; Win64; x64) AppleWebKit/537.36 (KHTML, like Gecko) Chrome/148.0.0.0 Safari/537.36\"","service":"visual-whiteboard-api","timestamp":"2026-05-28 04:29:48"}
{"level":"info","message":"::1 - - [27/May/2026:22:59:48 +0000] \"GET /api/v1/health HTTP/1.1\" 200 86 \"http://localhost:5173/\" \"Mozilla/5.0 (Windows NT 10.0; Win64; x64) AppleWebKit/537.36 (KHTML, like Gecko) Chrome/148.0.0.0 Safari/537.36\"","service":"visual-whiteboard-api","timestamp":"2026-05-28 04:29:48"}
{"level":"info","message":"Graceful shutdown initiated...","service":"visual-whiteboard-api","timestamp":"2026-05-28 04:29:54"}
