{"level":"error","message":"TypeError: next is not a function\n    at model.<anonymous> (D:\\Dhanush\\javaScriptNode\\rove\\backend\\src\\models\\User.js:52:3)\n    at async Kareem.execPre (D:\\Dhanush\\javaScriptNode\\rove\\backend\\node_modules\\kareem\\index.js:61:24)\n    at async model.$__save (D:\\Dhanush\\javaScriptNode\\rove\\backend\\node_modules\\mongoose\\lib\\model.js:397:5)\n    at async model.save (D:\\Dhanush\\javaScriptNode\\rove\\backend\\node_modules\\mongoose\\lib\\model.js:667:5)\n    at async model.create (D:\\Dhanush\\javaScriptNode\\rove\\backend\\node_modules\\mongoose\\lib\\model.js:2747:5)\n    at async register (D:\\Dhanush\\javaScriptNode\\rove\\backend\\src\\controllers\\auth.controller.js:48:18)","service":"visual-whiteboard-api","timestamp":"2026-05-07 18:18:52"}
{"code":"ECONNREFUSED","level":"error","message":"Redis Client Error","service":"visual-whiteboard-api","stack":"AggregateError [ECONNREFUSED]: \n    at internalConnectMultiple (node:net:1142:49)\n    at afterConnectMultiple (node:net:1723:7)","timestamp":"2026-05-14 18:40:40"}
{"code":"ECONNREFUSED","level":"error","message":"Redis Client Error","service":"visual-whiteboard-api","stack":"AggregateError [ECONNREFUSED]: \n    at internalConnectMultiple (node:net:1142:49)\n    at afterConnectMultiple (node:net:1723:7)","timestamp":"2026-05-14 18:40:40"}
{"code":"ECONNREFUSED","level":"error","message":"Redis Client Error","service":"visual-whiteboard-api","stack":"AggregateError [ECONNREFUSED]: \n    at internalConnectMultiple (node:net:1142:49)\n    at afterConnectMultiple (node:net:1723:7)","timestamp":"2026-05-14 18:40:40"}
{"code":"ECONNREFUSED","level":"error","message":"Redis Client Error","service":"visual-whiteboard-api","stack":"AggregateError [ECONNREFUSED]: \n    at internalConnectMultiple (node:net:1142:49)\n    at afterConnectMultiple (node:net:1723:7)","timestamp":"2026-05-14 18:40:41"}
{"code":"ECONNREFUSED","level":"error","message":"Redis Client Error","service":"visual-whiteboard-api","stack":"AggregateError [ECONNREFUSED]: \n    at internalConnectMultiple (node:net:1142:49)\n    at afterConnectMultiple (node:net:1723:7)","timestamp":"2026-05-14 18:40:41"}
{"code":"ECONNREFUSED","level":"error","message":"Redis Client Error","service":"visual-whiteboard-api","stack":"AggregateError [ECONNREFUSED]: \n    at internalConnectMultiple (node:net:1142:49)\n    at afterConnectMultiple (node:net:1723:7)","timestamp":"2026-05-14 18:40:42"}
{"code":"ECONNREFUSED","level":"error","message":"Redis Client Error","service":"visual-whiteboard-api","stack":"AggregateError [ECONNREFUSED]: \n    at internalConnectMultiple (node:net:1142:49)\n    at afterConnectMultiple (node:net:1723:7)","timestamp":"2026-05-14 18:40:44"}
{"code":"ECONNREFUSED","level":"error","message":"Redis Client Error","service":"visual-whiteboard-api","stack":"AggregateError [ECONNREFUSED]: \n    at internalConnectMultiple (node:net:1142:49)\n    at afterConnectMultiple (node:net:1723:7)","timestamp":"2026-05-14 18:40:46"}
{"code":"ECONNREFUSED","level":"error","message":"Redis Client Error","service":"visual-whiteboard-api","stack":"AggregateError [ECONNREFUSED]: \n    at internalConnectMultiple (node:net:1142:49)\n    at afterConnectMultiple (node:net:1723:7)","timestamp":"2026-05-14 18:40:48"}
{"code":"ECONNREFUSED","level":"error","message":"Redis Client Error","service":"visual-whiteboard-api","stack":"AggregateError [ECONNREFUSED]: \n    at internalConnectMultiple (node:net:1142:49)\n    at afterConnectMultiple (node:net:1723:7)","timestamp":"2026-05-14 18:40:50"}
{"code":"ECONNREFUSED","level":"error","message":"Redis Client Error","service":"visual-whiteboard-api","stack":"AggregateError [ECONNREFUSED]: \n    at internalConnectMultiple (node:net:1142:49)\n    at afterConnectMultiple (node:net:1723:7)","timestamp":"2026-05-14 18:40:52"}
{"code":"ECONNREFUSED","level":"error","message":"Redis Client Error","service":"visual-whiteboard-api","stack":"AggregateError [ECONNREFUSED]: \n    at internalConnectMultiple (node:net:1142:49)\n    at afterConnectMultiple (node:net:1723:7)","timestamp":"2026-05-14 18:40:54"}
{"code":"ECONNREFUSED","level":"error","message":"Redis Client Error","service":"visual-whiteboard-api","stack":"AggregateError [ECONNREFUSED]: \n    at internalConnectMultiple (node:net:1142:49)\n    at afterConnectMultiple (node:net:1723:7)","timestamp":"2026-05-14 18:40:56"}
{"code":"ECONNREFUSED","level":"error","message":"Redis Client Error","service":"visual-whiteboard-api","stack":"AggregateError [ECONNREFUSED]: \n    at internalConnectMultiple (node:net:1142:49)\n    at afterConnectMultiple (node:net:1723:7)","timestamp":"2026-05-14 18:40:58"}
{"code":"ECONNREFUSED","level":"error","message":"Redis Client Error","service":"visual-whiteboard-api","stack":"AggregateError [ECONNREFUSED]: \n    at internalConnectMultiple (node:net:1142:49)\n    at afterConnectMultiple (node:net:1723:7)","timestamp":"2026-05-14 18:41:00"}
{"code":"ECONNREFUSED","level":"error","message":"Redis Client Error","service":"visual-whiteboard-api","stack":"AggregateError [ECONNREFUSED]: \n    at internalConnectMultiple (node:net:1142:49)\n    at afterConnectMultiple (node:net:1723:7)","timestamp":"2026-05-14 18:41:02"}
{"code":"ECONNREFUSED","level":"error","message":"Redis Client Error","service":"visual-whiteboard-api","stack":"AggregateError [ECONNREFUSED]: \n    at internalConnectMultiple (node:net:1142:49)\n    at afterConnectMultiple (node:net:1723:7)","timestamp":"2026-05-14 18:41:05"}
{"code":"ECONNREFUSED","level":"error","message":"Redis Client Error","service":"visual-whiteboard-api","stack":"AggregateError [ECONNREFUSED]: \n    at internalConnectMultiple (node:net:1142:49)\n    at afterConnectMultiple (node:net:1723:7)","timestamp":"2026-05-14 18:41:07"}
{"code":"ECONNREFUSED","level":"error","message":"Redis Client Error","service":"visual-whiteboard-api","stack":"AggregateError [ECONNREFUSED]: \n    at internalConnectMultiple (node:net:1142:49)\n    at afterConnectMultiple (node:net:1723:7)","timestamp":"2026-05-14 18:41:09"}
{"code":"ECONNREFUSED","level":"error","message":"Redis Client Error","service":"visual-whiteboard-api","stack":"AggregateError [ECONNREFUSED]: \n    at internalConnectMultiple (node:net:1142:49)\n    at afterConnectMultiple (node:net:1723:7)","timestamp":"2026-05-14 18:41:11"}
{"code":"ECONNREFUSED","level":"error","message":"Redis Client Error","service":"visual-whiteboard-api","stack":"AggregateError [ECONNREFUSED]: \n    at internalConnectMultiple (node:net:1142:49)\n    at afterConnectMultiple (node:net:1723:7)","timestamp":"2026-05-14 18:41:13"}
{"code":"ECONNREFUSED","level":"error","message":"Redis Client Error","service":"visual-whiteboard-api","stack":"AggregateError [ECONNREFUSED]: \n    at internalConnectMultiple (node:net:1142:49)\n    at afterConnectMultiple (node:net:1723:7)","timestamp":"2026-05-14 18:41:15"}
{"code":"ECONNREFUSED","level":"error","message":"Redis Client Error","service":"visual-whiteboard-api","stack":"AggregateError [ECONNREFUSED]: \n    at internalConnectMultiple (node:net:1142:49)\n    at afterConnectMultiple (node:net:1723:7)","timestamp":"2026-05-14 18:41:17"}
{"code":"ECONNREFUSED","level":"error","message":"Redis Client Error","service":"visual-whiteboard-api","stack":"AggregateError [ECONNREFUSED]: \n    at internalConnectMultiple (node:net:1142:49)\n    at afterConnectMultiple (node:net:1723:7)","timestamp":"2026-05-14 18:41:19"}
{"code":"ECONNREFUSED","level":"error","message":"Redis Client Error","service":"visual-whiteboard-api","stack":"AggregateError [ECONNREFUSED]: \n    at internalConnectMultiple (node:net:1142:49)\n    at afterConnectMultiple (node:net:1723:7)","timestamp":"2026-05-14 18:41:21"}
{"code":"ECONNREFUSED","level":"error","message":"Redis Client Error","service":"visual-whiteboard-api","stack":"AggregateError [ECONNREFUSED]: \n    at internalConnectMultiple (node:net:1142:49)\n    at afterConnectMultiple (node:net:1723:7)","timestamp":"2026-05-14 18:41:23"}
{"code":"ECONNREFUSED","level":"error","message":"Redis Client Error","service":"visual-whiteboard-api","stack":"AggregateError [ECONNREFUSED]: \n    at internalConnectMultiple (node:net:1142:49)\n    at afterConnectMultiple (node:net:1723:7)","timestamp":"2026-05-14 18:41:26"}
{"code":"ECONNREFUSED","level":"error","message":"Redis Client Error","service":"visual-whiteboard-api","stack":"AggregateError [ECONNREFUSED]: \n    at internalConnectMultiple (node:net:1142:49)\n    at afterConnectMultiple (node:net:1723:7)","timestamp":"2026-05-14 18:41:28"}
{"code":"ECONNREFUSED","level":"error","message":"Redis Client Error","service":"visual-whiteboard-api","stack":"AggregateError [ECONNREFUSED]: \n    at internalConnectMultiple (node:net:1142:49)\n    at afterConnectMultiple (node:net:1723:7)","timestamp":"2026-05-14 18:41:30"}
{"code":"ECONNREFUSED","level":"error","message":"Redis Client Error","service":"visual-whiteboard-api","stack":"AggregateError [ECONNREFUSED]: \n    at internalConnectMultiple (node:net:1142:49)\n    at afterConnectMultiple (node:net:1723:7)","timestamp":"2026-05-14 18:41:32"}
{"code":"ECONNREFUSED","level":"error","message":"Redis Client Error","service":"visual-whiteboard-api","stack":"AggregateError [ECONNREFUSED]: \n    at internalConnectMultiple (node:net:1142:49)\n    at afterConnectMultiple (node:net:1723:7)","timestamp":"2026-05-14 18:41:34"}
{"code":"ECONNREFUSED","level":"error","message":"Redis Client Error","service":"visual-whiteboard-api","stack":"AggregateError [ECONNREFUSED]: \n    at internalConnectMultiple (node:net:1142:49)\n    at afterConnectMultiple (node:net:1723:7)","timestamp":"2026-05-14 18:41:36"}
{"code":"ECONNREFUSED","level":"error","message":"Redis Client Error","service":"visual-whiteboard-api","stack":"AggregateError [ECONNREFUSED]: \n    at internalConnectMultiple (node:net:1142:49)\n    at afterConnectMultiple (node:net:1723:7)","timestamp":"2026-05-14 18:41:38"}
{"code":"ECONNREFUSED","level":"error","message":"Redis Client Error","service":"visual-whiteboard-api","stack":"AggregateError [ECONNREFUSED]: \n    at internalConnectMultiple (node:net:1142:49)\n    at afterConnectMultiple (node:net:1723:7)","timestamp":"2026-05-14 18:41:41"}
{"code":"ECONNREFUSED","level":"error","message":"Redis Client Error","service":"visual-whiteboard-api","stack":"AggregateError [ECONNREFUSED]: \n    at internalConnectMultiple (node:net:1142:49)\n    at afterConnectMultiple (node:net:1723:7)","timestamp":"2026-05-14 18:41:43"}
{"code":"ECONNREFUSED","level":"error","message":"Redis Client Error","service":"visual-whiteboard-api","stack":"AggregateError [ECONNREFUSED]: \n    at internalConnectMultiple (node:net:1142:49)\n    at afterConnectMultiple (node:net:1723:7)","timestamp":"2026-05-14 18:41:45"}
{"code":"ECONNREFUSED","level":"error","message":"Redis Client Error","service":"visual-whiteboard-api","stack":"AggregateError [ECONNREFUSED]: \n    at internalConnectMultiple (node:net:1142:49)\n    at afterConnectMultiple (node:net:1723:7)","timestamp":"2026-05-14 18:41:47"}
{"code":"ECONNREFUSED","level":"error","message":"Redis Client Error","service":"visual-whiteboard-api","stack":"AggregateError [ECONNREFUSED]: \n    at internalConnectMultiple (node:net:1142:49)\n    at afterConnectMultiple (node:net:1723:7)","timestamp":"2026-05-14 18:41:49"}
{"code":"ECONNREFUSED","level":"error","message":"Redis Client Error","service":"visual-whiteboard-api","stack":"AggregateError [ECONNREFUSED]: \n    at internalConnectMultiple (node:net:1142:49)\n    at afterConnectMultiple (node:net:1723:7)","timestamp":"2026-05-14 18:41:51"}
{"code":"ECONNREFUSED","level":"error","message":"Redis Client Error","service":"visual-whiteboard-api","stack":"AggregateError [ECONNREFUSED]: \n    at internalConnectMultiple (node:net:1142:49)\n    at afterConnectMultiple (node:net:1723:7)","timestamp":"2026-05-14 18:41:53"}
{"code":"ECONNREFUSED","level":"error","message":"Redis Client Error","service":"visual-whiteboard-api","stack":"AggregateError [ECONNREFUSED]: \n    at internalConnectMultiple (node:net:1142:49)\n    at afterConnectMultiple (node:net:1723:7)","timestamp":"2026-05-14 18:41:55"}
{"code":"ECONNREFUSED","level":"error","message":"Redis Client Error","service":"visual-whiteboard-api","stack":"AggregateError [ECONNREFUSED]: \n    at internalConnectMultiple (node:net:1142:49)\n    at afterConnectMultiple (node:net:1723:7)","timestamp":"2026-05-14 18:41:58"}
{"code":"ECONNREFUSED","level":"error","message":"Redis Client Error","service":"visual-whiteboard-api","stack":"AggregateError [ECONNREFUSED]: \n    at internalConnectMultiple (node:net:1142:49)\n    at afterConnectMultiple (node:net:1723:7)","timestamp":"2026-05-14 18:42:00"}
{"code":"ECONNREFUSED","level":"error","message":"Redis Client Error","service":"visual-whiteboard-api","stack":"AggregateError [ECONNREFUSED]: \n    at internalConnectMultiple (node:net:1142:49)\n    at afterConnectMultiple (node:net:1723:7)","timestamp":"2026-05-14 18:42:02"}
{"code":"ECONNREFUSED","level":"error","message":"Redis Client Error","service":"visual-whiteboard-api","stack":"AggregateError [ECONNREFUSED]: \n    at internalConnectMultiple (node:net:1142:49)\n    at afterConnectMultiple (node:net:1723:7)","timestamp":"2026-05-14 18:42:04"}
{"code":"ECONNREFUSED","level":"error","message":"Redis Client Error","service":"visual-whiteboard-api","stack":"AggregateError [ECONNREFUSED]: \n    at internalConnectMultiple (node:net:1142:49)\n    at afterConnectMultiple (node:net:1723:7)","timestamp":"2026-05-14 18:42:06"}
{"code":"ECONNREFUSED","level":"error","message":"Redis Client Error","service":"visual-whiteboard-api","stack":"AggregateError [ECONNREFUSED]: \n    at internalConnectMultiple (node:net:1142:49)\n    at afterConnectMultiple (node:net:1723:7)","timestamp":"2026-05-14 18:42:08"}
{"code":"ECONNREFUSED","level":"error","message":"Redis Client Error","service":"visual-whiteboard-api","stack":"AggregateError [ECONNREFUSED]: \n    at internalConnectMultiple (node:net:1142:49)\n    at afterConnectMultiple (node:net:1723:7)","timestamp":"2026-05-14 18:42:11"}
{"code":"ECONNREFUSED","level":"error","message":"Redis Client Error","service":"visual-whiteboard-api","stack":"AggregateError [ECONNREFUSED]: \n    at internalConnectMultiple (node:net:1142:49)\n    at afterConnectMultiple (node:net:1723:7)","timestamp":"2026-05-14 18:42:13"}
{"code":"ECONNREFUSED","level":"error","message":"Redis Client Error","service":"visual-whiteboard-api","stack":"AggregateError [ECONNREFUSED]: \n    at internalConnectMultiple (node:net:1142:49)\n    at afterConnectMultiple (node:net:1723:7)","timestamp":"2026-05-14 18:42:15"}
{"code":"ECONNREFUSED","level":"error","message":"Redis Client Error","service":"visual-whiteboard-api","stack":"AggregateError [ECONNREFUSED]: \n    at internalConnectMultiple (node:net:1142:49)\n    at afterConnectMultiple (node:net:1723:7)","timestamp":"2026-05-14 18:42:17"}
{"code":"ECONNREFUSED","level":"error","message":"Redis Client Error","service":"visual-whiteboard-api","stack":"AggregateError [ECONNREFUSED]: \n    at internalConnectMultiple (node:net:1142:49)\n    at afterConnectMultiple (node:net:1723:7)","timestamp":"2026-05-14 18:42:19"}
{"code":"ECONNREFUSED","level":"error","message":"Redis Client Error","service":"visual-whiteboard-api","stack":"AggregateError [ECONNREFUSED]: \n    at internalConnectMultiple (node:net:1142:49)\n    at afterConnectMultiple (node:net:1723:7)","timestamp":"2026-05-14 18:42:21"}
{"code":"ECONNREFUSED","level":"error","message":"Redis Client Error","service":"visual-whiteboard-api","stack":"AggregateError [ECONNREFUSED]: \n    at internalConnectMultiple (node:net:1142:49)\n    at afterConnectMultiple (node:net:1723:7)","timestamp":"2026-05-14 18:42:23"}
{"code":"ECONNREFUSED","level":"error","message":"Redis Client Error","service":"visual-whiteboard-api","stack":"AggregateError [ECONNREFUSED]: \n    at internalConnectMultiple (node:net:1142:49)\n    at afterConnectMultiple (node:net:1723:7)","timestamp":"2026-05-14 18:42:25"}
{"code":"ECONNREFUSED","level":"error","message":"Redis Client Error","service":"visual-whiteboard-api","stack":"AggregateError [ECONNREFUSED]: \n    at internalConnectMultiple (node:net:1142:49)\n    at afterConnectMultiple (node:net:1723:7)","timestamp":"2026-05-14 18:42:27"}
{"code":"ECONNREFUSED","level":"error","message":"Redis Client Error","service":"visual-whiteboard-api","stack":"AggregateError [ECONNREFUSED]: \n    at internalConnectMultiple (node:net:1142:49)\n    at afterConnectMultiple (node:net:1723:7)","timestamp":"2026-05-14 18:42:29"}
{"code":"ECONNREFUSED","level":"error","message":"Redis Client Error","service":"visual-whiteboard-api","stack":"AggregateError [ECONNREFUSED]: \n    at internalConnectMultiple (node:net:1142:49)\n    at afterConnectMultiple (node:net:1723:7)","timestamp":"2026-05-14 18:42:31"}
{"code":"ECONNREFUSED","level":"error","message":"Redis Client Error","service":"visual-whiteboard-api","stack":"AggregateError [ECONNREFUSED]: \n    at internalConnectMultiple (node:net:1142:49)\n    at afterConnectMultiple (node:net:1723:7)","timestamp":"2026-05-14 18:42:34"}
{"code":"ECONNREFUSED","level":"error","message":"Redis Client Error","service":"visual-whiteboard-api","stack":"AggregateError [ECONNREFUSED]: \n    at internalConnectMultiple (node:net:1142:49)\n    at afterConnectMultiple (node:net:1723:7)","timestamp":"2026-05-14 18:42:36"}
{"code":"ECONNREFUSED","level":"error","message":"Redis Client Error","service":"visual-whiteboard-api","stack":"AggregateError [ECONNREFUSED]: \n    at internalConnectMultiple (node:net:1142:49)\n    at afterConnectMultiple (node:net:1723:7)","timestamp":"2026-05-14 18:42:38"}
{"code":"ECONNREFUSED","level":"error","message":"Redis Client Error","service":"visual-whiteboard-api","stack":"AggregateError [ECONNREFUSED]: \n    at internalConnectMultiple (node:net:1142:49)\n    at afterConnectMultiple (node:net:1723:7)","timestamp":"2026-05-14 18:42:40"}
{"code":"ECONNREFUSED","level":"error","message":"Redis Client Error","service":"visual-whiteboard-api","stack":"AggregateError [ECONNREFUSED]: \n    at internalConnectMultiple (node:net:1142:49)\n    at afterConnectMultiple (node:net:1723:7)","timestamp":"2026-05-14 18:42:42"}
{"code":"ECONNREFUSED","level":"error","message":"Redis Client Error","service":"visual-whiteboard-api","stack":"AggregateError [ECONNREFUSED]: \n    at internalConnectMultiple (node:net:1142:49)\n    at afterConnectMultiple (node:net:1723:7)","timestamp":"2026-05-14 18:42:44"}
{"code":"ECONNREFUSED","level":"error","message":"Redis Client Error","service":"visual-whiteboard-api","stack":"AggregateError [ECONNREFUSED]: \n    at internalConnectMultiple (node:net:1142:49)\n    at afterConnectMultiple (node:net:1723:7)","timestamp":"2026-05-14 18:42:46"}
{"code":"ECONNREFUSED","level":"error","message":"Redis Client Error","service":"visual-whiteboard-api","stack":"AggregateError [ECONNREFUSED]: \n    at internalConnectMultiple (node:net:1142:49)\n    at afterConnectMultiple (node:net:1723:7)","timestamp":"2026-05-14 18:42:48"}
{"code":"ECONNREFUSED","level":"error","message":"Redis Client Error","service":"visual-whiteboard-api","stack":"AggregateError [ECONNREFUSED]: \n    at internalConnectMultiple (node:net:1142:49)\n    at afterConnectMultiple (node:net:1723:7)","timestamp":"2026-05-14 18:42:50"}
{"code":"ECONNREFUSED","level":"error","message":"Redis Client Error","service":"visual-whiteboard-api","stack":"AggregateError [ECONNREFUSED]: \n    at internalConnectMultiple (node:net:1142:49)\n    at afterConnectMultiple (node:net:1723:7)","timestamp":"2026-05-14 18:42:52"}
{"code":"ECONNREFUSED","level":"error","message":"Redis Client Error","service":"visual-whiteboard-api","stack":"AggregateError [ECONNREFUSED]: \n    at internalConnectMultiple (node:net:1142:49)\n    at afterConnectMultiple (node:net:1723:7)","timestamp":"2026-05-14 18:42:54"}
{"code":"ECONNREFUSED","level":"error","message":"Redis Client Error","service":"visual-whiteboard-api","stack":"AggregateError [ECONNREFUSED]: \n    at internalConnectMultiple (node:net:1142:49)\n    at afterConnectMultiple (node:net:1723:7)","timestamp":"2026-05-14 18:42:57"}
{"code":"ECONNREFUSED","level":"error","message":"Redis Client Error","service":"visual-whiteboard-api","stack":"AggregateError [ECONNREFUSED]: \n    at internalConnectMultiple (node:net:1142:49)\n    at afterConnectMultiple (node:net:1723:7)","timestamp":"2026-05-14 18:42:59"}
{"code":"ECONNREFUSED","level":"error","message":"Redis Client Error","service":"visual-whiteboard-api","stack":"AggregateError [ECONNREFUSED]: \n    at internalConnectMultiple (node:net:1142:49)\n    at afterConnectMultiple (node:net:1723:7)","timestamp":"2026-05-14 18:43:01"}
{"code":"ECONNREFUSED","level":"error","message":"Redis Client Error","service":"visual-whiteboard-api","stack":"AggregateError [ECONNREFUSED]: \n    at internalConnectMultiple (node:net:1142:49)\n    at afterConnectMultiple (node:net:1723:7)","timestamp":"2026-05-14 18:43:03"}
{"code":"ECONNREFUSED","level":"error","message":"Redis Client Error","service":"visual-whiteboard-api","stack":"AggregateError [ECONNREFUSED]: \n    at internalConnectMultiple (node:net:1142:49)\n    at afterConnectMultiple (node:net:1723:7)","timestamp":"2026-05-14 18:43:05"}
{"code":"ECONNREFUSED","level":"error","message":"Redis Client Error","service":"visual-whiteboard-api","stack":"AggregateError [ECONNREFUSED]: \n    at internalConnectMultiple (node:net:1142:49)\n    at afterConnectMultiple (node:net:1723:7)","timestamp":"2026-05-14 18:43:07"}
{"code":"ECONNREFUSED","level":"error","message":"Redis Client Error","service":"visual-whiteboard-api","stack":"AggregateError [ECONNREFUSED]: \n    at internalConnectMultiple (node:net:1142:49)\n    at afterConnectMultiple (node:net:1723:7)","timestamp":"2026-05-14 18:43:09"}
{"code":"ECONNREFUSED","level":"error","message":"Redis Client Error","service":"visual-whiteboard-api","stack":"AggregateError [ECONNREFUSED]: \n    at internalConnectMultiple (node:net:1142:49)\n    at afterConnectMultiple (node:net:1723:7)","timestamp":"2026-05-14 18:43:11"}
{"code":"ECONNREFUSED","level":"error","message":"Redis Client Error","service":"visual-whiteboard-api","stack":"AggregateError [ECONNREFUSED]: \n    at internalConnectMultiple (node:net:1142:49)\n    at afterConnectMultiple (node:net:1723:7)","timestamp":"2026-05-14 18:43:14"}
{"code":"ECONNREFUSED","level":"error","message":"Redis Client Error","service":"visual-whiteboard-api","stack":"AggregateError [ECONNREFUSED]: \n    at internalConnectMultiple (node:net:1142:49)\n    at afterConnectMultiple (node:net:1723:7)","timestamp":"2026-05-14 18:43:16"}
{"code":"ECONNREFUSED","level":"error","message":"Redis Client Error","service":"visual-whiteboard-api","stack":"AggregateError [ECONNREFUSED]: \n    at internalConnectMultiple (node:net:1142:49)\n    at afterConnectMultiple (node:net:1723:7)","timestamp":"2026-05-14 18:43:18"}
{"code":"ECONNREFUSED","level":"error","message":"Redis Client Error","service":"visual-whiteboard-api","stack":"AggregateError [ECONNREFUSED]: \n    at internalConnectMultiple (node:net:1142:49)\n    at afterConnectMultiple (node:net:1723:7)","timestamp":"2026-05-14 18:43:20"}
{"code":"ECONNREFUSED","level":"error","message":"Redis Client Error","service":"visual-whiteboard-api","stack":"AggregateError [ECONNREFUSED]: \n    at internalConnectMultiple (node:net:1142:49)\n    at afterConnectMultiple (node:net:1723:7)","timestamp":"2026-05-14 18:43:22"}
{"level":"error","message":"Redis Client Error Socket closed unexpectedly","service":"visual-whiteboard-api","stack":"Error: Socket closed unexpectedly\n    at Socket.<anonymous> (D:\\Dhanush\\javaScriptNode\\rove\\backend\\node_modules\\@redis\\client\\dist\\lib\\client\\socket.js:250:33)\n    at Object.onceWrapper (node:events:623:26)\n    at Socket.emit (node:events:508:28)\n    at TCP.<anonymous> (node:net:346:12)","timestamp":"2026-05-14 18:43:33"}
{"level":"error","message":"Redis Client Error Socket closed unexpectedly","service":"visual-whiteboard-api","stack":"Error: Socket closed unexpectedly\n    at Socket.<anonymous> (D:\\Dhanush\\javaScriptNode\\rove\\backend\\node_modules\\@redis\\client\\dist\\lib\\client\\socket.js:250:33)\n    at Object.onceWrapper (node:events:623:26)\n    at Socket.emit (node:events:508:28)\n    at TCP.<anonymous> (node:net:346:12)","timestamp":"2026-05-14 18:43:33"}
{"level":"error","message":"Redis Client Error Socket closed unexpectedly","service":"visual-whiteboard-api","stack":"Error: Socket closed unexpectedly\n    at Socket.<anonymous> (D:\\Dhanush\\javaScriptNode\\rove\\backend\\node_modules\\@redis\\client\\dist\\lib\\client\\socket.js:250:33)\n    at Object.onceWrapper (node:events:623:26)\n    at Socket.emit (node:events:508:28)\n    at TCP.<anonymous> (node:net:346:12)","timestamp":"2026-05-14 18:43:33"}
{"level":"error","message":"Redis Client Error Socket closed unexpectedly","service":"visual-whiteboard-api","stack":"Error: Socket closed unexpectedly\n    at Socket.<anonymous> (D:\\Dhanush\\javaScriptNode\\rove\\backend\\node_modules\\@redis\\client\\dist\\lib\\client\\socket.js:250:33)\n    at Object.onceWrapper (node:events:623:26)\n    at Socket.emit (node:events:508:28)\n    at TCP.<anonymous> (node:net:346:12)","timestamp":"2026-05-14 18:43:33"}
{"level":"error","message":"Redis Client Error Socket closed unexpectedly","service":"visual-whiteboard-api","stack":"Error: Socket closed unexpectedly\n    at Socket.<anonymous> (D:\\Dhanush\\javaScriptNode\\rove\\backend\\node_modules\\@redis\\client\\dist\\lib\\client\\socket.js:250:33)\n    at Object.onceWrapper (node:events:623:26)\n    at Socket.emit (node:events:508:28)\n    at TCP.<anonymous> (node:net:346:12)","timestamp":"2026-05-14 18:43:33"}
{"level":"error","message":"Redis Client Error Socket closed unexpectedly","service":"visual-whiteboard-api","stack":"Error: Socket closed unexpectedly\n    at Socket.<anonymous> (D:\\Dhanush\\javaScriptNode\\rove\\backend\\node_modules\\@redis\\client\\dist\\lib\\client\\socket.js:250:33)\n    at Object.onceWrapper (node:events:623:26)\n    at Socket.emit (node:events:508:28)\n    at TCP.<anonymous> (node:net:346:12)","timestamp":"2026-05-14 18:43:34"}
{"code":"ECONNRESET","errno":-4077,"level":"error","message":"Redis Client Error read ECONNRESET","service":"visual-whiteboard-api","stack":"Error: read ECONNRESET\n    at TCP.onStreamRead (node:internal/stream_base_commons:216:20)","syscall":"read","timestamp":"2026-05-14 18:43:37"}
{"code":"ECONNREFUSED","level":"error","message":"Redis Client Error","service":"visual-whiteboard-api","stack":"AggregateError [ECONNREFUSED]: \n    at internalConnectMultiple (node:net:1142:49)\n    at afterConnectMultiple (node:net:1723:7)","timestamp":"2026-05-14 18:43:39"}
{"code":"ECONNREFUSED","level":"error","message":"Redis Client Error","service":"visual-whiteboard-api","stack":"AggregateError [ECONNREFUSED]: \n    at internalConnectMultiple (node:net:1142:49)\n    at afterConnectMultiple (node:net:1723:7)","timestamp":"2026-05-14 18:43:41"}
{"code":"ECONNREFUSED","level":"error","message":"Redis Client Error","service":"visual-whiteboard-api","stack":"AggregateError [ECONNREFUSED]: \n    at internalConnectMultiple (node:net:1142:49)\n    at afterConnectMultiple (node:net:1723:7)","timestamp":"2026-05-14 18:43:43"}
{"code":"ECONNREFUSED","level":"error","message":"Redis Client Error","service":"visual-whiteboard-api","stack":"AggregateError [ECONNREFUSED]: \n    at internalConnectMultiple (node:net:1142:49)\n    at afterConnectMultiple (node:net:1723:7)","timestamp":"2026-05-14 18:43:45"}
{"code":"ECONNREFUSED","level":"error","message":"Redis Client Error","service":"visual-whiteboard-api","stack":"AggregateError [ECONNREFUSED]: \n    at internalConnectMultiple (node:net:1142:49)\n    at afterConnectMultiple (node:net:1723:7)","timestamp":"2026-05-14 18:43:47"}
{"code":"ECONNREFUSED","level":"error","message":"Redis Client Error","service":"visual-whiteboard-api","stack":"AggregateError [ECONNREFUSED]: \n    at internalConnectMultiple (node:net:1142:49)\n    at afterConnectMultiple (node:net:1723:7)","timestamp":"2026-05-14 18:43:49"}
{"code":"ECONNREFUSED","level":"error","message":"Redis Client Error","service":"visual-whiteboard-api","stack":"AggregateError [ECONNREFUSED]: \n    at internalConnectMultiple (node:net:1142:49)\n    at afterConnectMultiple (node:net:1723:7)","timestamp":"2026-05-14 18:43:51"}
{"code":"ECONNREFUSED","level":"error","message":"Redis Client Error","service":"visual-whiteboard-api","stack":"AggregateError [ECONNREFUSED]: \n    at internalConnectMultiple (node:net:1142:49)\n    at afterConnectMultiple (node:net:1723:7)","timestamp":"2026-05-14 18:43:53"}
{"code":"ECONNREFUSED","level":"error","message":"Redis Client Error","service":"visual-whiteboard-api","stack":"AggregateError [ECONNREFUSED]: \n    at internalConnectMultiple (node:net:1142:49)\n    at afterConnectMultiple (node:net:1723:7)","timestamp":"2026-05-14 18:43:56"}
{"code":"ECONNREFUSED","level":"error","message":"Redis Client Error","service":"visual-whiteboard-api","stack":"AggregateError [ECONNREFUSED]: \n    at internalConnectMultiple (node:net:1142:49)\n    at afterConnectMultiple (node:net:1723:7)","timestamp":"2026-05-14 18:43:58"}
{"code":"ECONNREFUSED","level":"error","message":"Redis Client Error","service":"visual-whiteboard-api","stack":"AggregateError [ECONNREFUSED]: \n    at internalConnectMultiple (node:net:1142:49)\n    at afterConnectMultiple (node:net:1723:7)","timestamp":"2026-05-14 18:44:00"}
{"code":"ECONNREFUSED","level":"error","message":"Redis Client Error","service":"visual-whiteboard-api","stack":"AggregateError [ECONNREFUSED]: \n    at internalConnectMultiple (node:net:1142:49)\n    at afterConnectMultiple (node:net:1723:7)","timestamp":"2026-05-14 18:44:02"}
{"code":"ECONNREFUSED","level":"error","message":"Redis Client Error","service":"visual-whiteboard-api","stack":"AggregateError [ECONNREFUSED]: \n    at internalConnectMultiple (node:net:1142:49)\n    at afterConnectMultiple (node:net:1723:7)","timestamp":"2026-05-14 18:44:04"}
{"code":"ECONNREFUSED","level":"error","message":"Redis Client Error","service":"visual-whiteboard-api","stack":"AggregateError [ECONNREFUSED]: \n    at internalConnectMultiple (node:net:1142:49)\n    at afterConnectMultiple (node:net:1723:7)","timestamp":"2026-05-14 18:44:06"}
{"code":"ECONNREFUSED","level":"error","message":"Redis Client Error","service":"visual-whiteboard-api","stack":"AggregateError [ECONNREFUSED]: \n    at internalConnectMultiple (node:net:1142:49)\n    at afterConnectMultiple (node:net:1723:7)","timestamp":"2026-05-14 18:44:08"}
{"code":"ECONNREFUSED","level":"error","message":"Redis Client Error","service":"visual-whiteboard-api","stack":"AggregateError [ECONNREFUSED]: \n    at internalConnectMultiple (node:net:1142:49)\n    at afterConnectMultiple (node:net:1723:7)","timestamp":"2026-05-14 18:44:10"}
{"code":"ECONNREFUSED","level":"error","message":"Redis Client Error","service":"visual-whiteboard-api","stack":"AggregateError [ECONNREFUSED]: \n    at internalConnectMultiple (node:net:1142:49)\n    at afterConnectMultiple (node:net:1723:7)","timestamp":"2026-05-14 18:44:12"}
{"code":"ECONNREFUSED","level":"error","message":"Redis Client Error","service":"visual-whiteboard-api","stack":"AggregateError [ECONNREFUSED]: \n    at internalConnectMultiple (node:net:1142:49)\n    at afterConnectMultiple (node:net:1723:7)","timestamp":"2026-05-14 18:44:15"}
{"code":"ECONNREFUSED","level":"error","message":"Redis Client Error","service":"visual-whiteboard-api","stack":"AggregateError [ECONNREFUSED]: \n    at internalConnectMultiple (node:net:1142:49)\n    at afterConnectMultiple (node:net:1723:7)","timestamp":"2026-05-14 18:44:17"}
{"code":"ECONNREFUSED","level":"error","message":"Redis Client Error","service":"visual-whiteboard-api","stack":"AggregateError [ECONNREFUSED]: \n    at internalConnectMultiple (node:net:1142:49)\n    at afterConnectMultiple (node:net:1723:7)","timestamp":"2026-05-14 18:44:19"}
{"code":"ECONNREFUSED","level":"error","message":"Redis Client Error","service":"visual-whiteboard-api","stack":"AggregateError [ECONNREFUSED]: \n    at internalConnectMultiple (node:net:1142:49)\n    at afterConnectMultiple (node:net:1723:7)","timestamp":"2026-05-14 18:44:21"}
{"code":"ECONNREFUSED","level":"error","message":"Redis Client Error","service":"visual-whiteboard-api","stack":"AggregateError [ECONNREFUSED]: \n    at internalConnectMultiple (node:net:1142:49)\n    at afterConnectMultiple (node:net:1723:7)","timestamp":"2026-05-14 18:44:23"}
{"code":"ECONNREFUSED","level":"error","message":"Redis Client Error","service":"visual-whiteboard-api","stack":"AggregateError [ECONNREFUSED]: \n    at internalConnectMultiple (node:net:1142:49)\n    at afterConnectMultiple (node:net:1723:7)","timestamp":"2026-05-14 18:44:25"}
{"code":"ECONNREFUSED","level":"error","message":"Redis Client Error","service":"visual-whiteboard-api","stack":"AggregateError [ECONNREFUSED]: \n    at internalConnectMultiple (node:net:1142:49)\n    at afterConnectMultiple (node:net:1723:7)","timestamp":"2026-05-14 18:44:28"}
{"code":"ECONNREFUSED","level":"error","message":"Redis Client Error","service":"visual-whiteboard-api","stack":"AggregateError [ECONNREFUSED]: \n    at internalConnectMultiple (node:net:1142:49)\n    at afterConnectMultiple (node:net:1723:7)","timestamp":"2026-05-14 18:44:30"}
{"code":"ECONNREFUSED","level":"error","message":"Redis Client Error","service":"visual-whiteboard-api","stack":"AggregateError [ECONNREFUSED]: \n    at internalConnectMultiple (node:net:1142:49)\n    at afterConnectMultiple (node:net:1723:7)","timestamp":"2026-05-14 18:44:32"}
{"code":"ECONNREFUSED","level":"error","message":"Redis Client Error","service":"visual-whiteboard-api","stack":"AggregateError [ECONNREFUSED]: \n    at internalConnectMultiple (node:net:1142:49)\n    at afterConnectMultiple (node:net:1723:7)","timestamp":"2026-05-14 18:44:34"}
{"code":"ECONNREFUSED","level":"error","message":"Redis Client Error","service":"visual-whiteboard-api","stack":"AggregateError [ECONNREFUSED]: \n    at internalConnectMultiple (node:net:1142:49)\n    at afterConnectMultiple (node:net:1723:7)","timestamp":"2026-05-14 18:44:36"}
{"code":"ECONNREFUSED","level":"error","message":"Redis Client Error","service":"visual-whiteboard-api","stack":"AggregateError [ECONNREFUSED]: \n    at internalConnectMultiple (node:net:1142:49)\n    at afterConnectMultiple (node:net:1723:7)","timestamp":"2026-05-14 18:44:38"}
{"code":"ECONNREFUSED","level":"error","message":"Redis Client Error","service":"visual-whiteboard-api","stack":"AggregateError [ECONNREFUSED]: \n    at internalConnectMultiple (node:net:1142:49)\n    at afterConnectMultiple (node:net:1723:7)","timestamp":"2026-05-14 18:44:40"}
{"code":"ECONNREFUSED","level":"error","message":"Redis Client Error","service":"visual-whiteboard-api","stack":"AggregateError [ECONNREFUSED]: \n    at internalConnectMultiple (node:net:1142:49)\n    at afterConnectMultiple (node:net:1723:7)","timestamp":"2026-05-14 18:44:42"}
{"code":"ECONNREFUSED","level":"error","message":"Redis Client Error","service":"visual-whiteboard-api","stack":"AggregateError [ECONNREFUSED]: \n    at internalConnectMultiple (node:net:1142:49)\n    at afterConnectMultiple (node:net:1723:7)","timestamp":"2026-05-14 18:44:44"}
{"code":"ECONNREFUSED","level":"error","message":"Redis Client Error","service":"visual-whiteboard-api","stack":"AggregateError [ECONNREFUSED]: \n    at internalConnectMultiple (node:net:1142:49)\n    at afterConnectMultiple (node:net:1723:7)","timestamp":"2026-05-14 18:44:46"}
{"code":"ECONNREFUSED","level":"error","message":"Redis Client Error","service":"visual-whiteboard-api","stack":"AggregateError [ECONNREFUSED]: \n    at internalConnectMultiple (node:net:1142:49)\n    at afterConnectMultiple (node:net:1723:7)","timestamp":"2026-05-14 18:44:49"}
{"code":"ECONNREFUSED","level":"error","message":"Redis Client Error","service":"visual-whiteboard-api","stack":"AggregateError [ECONNREFUSED]: \n    at internalConnectMultiple (node:net:1142:49)\n    at afterConnectMultiple (node:net:1723:7)","timestamp":"2026-05-14 18:44:51"}
{"code":"ECONNREFUSED","level":"error","message":"Redis Client Error","service":"visual-whiteboard-api","stack":"AggregateError [ECONNREFUSED]: \n    at internalConnectMultiple (node:net:1142:49)\n    at afterConnectMultiple (node:net:1723:7)","timestamp":"2026-05-14 18:44:53"}
{"code":"ECONNREFUSED","level":"error","message":"Redis Client Error","service":"visual-whiteboard-api","stack":"AggregateError [ECONNREFUSED]: \n    at internalConnectMultiple (node:net:1142:49)\n    at afterConnectMultiple (node:net:1723:7)","timestamp":"2026-05-14 18:44:55"}
{"code":"ECONNREFUSED","level":"error","message":"Redis Client Error","service":"visual-whiteboard-api","stack":"AggregateError [ECONNREFUSED]: \n    at internalConnectMultiple (node:net:1142:49)\n    at afterConnectMultiple (node:net:1723:7)","timestamp":"2026-05-14 18:44:57"}
{"code":"ECONNREFUSED","level":"error","message":"Redis Client Error","service":"visual-whiteboard-api","stack":"AggregateError [ECONNREFUSED]: \n    at internalConnectMultiple (node:net:1142:49)\n    at afterConnectMultiple (node:net:1723:7)","timestamp":"2026-05-14 18:44:59"}
{"code":"ECONNREFUSED","level":"error","message":"Redis Client Error","service":"visual-whiteboard-api","stack":"AggregateError [ECONNREFUSED]: \n    at internalConnectMultiple (node:net:1142:49)\n    at afterConnectMultiple (node:net:1723:7)","timestamp":"2026-05-14 18:45:01"}
{"code":"ECONNREFUSED","level":"error","message":"Redis Client Error","service":"visual-whiteboard-api","stack":"AggregateError [ECONNREFUSED]: \n    at internalConnectMultiple (node:net:1142:49)\n    at afterConnectMultiple (node:net:1723:7)","timestamp":"2026-05-14 18:45:03"}
{"code":"ECONNREFUSED","level":"error","message":"Redis Client Error","service":"visual-whiteboard-api","stack":"AggregateError [ECONNREFUSED]: \n    at internalConnectMultiple (node:net:1142:49)\n    at afterConnectMultiple (node:net:1723:7)","timestamp":"2026-05-14 18:45:06"}
{"code":"ECONNREFUSED","level":"error","message":"Redis Client Error","service":"visual-whiteboard-api","stack":"AggregateError [ECONNREFUSED]: \n    at internalConnectMultiple (node:net:1142:49)\n    at afterConnectMultiple (node:net:1723:7)","timestamp":"2026-05-14 18:45:08"}
{"code":"ECONNREFUSED","level":"error","message":"Redis Client Error","service":"visual-whiteboard-api","stack":"AggregateError [ECONNREFUSED]: \n    at internalConnectMultiple (node:net:1142:49)\n    at afterConnectMultiple (node:net:1723:7)","timestamp":"2026-05-14 18:45:10"}
{"code":"ECONNREFUSED","level":"error","message":"Redis Client Error","service":"visual-whiteboard-api","stack":"AggregateError [ECONNREFUSED]: \n    at internalConnectMultiple (node:net:1142:49)\n    at afterConnectMultiple (node:net:1723:7)","timestamp":"2026-05-14 18:45:12"}
{"code":"ECONNREFUSED","level":"error","message":"Redis Client Error","service":"visual-whiteboard-api","stack":"AggregateError [ECONNREFUSED]: \n    at internalConnectMultiple (node:net:1142:49)\n    at afterConnectMultiple (node:net:1723:7)","timestamp":"2026-05-14 18:45:14"}
{"code":"ECONNREFUSED","level":"error","message":"Redis Client Error","service":"visual-whiteboard-api","stack":"AggregateError [ECONNREFUSED]: \n    at internalConnectMultiple (node:net:1142:49)\n    at afterConnectMultiple (node:net:1723:7)","timestamp":"2026-05-14 18:45:16"}
{"code":"ECONNREFUSED","level":"error","message":"Redis Client Error","service":"visual-whiteboard-api","stack":"AggregateError [ECONNREFUSED]: \n    at internalConnectMultiple (node:net:1142:49)\n    at afterConnectMultiple (node:net:1723:7)","timestamp":"2026-05-14 18:45:18"}
{"code":"ECONNREFUSED","level":"error","message":"Redis Client Error","service":"visual-whiteboard-api","stack":"AggregateError [ECONNREFUSED]: \n    at internalConnectMultiple (node:net:1142:49)\n    at afterConnectMultiple (node:net:1723:7)","timestamp":"2026-05-14 18:45:20"}
{"code":"ECONNREFUSED","level":"error","message":"Redis Client Error","service":"visual-whiteboard-api","stack":"AggregateError [ECONNREFUSED]: \n    at internalConnectMultiple (node:net:1142:49)\n    at afterConnectMultiple (node:net:1723:7)","timestamp":"2026-05-14 18:45:23"}
{"code":"ECONNREFUSED","level":"error","message":"Redis Client Error","service":"visual-whiteboard-api","stack":"AggregateError [ECONNREFUSED]: \n    at internalConnectMultiple (node:net:1142:49)\n    at afterConnectMultiple (node:net:1723:7)","timestamp":"2026-05-14 18:45:25"}
{"code":"ECONNREFUSED","level":"error","message":"Redis Client Error","service":"visual-whiteboard-api","stack":"AggregateError [ECONNREFUSED]: \n    at internalConnectMultiple (node:net:1142:49)\n    at afterConnectMultiple (node:net:1723:7)","timestamp":"2026-05-14 18:45:27"}
{"code":"ECONNREFUSED","level":"error","message":"Redis Client Error","service":"visual-whiteboard-api","stack":"AggregateError [ECONNREFUSED]: \n    at internalConnectMultiple (node:net:1142:49)\n    at afterConnectMultiple (node:net:1723:7)","timestamp":"2026-05-14 18:45:29"}
{"code":"ECONNREFUSED","level":"error","message":"Redis Client Error","service":"visual-whiteboard-api","stack":"AggregateError [ECONNREFUSED]: \n    at internalConnectMultiple (node:net:1142:49)\n    at afterConnectMultiple (node:net:1723:7)","timestamp":"2026-05-14 18:45:31"}
{"code":"ECONNREFUSED","level":"error","message":"Redis Client Error","service":"visual-whiteboard-api","stack":"AggregateError [ECONNREFUSED]: \n    at internalConnectMultiple (node:net:1142:49)\n    at afterConnectMultiple (node:net:1723:7)","timestamp":"2026-05-14 18:45:33"}
{"code":"ECONNREFUSED","level":"error","message":"Redis Client Error","service":"visual-whiteboard-api","stack":"AggregateError [ECONNREFUSED]: \n    at internalConnectMultiple (node:net:1142:49)\n    at afterConnectMultiple (node:net:1723:7)","timestamp":"2026-05-14 18:45:35"}
{"code":"ECONNREFUSED","level":"error","message":"Redis Client Error","service":"visual-whiteboard-api","stack":"AggregateError [ECONNREFUSED]: \n    at internalConnectMultiple (node:net:1142:49)\n    at afterConnectMultiple (node:net:1723:7)","timestamp":"2026-05-14 18:45:37"}
{"code":"ECONNREFUSED","level":"error","message":"Redis Client Error","service":"visual-whiteboard-api","stack":"AggregateError [ECONNREFUSED]: \n    at internalConnectMultiple (node:net:1142:49)\n    at afterConnectMultiple (node:net:1723:7)","timestamp":"2026-05-14 18:45:39"}
{"code":"ECONNREFUSED","level":"error","message":"Redis Client Error","service":"visual-whiteboard-api","stack":"AggregateError [ECONNREFUSED]: \n    at internalConnectMultiple (node:net:1142:49)\n    at afterConnectMultiple (node:net:1723:7)","timestamp":"2026-05-14 18:45:41"}
{"code":"ECONNREFUSED","level":"error","message":"Redis Client Error","service":"visual-whiteboard-api","stack":"AggregateError [ECONNREFUSED]: \n    at internalConnectMultiple (node:net:1142:49)\n    at afterConnectMultiple (node:net:1723:7)","timestamp":"2026-05-14 18:45:44"}
{"code":"ECONNREFUSED","level":"error","message":"Redis Client Error","service":"visual-whiteboard-api","stack":"AggregateError [ECONNREFUSED]: \n    at internalConnectMultiple (node:net:1142:49)\n    at afterConnectMultiple (node:net:1723:7)","timestamp":"2026-05-14 18:45:46"}
{"code":"ECONNREFUSED","level":"error","message":"Redis Client Error","service":"visual-whiteboard-api","stack":"AggregateError [ECONNREFUSED]: \n    at internalConnectMultiple (node:net:1142:49)\n    at afterConnectMultiple (node:net:1723:7)","timestamp":"2026-05-14 18:45:48"}
{"code":"ECONNREFUSED","level":"error","message":"Redis Client Error","service":"visual-whiteboard-api","stack":"AggregateError [ECONNREFUSED]: \n    at internalConnectMultiple (node:net:1142:49)\n    at afterConnectMultiple (node:net:1723:7)","timestamp":"2026-05-14 18:45:50"}
{"code":"ECONNREFUSED","level":"error","message":"Redis Client Error","service":"visual-whiteboard-api","stack":"AggregateError [ECONNREFUSED]: \n    at internalConnectMultiple (node:net:1142:49)\n    at afterConnectMultiple (node:net:1723:7)","timestamp":"2026-05-14 18:45:52"}
{"code":"ECONNREFUSED","level":"error","message":"Redis Client Error","service":"visual-whiteboard-api","stack":"AggregateError [ECONNREFUSED]: \n    at internalConnectMultiple (node:net:1142:49)\n    at afterConnectMultiple (node:net:1723:7)","timestamp":"2026-05-14 18:45:54"}
{"code":"ECONNREFUSED","level":"error","message":"Redis Client Error","service":"visual-whiteboard-api","stack":"AggregateError [ECONNREFUSED]: \n    at internalConnectMultiple (node:net:1142:49)\n    at afterConnectMultiple (node:net:1723:7)","timestamp":"2026-05-14 18:45:56"}
{"code":"ECONNREFUSED","level":"error","message":"Redis Client Error","service":"visual-whiteboard-api","stack":"AggregateError [ECONNREFUSED]: \n    at internalConnectMultiple (node:net:1142:49)\n    at afterConnectMultiple (node:net:1723:7)","timestamp":"2026-05-14 18:45:59"}
{"code":"ECONNREFUSED","level":"error","message":"Redis Client Error","service":"visual-whiteboard-api","stack":"AggregateError [ECONNREFUSED]: \n    at internalConnectMultiple (node:net:1142:49)\n    at afterConnectMultiple (node:net:1723:7)","timestamp":"2026-05-14 18:46:01"}
{"code":"ECONNREFUSED","level":"error","message":"Redis Client Error","service":"visual-whiteboard-api","stack":"AggregateError [ECONNREFUSED]: \n    at internalConnectMultiple (node:net:1142:49)\n    at afterConnectMultiple (node:net:1723:7)","timestamp":"2026-05-14 18:46:03"}
{"code":"ECONNREFUSED","level":"error","message":"Redis Client Error","service":"visual-whiteboard-api","stack":"AggregateError [ECONNREFUSED]: \n    at internalConnectMultiple (node:net:1142:49)\n    at afterConnectMultiple (node:net:1723:7)","timestamp":"2026-05-14 18:46:05"}
{"code":"ECONNREFUSED","level":"error","message":"Redis Client Error","service":"visual-whiteboard-api","stack":"AggregateError [ECONNREFUSED]: \n    at internalConnectMultiple (node:net:1142:49)\n    at afterConnectMultiple (node:net:1723:7)","timestamp":"2026-05-14 18:46:07"}
{"code":"ECONNREFUSED","level":"error","message":"Redis Client Error","service":"visual-whiteboard-api","stack":"AggregateError [ECONNREFUSED]: \n    at internalConnectMultiple (node:net:1142:49)\n    at afterConnectMultiple (node:net:1723:7)","timestamp":"2026-05-14 18:46:09"}
{"code":"ECONNREFUSED","level":"error","message":"Redis Client Error","service":"visual-whiteboard-api","stack":"AggregateError [ECONNREFUSED]: \n    at internalConnectMultiple (node:net:1142:49)\n    at afterConnectMultiple (node:net:1723:7)","timestamp":"2026-05-14 18:46:11"}
{"code":"ECONNREFUSED","level":"error","message":"Redis Client Error","service":"visual-whiteboard-api","stack":"AggregateError [ECONNREFUSED]: \n    at internalConnectMultiple (node:net:1142:49)\n    at afterConnectMultiple (node:net:1723:7)","timestamp":"2026-05-14 18:46:14"}
{"code":"ECONNREFUSED","level":"error","message":"Redis Client Error","service":"visual-whiteboard-api","stack":"AggregateError [ECONNREFUSED]: \n    at internalConnectMultiple (node:net:1142:49)\n    at afterConnectMultiple (node:net:1723:7)","timestamp":"2026-05-14 18:46:16"}
{"code":"ECONNREFUSED","level":"error","message":"Redis Client Error","service":"visual-whiteboard-api","stack":"AggregateError [ECONNREFUSED]: \n    at internalConnectMultiple (node:net:1142:49)\n    at afterConnectMultiple (node:net:1723:7)","timestamp":"2026-05-14 18:46:18"}
{"code":"ECONNREFUSED","level":"error","message":"Redis Client Error","service":"visual-whiteboard-api","stack":"AggregateError [ECONNREFUSED]: \n    at internalConnectMultiple (node:net:1142:49)\n    at afterConnectMultiple (node:net:1723:7)","timestamp":"2026-05-14 18:46:20"}
{"code":"ECONNREFUSED","level":"error","message":"Redis Client Error","service":"visual-whiteboard-api","stack":"AggregateError [ECONNREFUSED]: \n    at internalConnectMultiple (node:net:1142:49)\n    at afterConnectMultiple (node:net:1723:7)","timestamp":"2026-05-14 18:46:22"}
{"code":"ECONNREFUSED","level":"error","message":"Redis Client Error","service":"visual-whiteboard-api","stack":"AggregateError [ECONNREFUSED]: \n    at internalConnectMultiple (node:net:1142:49)\n    at afterConnectMultiple (node:net:1723:7)","timestamp":"2026-05-14 18:46:24"}
{"code":"ECONNREFUSED","level":"error","message":"Redis Client Error","service":"visual-whiteboard-api","stack":"AggregateError [ECONNREFUSED]: \n    at internalConnectMultiple (node:net:1142:49)\n    at afterConnectMultiple (node:net:1723:7)","timestamp":"2026-05-14 18:46:26"}
{"code":"ECONNREFUSED","level":"error","message":"Redis Client Error","service":"visual-whiteboard-api","stack":"AggregateError [ECONNREFUSED]: \n    at internalConnectMultiple (node:net:1142:49)\n    at afterConnectMultiple (node:net:1723:7)","timestamp":"2026-05-14 18:46:28"}
{"code":"ECONNREFUSED","level":"error","message":"Redis Client Error","service":"visual-whiteboard-api","stack":"AggregateError [ECONNREFUSED]: \n    at internalConnectMultiple (node:net:1142:49)\n    at afterConnectMultiple (node:net:1723:7)","timestamp":"2026-05-14 18:46:30"}
{"code":"ECONNREFUSED","level":"error","message":"Redis Client Error","service":"visual-whiteboard-api","stack":"AggregateError [ECONNREFUSED]: \n    at internalConnectMultiple (node:net:1142:49)\n    at afterConnectMultiple (node:net:1723:7)","timestamp":"2026-05-14 18:46:32"}
{"code":"ECONNREFUSED","level":"error","message":"Redis Client Error","service":"visual-whiteboard-api","stack":"AggregateError [ECONNREFUSED]: \n    at internalConnectMultiple (node:net:1142:49)\n    at afterConnectMultiple (node:net:1723:7)","timestamp":"2026-05-14 18:46:34"}
{"code":"ECONNREFUSED","level":"error","message":"Redis Client Error","service":"visual-whiteboard-api","stack":"AggregateError [ECONNREFUSED]: \n    at internalConnectMultiple (node:net:1142:49)\n    at afterConnectMultiple (node:net:1723:7)","timestamp":"2026-05-14 18:46:37"}
{"code":"ECONNREFUSED","level":"error","message":"Redis Client Error","service":"visual-whiteboard-api","stack":"AggregateError [ECONNREFUSED]: \n    at internalConnectMultiple (node:net:1142:49)\n    at afterConnectMultiple (node:net:1723:7)","timestamp":"2026-05-14 18:46:39"}
{"code":"ECONNREFUSED","level":"error","message":"Redis Client Error","service":"visual-whiteboard-api","stack":"AggregateError [ECONNREFUSED]: \n    at internalConnectMultiple (node:net:1142:49)\n    at afterConnectMultiple (node:net:1723:7)","timestamp":"2026-05-14 18:46:41"}
{"code":"ECONNREFUSED","level":"error","message":"Redis Client Error","service":"visual-whiteboard-api","stack":"AggregateError [ECONNREFUSED]: \n    at internalConnectMultiple (node:net:1142:49)\n    at afterConnectMultiple (node:net:1723:7)","timestamp":"2026-05-14 18:46:43"}
{"code":"ECONNREFUSED","level":"error","message":"Redis Client Error","service":"visual-whiteboard-api","stack":"AggregateError [ECONNREFUSED]: \n    at internalConnectMultiple (node:net:1142:49)\n    at afterConnectMultiple (node:net:1723:7)","timestamp":"2026-05-14 18:46:45"}
{"code":"ECONNREFUSED","level":"error","message":"Redis Client Error","service":"visual-whiteboard-api","stack":"AggregateError [ECONNREFUSED]: \n    at internalConnectMultiple (node:net:1142:49)\n    at afterConnectMultiple (node:net:1723:7)","timestamp":"2026-05-14 18:46:47"}
{"code":"ECONNREFUSED","level":"error","message":"Redis Client Error","service":"visual-whiteboard-api","stack":"AggregateError [ECONNREFUSED]: \n    at internalConnectMultiple (node:net:1142:49)\n    at afterConnectMultiple (node:net:1723:7)","timestamp":"2026-05-14 18:46:49"}
{"code":"ECONNREFUSED","level":"error","message":"Redis Client Error","service":"visual-whiteboard-api","stack":"AggregateError [ECONNREFUSED]: \n    at internalConnectMultiple (node:net:1142:49)\n    at afterConnectMultiple (node:net:1723:7)","timestamp":"2026-05-14 18:46:51"}
{"code":"ECONNREFUSED","level":"error","message":"Redis Client Error","service":"visual-whiteboard-api","stack":"AggregateError [ECONNREFUSED]: \n    at internalConnectMultiple (node:net:1142:49)\n    at afterConnectMultiple (node:net:1723:7)","timestamp":"2026-05-14 18:46:53"}
{"code":"ECONNREFUSED","level":"error","message":"Redis Client Error","service":"visual-whiteboard-api","stack":"AggregateError [ECONNREFUSED]: \n    at internalConnectMultiple (node:net:1142:49)\n    at afterConnectMultiple (node:net:1723:7)","timestamp":"2026-05-14 18:46:55"}
{"level":"error","message":"PayloadTooLargeError: request entity too large\n    at readStream (D:\\Dhanush\\javaScriptNode\\rove\\backend\\node_modules\\raw-body\\index.js:163:17)\n    at getRawBody (D:\\Dhanush\\javaScriptNode\\rove\\backend\\node_modules\\raw-body\\index.js:116:12)\n    at read (D:\\Dhanush\\javaScriptNode\\rove\\backend\\node_modules\\body-parser\\lib\\read.js:113:3)\n    at jsonParser (D:\\Dhanush\\javaScriptNode\\rove\\backend\\node_modules\\body-parser\\lib\\types\\json.js:88:5)\n    at Layer.handleRequest (D:\\Dhanush\\javaScriptNode\\rove\\backend\\node_modules\\router\\lib\\layer.js:152:17)\n    at trimPrefix (D:\\Dhanush\\javaScriptNode\\rove\\backend\\node_modules\\router\\index.js:342:13)\n    at D:\\Dhanush\\javaScriptNode\\rove\\backend\\node_modules\\router\\index.js:297:9\n    at processParams (D:\\Dhanush\\javaScriptNode\\rove\\backend\\node_modules\\router\\index.js:582:12)\n    at next (D:\\Dhanush\\javaScriptNode\\rove\\backend\\node_modules\\router\\index.js:291:5)\n    at D:\\Dhanush\\javaScriptNode\\rove\\backend\\node_modules\\express-rate-limit\\dist\\index.cjs:999:7","service":"visual-whiteboard-api","timestamp":"2026-05-14 19:10:24"}
{"level":"error","message":"PayloadTooLargeError: request entity too large\n    at readStream (D:\\Dhanush\\javaScriptNode\\rove\\backend\\node_modules\\raw-body\\index.js:163:17)\n    at getRawBody (D:\\Dhanush\\javaScriptNode\\rove\\backend\\node_modules\\raw-body\\index.js:116:12)\n    at read (D:\\Dhanush\\javaScriptNode\\rove\\backend\\node_modules\\body-parser\\lib\\read.js:113:3)\n    at jsonParser (D:\\Dhanush\\javaScriptNode\\rove\\backend\\node_modules\\body-parser\\lib\\types\\json.js:88:5)\n    at Layer.handleRequest (D:\\Dhanush\\javaScriptNode\\rove\\backend\\node_modules\\router\\lib\\layer.js:152:17)\n    at trimPrefix (D:\\Dhanush\\javaScriptNode\\rove\\backend\\node_modules\\router\\index.js:342:13)\n    at D:\\Dhanush\\javaScriptNode\\rove\\backend\\node_modules\\router\\index.js:297:9\n    at processParams (D:\\Dhanush\\javaScriptNode\\rove\\backend\\node_modules\\router\\index.js:582:12)\n    at next (D:\\Dhanush\\javaScriptNode\\rove\\backend\\node_modules\\router\\index.js:291:5)\n    at D:\\Dhanush\\javaScriptNode\\rove\\backend\\node_modules\\express-rate-limit\\dist\\index.cjs:999:7","service":"visual-whiteboard-api","timestamp":"2026-05-14 19:10:28"}
{"level":"error","message":"PayloadTooLargeError: request entity too large\n    at readStream (D:\\Dhanush\\javaScriptNode\\rove\\backend\\node_modules\\raw-body\\index.js:163:17)\n    at getRawBody (D:\\Dhanush\\javaScriptNode\\rove\\backend\\node_modules\\raw-body\\index.js:116:12)\n    at read (D:\\Dhanush\\javaScriptNode\\rove\\backend\\node_modules\\body-parser\\lib\\read.js:113:3)\n    at jsonParser (D:\\Dhanush\\javaScriptNode\\rove\\backend\\node_modules\\body-parser\\lib\\types\\json.js:88:5)\n    at Layer.handleRequest (D:\\Dhanush\\javaScriptNode\\rove\\backend\\node_modules\\router\\lib\\layer.js:152:17)\n    at trimPrefix (D:\\Dhanush\\javaScriptNode\\rove\\backend\\node_modules\\router\\index.js:342:13)\n    at D:\\Dhanush\\javaScriptNode\\rove\\backend\\node_modules\\router\\index.js:297:9\n    at processParams (D:\\Dhanush\\javaScriptNode\\rove\\backend\\node_modules\\router\\index.js:582:12)\n    at next (D:\\Dhanush\\javaScriptNode\\rove\\backend\\node_modules\\router\\index.js:291:5)\n    at D:\\Dhanush\\javaScriptNode\\rove\\backend\\node_modules\\express-rate-limit\\dist\\index.cjs:999:7","service":"visual-whiteboard-api","timestamp":"2026-05-14 19:10:36"}
{"level":"error","message":"PayloadTooLargeError: request entity too large\n    at readStream (D:\\Dhanush\\javaScriptNode\\rove\\backend\\node_modules\\raw-body\\index.js:163:17)\n    at getRawBody (D:\\Dhanush\\javaScriptNode\\rove\\backend\\node_modules\\raw-body\\index.js:116:12)\n    at read (D:\\Dhanush\\javaScriptNode\\rove\\backend\\node_modules\\body-parser\\lib\\read.js:113:3)\n    at jsonParser (D:\\Dhanush\\javaScriptNode\\rove\\backend\\node_modules\\body-parser\\lib\\types\\json.js:88:5)\n    at Layer.handleRequest (D:\\Dhanush\\javaScriptNode\\rove\\backend\\node_modules\\router\\lib\\layer.js:152:17)\n    at trimPrefix (D:\\Dhanush\\javaScriptNode\\rove\\backend\\node_modules\\router\\index.js:342:13)\n    at D:\\Dhanush\\javaScriptNode\\rove\\backend\\node_modules\\router\\index.js:297:9\n    at processParams (D:\\Dhanush\\javaScriptNode\\rove\\backend\\node_modules\\router\\index.js:582:12)\n    at next (D:\\Dhanush\\javaScriptNode\\rove\\backend\\node_modules\\router\\index.js:291:5)\n    at D:\\Dhanush\\javaScriptNode\\rove\\backend\\node_modules\\express-rate-limit\\dist\\index.cjs:999:7","service":"visual-whiteboard-api","timestamp":"2026-05-14 19:10:46"}
{"level":"error","message":"PayloadTooLargeError: request entity too large\n    at readStream (D:\\Dhanush\\javaScriptNode\\rove\\backend\\node_modules\\raw-body\\index.js:163:17)\n    at getRawBody (D:\\Dhanush\\javaScriptNode\\rove\\backend\\node_modules\\raw-body\\index.js:116:12)\n    at read (D:\\Dhanush\\javaScriptNode\\rove\\backend\\node_modules\\body-parser\\lib\\read.js:113:3)\n    at jsonParser (D:\\Dhanush\\javaScriptNode\\rove\\backend\\node_modules\\body-parser\\lib\\types\\json.js:88:5)\n    at Layer.handleRequest (D:\\Dhanush\\javaScriptNode\\rove\\backend\\node_modules\\router\\lib\\layer.js:152:17)\n    at trimPrefix (D:\\Dhanush\\javaScriptNode\\rove\\backend\\node_modules\\router\\index.js:342:13)\n    at D:\\Dhanush\\javaScriptNode\\rove\\backend\\node_modules\\router\\index.js:297:9\n    at processParams (D:\\Dhanush\\javaScriptNode\\rove\\backend\\node_modules\\router\\index.js:582:12)\n    at next (D:\\Dhanush\\javaScriptNode\\rove\\backend\\node_modules\\router\\index.js:291:5)\n    at D:\\Dhanush\\javaScriptNode\\rove\\backend\\node_modules\\express-rate-limit\\dist\\index.cjs:999:7","service":"visual-whiteboard-api","timestamp":"2026-05-14 19:10:55"}
{"level":"error","message":"PayloadTooLargeError: request entity too large\n    at readStream (D:\\Dhanush\\javaScriptNode\\rove\\backend\\node_modules\\raw-body\\index.js:163:17)\n    at getRawBody (D:\\Dhanush\\javaScriptNode\\rove\\backend\\node_modules\\raw-body\\index.js:116:12)\n    at read (D:\\Dhanush\\javaScriptNode\\rove\\backend\\node_modules\\body-parser\\lib\\read.js:113:3)\n    at jsonParser (D:\\Dhanush\\javaScriptNode\\rove\\backend\\node_modules\\body-parser\\lib\\types\\json.js:88:5)\n    at Layer.handleRequest (D:\\Dhanush\\javaScriptNode\\rove\\backend\\node_modules\\router\\lib\\layer.js:152:17)\n    at trimPrefix (D:\\Dhanush\\javaScriptNode\\rove\\backend\\node_modules\\router\\index.js:342:13)\n    at D:\\Dhanush\\javaScriptNode\\rove\\backend\\node_modules\\router\\index.js:297:9\n    at processParams (D:\\Dhanush\\javaScriptNode\\rove\\backend\\node_modules\\router\\index.js:582:12)\n    at next (D:\\Dhanush\\javaScriptNode\\rove\\backend\\node_modules\\router\\index.js:291:5)\n    at D:\\Dhanush\\javaScriptNode\\rove\\backend\\node_modules\\express-rate-limit\\dist\\index.cjs:999:7","service":"visual-whiteboard-api","timestamp":"2026-05-14 19:10:58"}
{"level":"error","message":"PayloadTooLargeError: request entity too large\n    at readStream (D:\\Dhanush\\javaScriptNode\\rove\\backend\\node_modules\\raw-body\\index.js:163:17)\n    at getRawBody (D:\\Dhanush\\javaScriptNode\\rove\\backend\\node_modules\\raw-body\\index.js:116:12)\n    at read (D:\\Dhanush\\javaScriptNode\\rove\\backend\\node_modules\\body-parser\\lib\\read.js:113:3)\n    at jsonParser (D:\\Dhanush\\javaScriptNode\\rove\\backend\\node_modules\\body-parser\\lib\\types\\json.js:88:5)\n    at Layer.handleRequest (D:\\Dhanush\\javaScriptNode\\rove\\backend\\node_modules\\router\\lib\\layer.js:152:17)\n    at trimPrefix (D:\\Dhanush\\javaScriptNode\\rove\\backend\\node_modules\\router\\index.js:342:13)\n    at D:\\Dhanush\\javaScriptNode\\rove\\backend\\node_modules\\router\\index.js:297:9\n    at processParams (D:\\Dhanush\\javaScriptNode\\rove\\backend\\node_modules\\router\\index.js:582:12)\n    at next (D:\\Dhanush\\javaScriptNode\\rove\\backend\\node_modules\\router\\index.js:291:5)\n    at D:\\Dhanush\\javaScriptNode\\rove\\backend\\node_modules\\express-rate-limit\\dist\\index.cjs:999:7","service":"visual-whiteboard-api","timestamp":"2026-05-14 19:11:05"}
{"level":"error","message":"PayloadTooLargeError: request entity too large\n    at readStream (D:\\Dhanush\\javaScriptNode\\rove\\backend\\node_modules\\raw-body\\index.js:163:17)\n    at getRawBody (D:\\Dhanush\\javaScriptNode\\rove\\backend\\node_modules\\raw-body\\index.js:116:12)\n    at read (D:\\Dhanush\\javaScriptNode\\rove\\backend\\node_modules\\body-parser\\lib\\read.js:113:3)\n    at jsonParser (D:\\Dhanush\\javaScriptNode\\rove\\backend\\node_modules\\body-parser\\lib\\types\\json.js:88:5)\n    at Layer.handleRequest (D:\\Dhanush\\javaScriptNode\\rove\\backend\\node_modules\\router\\lib\\layer.js:152:17)\n    at trimPrefix (D:\\Dhanush\\javaScriptNode\\rove\\backend\\node_modules\\router\\index.js:342:13)\n    at D:\\Dhanush\\javaScriptNode\\rove\\backend\\node_modules\\router\\index.js:297:9\n    at processParams (D:\\Dhanush\\javaScriptNode\\rove\\backend\\node_modules\\router\\index.js:582:12)\n    at next (D:\\Dhanush\\javaScriptNode\\rove\\backend\\node_modules\\router\\index.js:291:5)\n    at D:\\Dhanush\\javaScriptNode\\rove\\backend\\node_modules\\express-rate-limit\\dist\\index.cjs:999:7","service":"visual-whiteboard-api","timestamp":"2026-05-14 19:11:11"}
{"level":"error","message":"PayloadTooLargeError: request entity too large\n    at readStream (D:\\Dhanush\\javaScriptNode\\rove\\backend\\node_modules\\raw-body\\index.js:163:17)\n    at getRawBody (D:\\Dhanush\\javaScriptNode\\rove\\backend\\node_modules\\raw-body\\index.js:116:12)\n    at read (D:\\Dhanush\\javaScriptNode\\rove\\backend\\node_modules\\body-parser\\lib\\read.js:113:3)\n    at jsonParser (D:\\Dhanush\\javaScriptNode\\rove\\backend\\node_modules\\body-parser\\lib\\types\\json.js:88:5)\n    at Layer.handleRequest (D:\\Dhanush\\javaScriptNode\\rove\\backend\\node_modules\\router\\lib\\layer.js:152:17)\n    at trimPrefix (D:\\Dhanush\\javaScriptNode\\rove\\backend\\node_modules\\router\\index.js:342:13)\n    at D:\\Dhanush\\javaScriptNode\\rove\\backend\\node_modules\\router\\index.js:297:9\n    at processParams (D:\\Dhanush\\javaScriptNode\\rove\\backend\\node_modules\\router\\index.js:582:12)\n    at next (D:\\Dhanush\\javaScriptNode\\rove\\backend\\node_modules\\router\\index.js:291:5)\n    at D:\\Dhanush\\javaScriptNode\\rove\\backend\\node_modules\\express-rate-limit\\dist\\index.cjs:999:7","service":"visual-whiteboard-api","timestamp":"2026-05-14 19:11:32"}
{"level":"error","message":"PayloadTooLargeError: request entity too large\n    at readStream (D:\\Dhanush\\javaScriptNode\\rove\\backend\\node_modules\\raw-body\\index.js:163:17)\n    at getRawBody (D:\\Dhanush\\javaScriptNode\\rove\\backend\\node_modules\\raw-body\\index.js:116:12)\n    at read (D:\\Dhanush\\javaScriptNode\\rove\\backend\\node_modules\\body-parser\\lib\\read.js:113:3)\n    at jsonParser (D:\\Dhanush\\javaScriptNode\\rove\\backend\\node_modules\\body-parser\\lib\\types\\json.js:88:5)\n    at Layer.handleRequest (D:\\Dhanush\\javaScriptNode\\rove\\backend\\node_modules\\router\\lib\\layer.js:152:17)\n    at trimPrefix (D:\\Dhanush\\javaScriptNode\\rove\\backend\\node_modules\\router\\index.js:342:13)\n    at D:\\Dhanush\\javaScriptNode\\rove\\backend\\node_modules\\router\\index.js:297:9\n    at processParams (D:\\Dhanush\\javaScriptNode\\rove\\backend\\node_modules\\router\\index.js:582:12)\n    at next (D:\\Dhanush\\javaScriptNode\\rove\\backend\\node_modules\\router\\index.js:291:5)\n    at D:\\Dhanush\\javaScriptNode\\rove\\backend\\node_modules\\express-rate-limit\\dist\\index.cjs:999:7","service":"visual-whiteboard-api","timestamp":"2026-05-14 19:11:42"}
{"level":"error","message":"PayloadTooLargeError: request entity too large\n    at readStream (D:\\Dhanush\\javaScriptNode\\rove\\backend\\node_modules\\raw-body\\index.js:163:17)\n    at getRawBody (D:\\Dhanush\\javaScriptNode\\rove\\backend\\node_modules\\raw-body\\index.js:116:12)\n    at read (D:\\Dhanush\\javaScriptNode\\rove\\backend\\node_modules\\body-parser\\lib\\read.js:113:3)\n    at jsonParser (D:\\Dhanush\\javaScriptNode\\rove\\backend\\node_modules\\body-parser\\lib\\types\\json.js:88:5)\n    at Layer.handleRequest (D:\\Dhanush\\javaScriptNode\\rove\\backend\\node_modules\\router\\lib\\layer.js:152:17)\n    at trimPrefix (D:\\Dhanush\\javaScriptNode\\rove\\backend\\node_modules\\router\\index.js:342:13)\n    at D:\\Dhanush\\javaScriptNode\\rove\\backend\\node_modules\\router\\index.js:297:9\n    at processParams (D:\\Dhanush\\javaScriptNode\\rove\\backend\\node_modules\\router\\index.js:582:12)\n    at next (D:\\Dhanush\\javaScriptNode\\rove\\backend\\node_modules\\router\\index.js:291:5)\n    at D:\\Dhanush\\javaScriptNode\\rove\\backend\\node_modules\\express-rate-limit\\dist\\index.cjs:999:7","service":"visual-whiteboard-api","timestamp":"2026-05-14 19:11:52"}
{"level":"error","message":"PayloadTooLargeError: request entity too large\n    at readStream (D:\\Dhanush\\javaScriptNode\\rove\\backend\\node_modules\\raw-body\\index.js:163:17)\n    at getRawBody (D:\\Dhanush\\javaScriptNode\\rove\\backend\\node_modules\\raw-body\\index.js:116:12)\n    at read (D:\\Dhanush\\javaScriptNode\\rove\\backend\\node_modules\\body-parser\\lib\\read.js:113:3)\n    at jsonParser (D:\\Dhanush\\javaScriptNode\\rove\\backend\\node_modules\\body-parser\\lib\\types\\json.js:88:5)\n    at Layer.handleRequest (D:\\Dhanush\\javaScriptNode\\rove\\backend\\node_modules\\router\\lib\\layer.js:152:17)\n    at trimPrefix (D:\\Dhanush\\javaScriptNode\\rove\\backend\\node_modules\\router\\index.js:342:13)\n    at D:\\Dhanush\\javaScriptNode\\rove\\backend\\node_modules\\router\\index.js:297:9\n    at processParams (D:\\Dhanush\\javaScriptNode\\rove\\backend\\node_modules\\router\\index.js:582:12)\n    at next (D:\\Dhanush\\javaScriptNode\\rove\\backend\\node_modules\\router\\index.js:291:5)\n    at D:\\Dhanush\\javaScriptNode\\rove\\backend\\node_modules\\express-rate-limit\\dist\\index.cjs:999:7","service":"visual-whiteboard-api","timestamp":"2026-05-14 19:12:00"}
{"level":"error","message":"PayloadTooLargeError: request entity too large\n    at readStream (D:\\Dhanush\\javaScriptNode\\rove\\backend\\node_modules\\raw-body\\index.js:163:17)\n    at getRawBody (D:\\Dhanush\\javaScriptNode\\rove\\backend\\node_modules\\raw-body\\index.js:116:12)\n    at read (D:\\Dhanush\\javaScriptNode\\rove\\backend\\node_modules\\body-parser\\lib\\read.js:113:3)\n    at jsonParser (D:\\Dhanush\\javaScriptNode\\rove\\backend\\node_modules\\body-parser\\lib\\types\\json.js:88:5)\n    at Layer.handleRequest (D:\\Dhanush\\javaScriptNode\\rove\\backend\\node_modules\\router\\lib\\layer.js:152:17)\n    at trimPrefix (D:\\Dhanush\\javaScriptNode\\rove\\backend\\node_modules\\router\\index.js:342:13)\n    at D:\\Dhanush\\javaScriptNode\\rove\\backend\\node_modules\\router\\index.js:297:9\n    at processParams (D:\\Dhanush\\javaScriptNode\\rove\\backend\\node_modules\\router\\index.js:582:12)\n    at next (D:\\Dhanush\\javaScriptNode\\rove\\backend\\node_modules\\router\\index.js:291:5)\n    at D:\\Dhanush\\javaScriptNode\\rove\\backend\\node_modules\\express-rate-limit\\dist\\index.cjs:999:7","service":"visual-whiteboard-api","timestamp":"2026-05-14 19:12:07"}
{"level":"error","message":"PayloadTooLargeError: request entity too large\n    at readStream (D:\\Dhanush\\javaScriptNode\\rove\\backend\\node_modules\\raw-body\\index.js:163:17)\n    at getRawBody (D:\\Dhanush\\javaScriptNode\\rove\\backend\\node_modules\\raw-body\\index.js:116:12)\n    at read (D:\\Dhanush\\javaScriptNode\\rove\\backend\\node_modules\\body-parser\\lib\\read.js:113:3)\n    at jsonParser (D:\\Dhanush\\javaScriptNode\\rove\\backend\\node_modules\\body-parser\\lib\\types\\json.js:88:5)\n    at Layer.handleRequest (D:\\Dhanush\\javaScriptNode\\rove\\backend\\node_modules\\router\\lib\\layer.js:152:17)\n    at trimPrefix (D:\\Dhanush\\javaScriptNode\\rove\\backend\\node_modules\\router\\index.js:342:13)\n    at D:\\Dhanush\\javaScriptNode\\rove\\backend\\node_modules\\router\\index.js:297:9\n    at processParams (D:\\Dhanush\\javaScriptNode\\rove\\backend\\node_modules\\router\\index.js:582:12)\n    at next (D:\\Dhanush\\javaScriptNode\\rove\\backend\\node_modules\\router\\index.js:291:5)\n    at D:\\Dhanush\\javaScriptNode\\rove\\backend\\node_modules\\express-rate-limit\\dist\\index.cjs:999:7","service":"visual-whiteboard-api","timestamp":"2026-05-14 19:12:39"}
{"level":"error","message":"Authentication error: jwt expired","service":"visual-whiteboard-api","timestamp":"2026-05-14 19:28:09"}
{"level":"error","message":"Authentication error: jwt expired","service":"visual-whiteboard-api","timestamp":"2026-05-14 19:28:22"}
{"level":"error","message":"Authentication error: jwt expired","service":"visual-whiteboard-api","timestamp":"2026-05-14 19:28:26"}
{"level":"error","message":"Authentication error: jwt expired","service":"visual-whiteboard-api","timestamp":"2026-05-14 19:33:24"}
{"level":"error","message":"Authentication error: jwt expired","service":"visual-whiteboard-api","timestamp":"2026-05-14 19:33:24"}
{"level":"error","message":"Authentication error: jwt expired","service":"visual-whiteboard-api","timestamp":"2026-05-14 19:33:24"}
{"level":"error","message":"Authentication error: jwt expired","service":"visual-whiteboard-api","timestamp":"2026-05-14 19:33:24"}
{"code":"ECONNREFUSED","level":"error","message":"Redis Client Error","service":"visual-whiteboard-api","stack":"AggregateError [ECONNREFUSED]: \n    at internalConnectMultiple (node:net:1142:49)\n    at afterConnectMultiple (node:net:1723:7)","timestamp":"2026-05-14 21:47:25"}
{"code":"ECONNREFUSED","level":"error","message":"Redis Client Error","service":"visual-whiteboard-api","stack":"AggregateError [ECONNREFUSED]: \n    at internalConnectMultiple (node:net:1142:49)\n    at afterConnectMultiple (node:net:1723:7)","timestamp":"2026-05-14 21:47:25"}
{"code":"ECONNREFUSED","level":"error","message":"Redis Client Error","service":"visual-whiteboard-api","stack":"AggregateError [ECONNREFUSED]: \n    at internalConnectMultiple (node:net:1142:49)\n    at afterConnectMultiple (node:net:1723:7)","timestamp":"2026-05-14 21:47:25"}
{"code":"ECONNREFUSED","level":"error","message":"Redis Client Error","service":"visual-whiteboard-api","stack":"AggregateError [ECONNREFUSED]: \n    at internalConnectMultiple (node:net:1142:49)\n    at afterConnectMultiple (node:net:1723:7)","timestamp":"2026-05-14 21:47:25"}
{"code":"ECONNREFUSED","level":"error","message":"Redis Client Error","service":"visual-whiteboard-api","stack":"AggregateError [ECONNREFUSED]: \n    at internalConnectMultiple (node:net:1142:49)\n    at afterConnectMultiple (node:net:1723:7)","timestamp":"2026-05-14 21:47:26"}
{"code":"ECONNREFUSED","level":"error","message":"Redis Client Error","service":"visual-whiteboard-api","stack":"AggregateError [ECONNREFUSED]: \n    at internalConnectMultiple (node:net:1142:49)\n    at afterConnectMultiple (node:net:1723:7)","timestamp":"2026-05-14 21:47:27"}
{"level":"error","message":"Authentication error: jwt expired","service":"visual-whiteboard-api","timestamp":"2026-05-14 22:05:29"}
{"level":"error","message":"Authentication error: jwt expired","service":"visual-whiteboard-api","timestamp":"2026-05-14 22:05:29"}
{"level":"error","message":"Authentication error: jwt expired","service":"visual-whiteboard-api","timestamp":"2026-05-14 22:05:29"}
{"level":"error","message":"Authentication error: jwt expired","service":"visual-whiteboard-api","timestamp":"2026-05-14 22:05:29"}
{"level":"error","message":"Authentication error: jwt expired","service":"visual-whiteboard-api","timestamp":"2026-05-14 22:11:14"}
{"level":"error","message":"Authentication error: jwt expired","service":"visual-whiteboard-api","timestamp":"2026-05-14 22:11:14"}
{"level":"error","message":"Authentication error: jwt expired","service":"visual-whiteboard-api","timestamp":"2026-05-14 22:22:49"}
{"level":"error","message":"Authentication error: jwt expired","service":"visual-whiteboard-api","timestamp":"2026-05-14 22:22:49"}
{"level":"error","message":"Authentication error: jwt expired","service":"visual-whiteboard-api","timestamp":"2026-05-14 22:22:58"}
{"level":"error","message":"Authentication error: jwt expired","service":"visual-whiteboard-api","timestamp":"2026-05-14 22:52:46"}
{"level":"error","message":"Authentication error: jwt expired","service":"visual-whiteboard-api","timestamp":"2026-05-14 22:52:46"}
{"level":"error","message":"Authentication error: jwt expired","service":"visual-whiteboard-api","timestamp":"2026-05-14 22:52:46"}
{"level":"error","message":"Authentication error: jwt expired","service":"visual-whiteboard-api","timestamp":"2026-05-14 22:52:46"}
{"level":"error","message":"Authentication error: jwt expired","service":"visual-whiteboard-api","timestamp":"2026-05-14 22:52:46"}
{"level":"error","message":"Authentication error: jwt expired","service":"visual-whiteboard-api","timestamp":"2026-05-14 22:52:46"}
{"level":"error","message":"Authentication error: jwt expired","service":"visual-whiteboard-api","timestamp":"2026-05-14 23:23:41"}
{"level":"error","message":"Authentication error: jwt expired","service":"visual-whiteboard-api","timestamp":"2026-05-14 23:23:41"}
{"level":"error","message":"Authentication error: jwt expired","service":"visual-whiteboard-api","timestamp":"2026-05-14 23:23:41"}
{"level":"error","message":"Authentication error: jwt expired","service":"visual-whiteboard-api","timestamp":"2026-05-14 23:23:41"}
{"level":"error","message":"Authentication error: jwt expired","service":"visual-whiteboard-api","timestamp":"2026-05-14 23:58:29"}
{"level":"error","message":"Authentication error: jwt expired","service":"visual-whiteboard-api","timestamp":"2026-05-14 23:58:29"}
{"level":"error","message":"Authentication error: jwt expired","service":"visual-whiteboard-api","timestamp":"2026-05-14 23:58:29"}
{"level":"error","message":"Authentication error: jwt expired","service":"visual-whiteboard-api","timestamp":"2026-05-14 23:58:29"}
{"level":"error","message":"Authentication error: jwt expired","service":"visual-whiteboard-api","timestamp":"2026-05-15 00:00:01"}
{"level":"error","message":"Authentication error: jwt expired","service":"visual-whiteboard-api","timestamp":"2026-05-15 00:00:01"}
{"level":"error","message":"Authentication error: jwt expired","service":"visual-whiteboard-api","timestamp":"2026-05-15 00:00:48"}
{"level":"error","message":"Authentication error: jwt expired","service":"visual-whiteboard-api","timestamp":"2026-05-15 00:00:48"}
{"level":"error","message":"Authentication error: jwt expired","service":"visual-whiteboard-api","timestamp":"2026-05-15 00:12:17"}
{"level":"error","message":"Authentication error: jwt expired","service":"visual-whiteboard-api","timestamp":"2026-05-15 00:12:17"}
{"level":"error","message":"Authentication error: jwt expired","service":"visual-whiteboard-api","timestamp":"2026-05-15 00:12:27"}
{"level":"error","message":"Authentication error: jwt expired","service":"visual-whiteboard-api","timestamp":"2026-05-15 00:20:21"}
{"level":"error","message":"Authentication error: jwt expired","service":"visual-whiteboard-api","timestamp":"2026-05-15 00:20:21"}
{"code":"ECONNREFUSED","level":"error","message":"Redis Client Error","service":"visual-whiteboard-api","stack":"AggregateError [ECONNREFUSED]: \n    at internalConnectMultiple (node:net:1142:49)\n    at afterConnectMultiple (node:net:1723:7)","timestamp":"2026-05-15 14:39:41"}
{"code":"ECONNREFUSED","level":"error","message":"Redis Client Error","service":"visual-whiteboard-api","stack":"AggregateError [ECONNREFUSED]: \n    at internalConnectMultiple (node:net:1142:49)\n    at afterConnectMultiple (node:net:1723:7)","timestamp":"2026-05-15 14:39:41"}
{"code":"ECONNREFUSED","level":"error","message":"Redis Client Error","service":"visual-whiteboard-api","stack":"AggregateError [ECONNREFUSED]: \n    at internalConnectMultiple (node:net:1142:49)\n    at afterConnectMultiple (node:net:1723:7)","timestamp":"2026-05-15 14:39:41"}
{"code":"ECONNREFUSED","level":"error","message":"Redis Client Error","service":"visual-whiteboard-api","stack":"AggregateError [ECONNREFUSED]: \n    at internalConnectMultiple (node:net:1142:49)\n    at afterConnectMultiple (node:net:1723:7)","timestamp":"2026-05-15 14:39:42"}
{"code":"ECONNREFUSED","level":"error","message":"Redis Client Error","service":"visual-whiteboard-api","stack":"AggregateError [ECONNREFUSED]: \n    at internalConnectMultiple (node:net:1142:49)\n    at afterConnectMultiple (node:net:1723:7)","timestamp":"2026-05-15 14:39:42"}
{"code":"ECONNREFUSED","level":"error","message":"Redis Client Error","service":"visual-whiteboard-api","stack":"AggregateError [ECONNREFUSED]: \n    at internalConnectMultiple (node:net:1142:49)\n    at afterConnectMultiple (node:net:1723:7)","timestamp":"2026-05-15 14:39:43"}
{"code":"ECONNREFUSED","level":"error","message":"Redis Client Error","service":"visual-whiteboard-api","stack":"AggregateError [ECONNREFUSED]: \n    at internalConnectMultiple (node:net:1142:49)\n    at afterConnectMultiple (node:net:1723:7)","timestamp":"2026-05-15 14:39:45"}
{"code":"ECONNREFUSED","level":"error","message":"Redis Client Error","service":"visual-whiteboard-api","stack":"AggregateError [ECONNREFUSED]: \n    at internalConnectMultiple (node:net:1142:49)\n    at afterConnectMultiple (node:net:1723:7)","timestamp":"2026-05-15 14:39:47"}
{"code":"ECONNREFUSED","level":"error","message":"Redis Client Error","service":"visual-whiteboard-api","stack":"AggregateError [ECONNREFUSED]: \n    at internalConnectMultiple (node:net:1142:49)\n    at afterConnectMultiple (node:net:1723:7)","timestamp":"2026-05-15 14:39:49"}
{"code":"ECONNREFUSED","level":"error","message":"Redis Client Error","service":"visual-whiteboard-api","stack":"AggregateError [ECONNREFUSED]: \n    at internalConnectMultiple (node:net:1142:49)\n    at afterConnectMultiple (node:net:1723:7)","timestamp":"2026-05-15 14:39:51"}
{"level":"error","message":"Authentication error: jwt expired","service":"visual-whiteboard-api","timestamp":"2026-05-15 14:57:42"}
{"level":"error","message":"Authentication error: jwt expired","service":"visual-whiteboard-api","timestamp":"2026-05-15 14:57:42"}
{"level":"error","message":"Authentication error: jwt expired","service":"visual-whiteboard-api","timestamp":"2026-05-15 14:58:06"}
{"level":"error","message":"Authentication error: jwt expired","service":"visual-whiteboard-api","timestamp":"2026-05-15 14:58:06"}
{"level":"error","message":"Authentication error: jwt expired","service":"visual-whiteboard-api","timestamp":"2026-05-15 15:05:39"}
{"level":"error","message":"Authentication error: jwt expired","service":"visual-whiteboard-api","timestamp":"2026-05-15 15:05:39"}
{"level":"error","message":"Authentication error: jwt expired","service":"visual-whiteboard-api","timestamp":"2026-05-15 18:46:55"}
{"level":"error","message":"Authentication error: jwt expired","service":"visual-whiteboard-api","timestamp":"2026-05-15 18:46:55"}
{"level":"error","message":"PayloadTooLargeError: request entity too large\n    at readStream (D:\\Dhanush\\javaScriptNode\\rove\\backend\\node_modules\\raw-body\\index.js:163:17)\n    at getRawBody (D:\\Dhanush\\javaScriptNode\\rove\\backend\\node_modules\\raw-body\\index.js:116:12)\n    at read (D:\\Dhanush\\javaScriptNode\\rove\\backend\\node_modules\\body-parser\\lib\\read.js:113:3)\n    at jsonParser (D:\\Dhanush\\javaScriptNode\\rove\\backend\\node_modules\\body-parser\\lib\\types\\json.js:88:5)\n    at Layer.handleRequest (D:\\Dhanush\\javaScriptNode\\rove\\backend\\node_modules\\router\\lib\\layer.js:152:17)\n    at trimPrefix (D:\\Dhanush\\javaScriptNode\\rove\\backend\\node_modules\\router\\index.js:342:13)\n    at D:\\Dhanush\\javaScriptNode\\rove\\backend\\node_modules\\router\\index.js:297:9\n    at processParams (D:\\Dhanush\\javaScriptNode\\rove\\backend\\node_modules\\router\\index.js:582:12)\n    at next (D:\\Dhanush\\javaScriptNode\\rove\\backend\\node_modules\\router\\index.js:291:5)\n    at D:\\Dhanush\\javaScriptNode\\rove\\backend\\node_modules\\express-rate-limit\\dist\\index.cjs:999:7","service":"visual-whiteboard-api","timestamp":"2026-05-15 19:07:23"}
{"level":"error","message":"PayloadTooLargeError: request entity too large\n    at readStream (D:\\Dhanush\\javaScriptNode\\rove\\backend\\node_modules\\raw-body\\index.js:163:17)\n    at getRawBody (D:\\Dhanush\\javaScriptNode\\rove\\backend\\node_modules\\raw-body\\index.js:116:12)\n    at read (D:\\Dhanush\\javaScriptNode\\rove\\backend\\node_modules\\body-parser\\lib\\read.js:113:3)\n    at jsonParser (D:\\Dhanush\\javaScriptNode\\rove\\backend\\node_modules\\body-parser\\lib\\types\\json.js:88:5)\n    at Layer.handleRequest (D:\\Dhanush\\javaScriptNode\\rove\\backend\\node_modules\\router\\lib\\layer.js:152:17)\n    at trimPrefix (D:\\Dhanush\\javaScriptNode\\rove\\backend\\node_modules\\router\\index.js:342:13)\n    at D:\\Dhanush\\javaScriptNode\\rove\\backend\\node_modules\\router\\index.js:297:9\n    at processParams (D:\\Dhanush\\javaScriptNode\\rove\\backend\\node_modules\\router\\index.js:582:12)\n    at next (D:\\Dhanush\\javaScriptNode\\rove\\backend\\node_modules\\router\\index.js:291:5)\n    at D:\\Dhanush\\javaScriptNode\\rove\\backend\\node_modules\\express-rate-limit\\dist\\index.cjs:999:7","service":"visual-whiteboard-api","timestamp":"2026-05-15 19:07:26"}
{"level":"error","message":"PayloadTooLargeError: request entity too large\n    at readStream (D:\\Dhanush\\javaScriptNode\\rove\\backend\\node_modules\\raw-body\\index.js:163:17)\n    at getRawBody (D:\\Dhanush\\javaScriptNode\\rove\\backend\\node_modules\\raw-body\\index.js:116:12)\n    at read (D:\\Dhanush\\javaScriptNode\\rove\\backend\\node_modules\\body-parser\\lib\\read.js:113:3)\n    at jsonParser (D:\\Dhanush\\javaScriptNode\\rove\\backend\\node_modules\\body-parser\\lib\\types\\json.js:88:5)\n    at Layer.handleRequest (D:\\Dhanush\\javaScriptNode\\rove\\backend\\node_modules\\router\\lib\\layer.js:152:17)\n    at trimPrefix (D:\\Dhanush\\javaScriptNode\\rove\\backend\\node_modules\\router\\index.js:342:13)\n    at D:\\Dhanush\\javaScriptNode\\rove\\backend\\node_modules\\router\\index.js:297:9\n    at processParams (D:\\Dhanush\\javaScriptNode\\rove\\backend\\node_modules\\router\\index.js:582:12)\n    at next (D:\\Dhanush\\javaScriptNode\\rove\\backend\\node_modules\\router\\index.js:291:5)\n    at D:\\Dhanush\\javaScriptNode\\rove\\backend\\node_modules\\express-rate-limit\\dist\\index.cjs:999:7","service":"visual-whiteboard-api","timestamp":"2026-05-15 19:07:29"}
{"level":"error","message":"PayloadTooLargeError: request entity too large\n    at readStream (D:\\Dhanush\\javaScriptNode\\rove\\backend\\node_modules\\raw-body\\index.js:163:17)\n    at getRawBody (D:\\Dhanush\\javaScriptNode\\rove\\backend\\node_modules\\raw-body\\index.js:116:12)\n    at read (D:\\Dhanush\\javaScriptNode\\rove\\backend\\node_modules\\body-parser\\lib\\read.js:113:3)\n    at jsonParser (D:\\Dhanush\\javaScriptNode\\rove\\backend\\node_modules\\body-parser\\lib\\types\\json.js:88:5)\n    at Layer.handleRequest (D:\\Dhanush\\javaScriptNode\\rove\\backend\\node_modules\\router\\lib\\layer.js:152:17)\n    at trimPrefix (D:\\Dhanush\\javaScriptNode\\rove\\backend\\node_modules\\router\\index.js:342:13)\n    at D:\\Dhanush\\javaScriptNode\\rove\\backend\\node_modules\\router\\index.js:297:9\n    at processParams (D:\\Dhanush\\javaScriptNode\\rove\\backend\\node_modules\\router\\index.js:582:12)\n    at next (D:\\Dhanush\\javaScriptNode\\rove\\backend\\node_modules\\router\\index.js:291:5)\n    at D:\\Dhanush\\javaScriptNode\\rove\\backend\\node_modules\\express-rate-limit\\dist\\index.cjs:999:7","service":"visual-whiteboard-api","timestamp":"2026-05-15 19:07:32"}
{"level":"error","message":"PayloadTooLargeError: request entity too large\n    at readStream (D:\\Dhanush\\javaScriptNode\\rove\\backend\\node_modules\\raw-body\\index.js:163:17)\n    at getRawBody (D:\\Dhanush\\javaScriptNode\\rove\\backend\\node_modules\\raw-body\\index.js:116:12)\n    at read (D:\\Dhanush\\javaScriptNode\\rove\\backend\\node_modules\\body-parser\\lib\\read.js:113:3)\n    at jsonParser (D:\\Dhanush\\javaScriptNode\\rove\\backend\\node_modules\\body-parser\\lib\\types\\json.js:88:5)\n    at Layer.handleRequest (D:\\Dhanush\\javaScriptNode\\rove\\backend\\node_modules\\router\\lib\\layer.js:152:17)\n    at trimPrefix (D:\\Dhanush\\javaScriptNode\\rove\\backend\\node_modules\\router\\index.js:342:13)\n    at D:\\Dhanush\\javaScriptNode\\rove\\backend\\node_modules\\router\\index.js:297:9\n    at processParams (D:\\Dhanush\\javaScriptNode\\rove\\backend\\node_modules\\router\\index.js:582:12)\n    at next (D:\\Dhanush\\javaScriptNode\\rove\\backend\\node_modules\\router\\index.js:291:5)\n    at D:\\Dhanush\\javaScriptNode\\rove\\backend\\node_modules\\express-rate-limit\\dist\\index.cjs:999:7","service":"visual-whiteboard-api","timestamp":"2026-05-15 19:07:36"}
{"level":"error","message":"PayloadTooLargeError: request entity too large\n    at readStream (D:\\Dhanush\\javaScriptNode\\rove\\backend\\node_modules\\raw-body\\index.js:163:17)\n    at getRawBody (D:\\Dhanush\\javaScriptNode\\rove\\backend\\node_modules\\raw-body\\index.js:116:12)\n    at read (D:\\Dhanush\\javaScriptNode\\rove\\backend\\node_modules\\body-parser\\lib\\read.js:113:3)\n    at jsonParser (D:\\Dhanush\\javaScriptNode\\rove\\backend\\node_modules\\body-parser\\lib\\types\\json.js:88:5)\n    at Layer.handleRequest (D:\\Dhanush\\javaScriptNode\\rove\\backend\\node_modules\\router\\lib\\layer.js:152:17)\n    at trimPrefix (D:\\Dhanush\\javaScriptNode\\rove\\backend\\node_modules\\router\\index.js:342:13)\n    at D:\\Dhanush\\javaScriptNode\\rove\\backend\\node_modules\\router\\index.js:297:9\n    at processParams (D:\\Dhanush\\javaScriptNode\\rove\\backend\\node_modules\\router\\index.js:582:12)\n    at next (D:\\Dhanush\\javaScriptNode\\rove\\backend\\node_modules\\router\\index.js:291:5)\n    at D:\\Dhanush\\javaScriptNode\\rove\\backend\\node_modules\\express-rate-limit\\dist\\index.cjs:999:7","service":"visual-whiteboard-api","timestamp":"2026-05-15 19:07:39"}
{"level":"error","message":"PayloadTooLargeError: request entity too large\n    at readStream (D:\\Dhanush\\javaScriptNode\\rove\\backend\\node_modules\\raw-body\\index.js:163:17)\n    at getRawBody (D:\\Dhanush\\javaScriptNode\\rove\\backend\\node_modules\\raw-body\\index.js:116:12)\n    at read (D:\\Dhanush\\javaScriptNode\\rove\\backend\\node_modules\\body-parser\\lib\\read.js:113:3)\n    at jsonParser (D:\\Dhanush\\javaScriptNode\\rove\\backend\\node_modules\\body-parser\\lib\\types\\json.js:88:5)\n    at Layer.handleRequest (D:\\Dhanush\\javaScriptNode\\rove\\backend\\node_modules\\router\\lib\\layer.js:152:17)\n    at trimPrefix (D:\\Dhanush\\javaScriptNode\\rove\\backend\\node_modules\\router\\index.js:342:13)\n    at D:\\Dhanush\\javaScriptNode\\rove\\backend\\node_modules\\router\\index.js:297:9\n    at processParams (D:\\Dhanush\\javaScriptNode\\rove\\backend\\node_modules\\router\\index.js:582:12)\n    at next (D:\\Dhanush\\javaScriptNode\\rove\\backend\\node_modules\\router\\index.js:291:5)\n    at D:\\Dhanush\\javaScriptNode\\rove\\backend\\node_modules\\express-rate-limit\\dist\\index.cjs:999:7","service":"visual-whiteboard-api","timestamp":"2026-05-15 19:07:43"}
{"level":"error","message":"PayloadTooLargeError: request entity too large\n    at readStream (D:\\Dhanush\\javaScriptNode\\rove\\backend\\node_modules\\raw-body\\index.js:163:17)\n    at getRawBody (D:\\Dhanush\\javaScriptNode\\rove\\backend\\node_modules\\raw-body\\index.js:116:12)\n    at read (D:\\Dhanush\\javaScriptNode\\rove\\backend\\node_modules\\body-parser\\lib\\read.js:113:3)\n    at jsonParser (D:\\Dhanush\\javaScriptNode\\rove\\backend\\node_modules\\body-parser\\lib\\types\\json.js:88:5)\n    at Layer.handleRequest (D:\\Dhanush\\javaScriptNode\\rove\\backend\\node_modules\\router\\lib\\layer.js:152:17)\n    at trimPrefix (D:\\Dhanush\\javaScriptNode\\rove\\backend\\node_modules\\router\\index.js:342:13)\n    at D:\\Dhanush\\javaScriptNode\\rove\\backend\\node_modules\\router\\index.js:297:9\n    at processParams (D:\\Dhanush\\javaScriptNode\\rove\\backend\\node_modules\\router\\index.js:582:12)\n    at next (D:\\Dhanush\\javaScriptNode\\rove\\backend\\node_modules\\router\\index.js:291:5)\n    at D:\\Dhanush\\javaScriptNode\\rove\\backend\\node_modules\\express-rate-limit\\dist\\index.cjs:999:7","service":"visual-whiteboard-api","timestamp":"2026-05-15 19:07:48"}
{"level":"error","message":"PayloadTooLargeError: request entity too large\n    at readStream (D:\\Dhanush\\javaScriptNode\\rove\\backend\\node_modules\\raw-body\\index.js:163:17)\n    at getRawBody (D:\\Dhanush\\javaScriptNode\\rove\\backend\\node_modules\\raw-body\\index.js:116:12)\n    at read (D:\\Dhanush\\javaScriptNode\\rove\\backend\\node_modules\\body-parser\\lib\\read.js:113:3)\n    at jsonParser (D:\\Dhanush\\javaScriptNode\\rove\\backend\\node_modules\\body-parser\\lib\\types\\json.js:88:5)\n    at Layer.handleRequest (D:\\Dhanush\\javaScriptNode\\rove\\backend\\node_modules\\router\\lib\\layer.js:152:17)\n    at trimPrefix (D:\\Dhanush\\javaScriptNode\\rove\\backend\\node_modules\\router\\index.js:342:13)\n    at D:\\Dhanush\\javaScriptNode\\rove\\backend\\node_modules\\router\\index.js:297:9\n    at processParams (D:\\Dhanush\\javaScriptNode\\rove\\backend\\node_modules\\router\\index.js:582:12)\n    at next (D:\\Dhanush\\javaScriptNode\\rove\\backend\\node_modules\\router\\index.js:291:5)\n    at D:\\Dhanush\\javaScriptNode\\rove\\backend\\node_modules\\express-rate-limit\\dist\\index.cjs:999:7","service":"visual-whiteboard-api","timestamp":"2026-05-15 19:07:53"}
{"level":"error","message":"PayloadTooLargeError: request entity too large\n    at readStream (D:\\Dhanush\\javaScriptNode\\rove\\backend\\node_modules\\raw-body\\index.js:163:17)\n    at getRawBody (D:\\Dhanush\\javaScriptNode\\rove\\backend\\node_modules\\raw-body\\index.js:116:12)\n    at read (D:\\Dhanush\\javaScriptNode\\rove\\backend\\node_modules\\body-parser\\lib\\read.js:113:3)\n    at jsonParser (D:\\Dhanush\\javaScriptNode\\rove\\backend\\node_modules\\body-parser\\lib\\types\\json.js:88:5)\n    at Layer.handleRequest (D:\\Dhanush\\javaScriptNode\\rove\\backend\\node_modules\\router\\lib\\layer.js:152:17)\n    at trimPrefix (D:\\Dhanush\\javaScriptNode\\rove\\backend\\node_modules\\router\\index.js:342:13)\n    at D:\\Dhanush\\javaScriptNode\\rove\\backend\\node_modules\\router\\index.js:297:9\n    at processParams (D:\\Dhanush\\javaScriptNode\\rove\\backend\\node_modules\\router\\index.js:582:12)\n    at next (D:\\Dhanush\\javaScriptNode\\rove\\backend\\node_modules\\router\\index.js:291:5)\n    at D:\\Dhanush\\javaScriptNode\\rove\\backend\\node_modules\\express-rate-limit\\dist\\index.cjs:999:7","service":"visual-whiteboard-api","timestamp":"2026-05-15 19:07:55"}
{"level":"error","message":"PayloadTooLargeError: request entity too large\n    at readStream (D:\\Dhanush\\javaScriptNode\\rove\\backend\\node_modules\\raw-body\\index.js:163:17)\n    at getRawBody (D:\\Dhanush\\javaScriptNode\\rove\\backend\\node_modules\\raw-body\\index.js:116:12)\n    at read (D:\\Dhanush\\javaScriptNode\\rove\\backend\\node_modules\\body-parser\\lib\\read.js:113:3)\n    at jsonParser (D:\\Dhanush\\javaScriptNode\\rove\\backend\\node_modules\\body-parser\\lib\\types\\json.js:88:5)\n    at Layer.handleRequest (D:\\Dhanush\\javaScriptNode\\rove\\backend\\node_modules\\router\\lib\\layer.js:152:17)\n    at trimPrefix (D:\\Dhanush\\javaScriptNode\\rove\\backend\\node_modules\\router\\index.js:342:13)\n    at D:\\Dhanush\\javaScriptNode\\rove\\backend\\node_modules\\router\\index.js:297:9\n    at processParams (D:\\Dhanush\\javaScriptNode\\rove\\backend\\node_modules\\router\\index.js:582:12)\n    at next (D:\\Dhanush\\javaScriptNode\\rove\\backend\\node_modules\\router\\index.js:291:5)\n    at D:\\Dhanush\\javaScriptNode\\rove\\backend\\node_modules\\express-rate-limit\\dist\\index.cjs:999:7","service":"visual-whiteboard-api","timestamp":"2026-05-15 19:08:00"}
{"level":"error","message":"PayloadTooLargeError: request entity too large\n    at readStream (D:\\Dhanush\\javaScriptNode\\rove\\backend\\node_modules\\raw-body\\index.js:163:17)\n    at getRawBody (D:\\Dhanush\\javaScriptNode\\rove\\backend\\node_modules\\raw-body\\index.js:116:12)\n    at read (D:\\Dhanush\\javaScriptNode\\rove\\backend\\node_modules\\body-parser\\lib\\read.js:113:3)\n    at jsonParser (D:\\Dhanush\\javaScriptNode\\rove\\backend\\node_modules\\body-parser\\lib\\types\\json.js:88:5)\n    at Layer.handleRequest (D:\\Dhanush\\javaScriptNode\\rove\\backend\\node_modules\\router\\lib\\layer.js:152:17)\n    at trimPrefix (D:\\Dhanush\\javaScriptNode\\rove\\backend\\node_modules\\router\\index.js:342:13)\n    at D:\\Dhanush\\javaScriptNode\\rove\\backend\\node_modules\\router\\index.js:297:9\n    at processParams (D:\\Dhanush\\javaScriptNode\\rove\\backend\\node_modules\\router\\index.js:582:12)\n    at next (D:\\Dhanush\\javaScriptNode\\rove\\backend\\node_modules\\router\\index.js:291:5)\n    at D:\\Dhanush\\javaScriptNode\\rove\\backend\\node_modules\\express-rate-limit\\dist\\index.cjs:999:7","service":"visual-whiteboard-api","timestamp":"2026-05-15 19:08:03"}
{"level":"error","message":"PayloadTooLargeError: request entity too large\n    at readStream (D:\\Dhanush\\javaScriptNode\\rove\\backend\\node_modules\\raw-body\\index.js:163:17)\n    at getRawBody (D:\\Dhanush\\javaScriptNode\\rove\\backend\\node_modules\\raw-body\\index.js:116:12)\n    at read (D:\\Dhanush\\javaScriptNode\\rove\\backend\\node_modules\\body-parser\\lib\\read.js:113:3)\n    at jsonParser (D:\\Dhanush\\javaScriptNode\\rove\\backend\\node_modules\\body-parser\\lib\\types\\json.js:88:5)\n    at Layer.handleRequest (D:\\Dhanush\\javaScriptNode\\rove\\backend\\node_modules\\router\\lib\\layer.js:152:17)\n    at trimPrefix (D:\\Dhanush\\javaScriptNode\\rove\\backend\\node_modules\\router\\index.js:342:13)\n    at D:\\Dhanush\\javaScriptNode\\rove\\backend\\node_modules\\router\\index.js:297:9\n    at processParams (D:\\Dhanush\\javaScriptNode\\rove\\backend\\node_modules\\router\\index.js:582:12)\n    at next (D:\\Dhanush\\javaScriptNode\\rove\\backend\\node_modules\\router\\index.js:291:5)\n    at D:\\Dhanush\\javaScriptNode\\rove\\backend\\node_modules\\express-rate-limit\\dist\\index.cjs:999:7","service":"visual-whiteboard-api","timestamp":"2026-05-15 19:08:11"}
{"level":"error","message":"PayloadTooLargeError: request entity too large\n    at readStream (D:\\Dhanush\\javaScriptNode\\rove\\backend\\node_modules\\raw-body\\index.js:163:17)\n    at getRawBody (D:\\Dhanush\\javaScriptNode\\rove\\backend\\node_modules\\raw-body\\index.js:116:12)\n    at read (D:\\Dhanush\\javaScriptNode\\rove\\backend\\node_modules\\body-parser\\lib\\read.js:113:3)\n    at jsonParser (D:\\Dhanush\\javaScriptNode\\rove\\backend\\node_modules\\body-parser\\lib\\types\\json.js:88:5)\n    at Layer.handleRequest (D:\\Dhanush\\javaScriptNode\\rove\\backend\\node_modules\\router\\lib\\layer.js:152:17)\n    at trimPrefix (D:\\Dhanush\\javaScriptNode\\rove\\backend\\node_modules\\router\\index.js:342:13)\n    at D:\\Dhanush\\javaScriptNode\\rove\\backend\\node_modules\\router\\index.js:297:9\n    at processParams (D:\\Dhanush\\javaScriptNode\\rove\\backend\\node_modules\\router\\index.js:582:12)\n    at next (D:\\Dhanush\\javaScriptNode\\rove\\backend\\node_modules\\router\\index.js:291:5)\n    at D:\\Dhanush\\javaScriptNode\\rove\\backend\\node_modules\\express-rate-limit\\dist\\index.cjs:999:7","service":"visual-whiteboard-api","timestamp":"2026-05-15 19:08:15"}
{"level":"error","message":"PayloadTooLargeError: request entity too large\n    at readStream (D:\\Dhanush\\javaScriptNode\\rove\\backend\\node_modules\\raw-body\\index.js:163:17)\n    at getRawBody (D:\\Dhanush\\javaScriptNode\\rove\\backend\\node_modules\\raw-body\\index.js:116:12)\n    at read (D:\\Dhanush\\javaScriptNode\\rove\\backend\\node_modules\\body-parser\\lib\\read.js:113:3)\n    at jsonParser (D:\\Dhanush\\javaScriptNode\\rove\\backend\\node_modules\\body-parser\\lib\\types\\json.js:88:5)\n    at Layer.handleRequest (D:\\Dhanush\\javaScriptNode\\rove\\backend\\node_modules\\router\\lib\\layer.js:152:17)\n    at trimPrefix (D:\\Dhanush\\javaScriptNode\\rove\\backend\\node_modules\\router\\index.js:342:13)\n    at D:\\Dhanush\\javaScriptNode\\rove\\backend\\node_modules\\router\\index.js:297:9\n    at processParams (D:\\Dhanush\\javaScriptNode\\rove\\backend\\node_modules\\router\\index.js:582:12)\n    at next (D:\\Dhanush\\javaScriptNode\\rove\\backend\\node_modules\\router\\index.js:291:5)\n    at D:\\Dhanush\\javaScriptNode\\rove\\backend\\node_modules\\express-rate-limit\\dist\\index.cjs:999:7","service":"visual-whiteboard-api","timestamp":"2026-05-15 19:08:20"}
{"level":"error","message":"PayloadTooLargeError: request entity too large\n    at readStream (D:\\Dhanush\\javaScriptNode\\rove\\backend\\node_modules\\raw-body\\index.js:163:17)\n    at getRawBody (D:\\Dhanush\\javaScriptNode\\rove\\backend\\node_modules\\raw-body\\index.js:116:12)\n    at read (D:\\Dhanush\\javaScriptNode\\rove\\backend\\node_modules\\body-parser\\lib\\read.js:113:3)\n    at jsonParser (D:\\Dhanush\\javaScriptNode\\rove\\backend\\node_modules\\body-parser\\lib\\types\\json.js:88:5)\n    at Layer.handleRequest (D:\\Dhanush\\javaScriptNode\\rove\\backend\\node_modules\\router\\lib\\layer.js:152:17)\n    at trimPrefix (D:\\Dhanush\\javaScriptNode\\rove\\backend\\node_modules\\router\\index.js:342:13)\n    at D:\\Dhanush\\javaScriptNode\\rove\\backend\\node_modules\\router\\index.js:297:9\n    at processParams (D:\\Dhanush\\javaScriptNode\\rove\\backend\\node_modules\\router\\index.js:582:12)\n    at next (D:\\Dhanush\\javaScriptNode\\rove\\backend\\node_modules\\router\\index.js:291:5)\n    at D:\\Dhanush\\javaScriptNode\\rove\\backend\\node_modules\\express-rate-limit\\dist\\index.cjs:999:7","service":"visual-whiteboard-api","timestamp":"2026-05-15 19:08:26"}
{"level":"error","message":"PayloadTooLargeError: request entity too large\n    at readStream (D:\\Dhanush\\javaScriptNode\\rove\\backend\\node_modules\\raw-body\\index.js:163:17)\n    at getRawBody (D:\\Dhanush\\javaScriptNode\\rove\\backend\\node_modules\\raw-body\\index.js:116:12)\n    at read (D:\\Dhanush\\javaScriptNode\\rove\\backend\\node_modules\\body-parser\\lib\\read.js:113:3)\n    at jsonParser (D:\\Dhanush\\javaScriptNode\\rove\\backend\\node_modules\\body-parser\\lib\\types\\json.js:88:5)\n    at Layer.handleRequest (D:\\Dhanush\\javaScriptNode\\rove\\backend\\node_modules\\router\\lib\\layer.js:152:17)\n    at trimPrefix (D:\\Dhanush\\javaScriptNode\\rove\\backend\\node_modules\\router\\index.js:342:13)\n    at D:\\Dhanush\\javaScriptNode\\rove\\backend\\node_modules\\router\\index.js:297:9\n    at processParams (D:\\Dhanush\\javaScriptNode\\rove\\backend\\node_modules\\router\\index.js:582:12)\n    at next (D:\\Dhanush\\javaScriptNode\\rove\\backend\\node_modules\\router\\index.js:291:5)\n    at D:\\Dhanush\\javaScriptNode\\rove\\backend\\node_modules\\express-rate-limit\\dist\\index.cjs:999:7","service":"visual-whiteboard-api","timestamp":"2026-05-15 19:08:31"}
{"level":"error","message":"PayloadTooLargeError: request entity too large\n    at readStream (D:\\Dhanush\\javaScriptNode\\rove\\backend\\node_modules\\raw-body\\index.js:163:17)\n    at getRawBody (D:\\Dhanush\\javaScriptNode\\rove\\backend\\node_modules\\raw-body\\index.js:116:12)\n    at read (D:\\Dhanush\\javaScriptNode\\rove\\backend\\node_modules\\body-parser\\lib\\read.js:113:3)\n    at jsonParser (D:\\Dhanush\\javaScriptNode\\rove\\backend\\node_modules\\body-parser\\lib\\types\\json.js:88:5)\n    at Layer.handleRequest (D:\\Dhanush\\javaScriptNode\\rove\\backend\\node_modules\\router\\lib\\layer.js:152:17)\n    at trimPrefix (D:\\Dhanush\\javaScriptNode\\rove\\backend\\node_modules\\router\\index.js:342:13)\n    at D:\\Dhanush\\javaScriptNode\\rove\\backend\\node_modules\\router\\index.js:297:9\n    at processParams (D:\\Dhanush\\javaScriptNode\\rove\\backend\\node_modules\\router\\index.js:582:12)\n    at next (D:\\Dhanush\\javaScriptNode\\rove\\backend\\node_modules\\router\\index.js:291:5)\n    at D:\\Dhanush\\javaScriptNode\\rove\\backend\\node_modules\\express-rate-limit\\dist\\index.cjs:999:7","service":"visual-whiteboard-api","timestamp":"2026-05-15 19:08:35"}
{"level":"error","message":"PayloadTooLargeError: request entity too large\n    at readStream (D:\\Dhanush\\javaScriptNode\\rove\\backend\\node_modules\\raw-body\\index.js:163:17)\n    at getRawBody (D:\\Dhanush\\javaScriptNode\\rove\\backend\\node_modules\\raw-body\\index.js:116:12)\n    at read (D:\\Dhanush\\javaScriptNode\\rove\\backend\\node_modules\\body-parser\\lib\\read.js:113:3)\n    at jsonParser (D:\\Dhanush\\javaScriptNode\\rove\\backend\\node_modules\\body-parser\\lib\\types\\json.js:88:5)\n    at Layer.handleRequest (D:\\Dhanush\\javaScriptNode\\rove\\backend\\node_modules\\router\\lib\\layer.js:152:17)\n    at trimPrefix (D:\\Dhanush\\javaScriptNode\\rove\\backend\\node_modules\\router\\index.js:342:13)\n    at D:\\Dhanush\\javaScriptNode\\rove\\backend\\node_modules\\router\\index.js:297:9\n    at processParams (D:\\Dhanush\\javaScriptNode\\rove\\backend\\node_modules\\router\\index.js:582:12)\n    at next (D:\\Dhanush\\javaScriptNode\\rove\\backend\\node_modules\\router\\index.js:291:5)\n    at D:\\Dhanush\\javaScriptNode\\rove\\backend\\node_modules\\express-rate-limit\\dist\\index.cjs:999:7","service":"visual-whiteboard-api","timestamp":"2026-05-15 19:08:39"}
{"level":"error","message":"Authentication error: jwt expired","service":"visual-whiteboard-api","timestamp":"2026-05-15 19:20:47"}
{"level":"error","message":"Authentication error: jwt expired","service":"visual-whiteboard-api","timestamp":"2026-05-15 19:20:47"}
{"level":"error","message":"Authentication error: jwt expired","service":"visual-whiteboard-api","timestamp":"2026-05-15 19:20:47"}
{"level":"error","message":"Authentication error: jwt expired","service":"visual-whiteboard-api","timestamp":"2026-05-15 19:20:47"}
{"level":"error","message":"Authentication error: jwt expired","service":"visual-whiteboard-api","timestamp":"2026-05-15 20:06:23"}
{"level":"error","message":"Authentication error: jwt expired","service":"visual-whiteboard-api","timestamp":"2026-05-15 20:06:23"}
{"level":"error","message":"Authentication error: jwt expired","service":"visual-whiteboard-api","timestamp":"2026-05-15 20:06:23"}
{"level":"error","message":"Authentication error: jwt expired","service":"visual-whiteboard-api","timestamp":"2026-05-15 20:06:23"}
{"level":"error","message":"Authentication error: jwt expired","service":"visual-whiteboard-api","timestamp":"2026-05-15 20:33:45"}
{"level":"error","message":"Authentication error: jwt expired","service":"visual-whiteboard-api","timestamp":"2026-05-15 20:33:45"}
{"level":"error","message":"Authentication error: jwt expired","service":"visual-whiteboard-api","timestamp":"2026-05-15 20:33:45"}
{"level":"error","message":"Authentication error: jwt expired","service":"visual-whiteboard-api","timestamp":"2026-05-15 20:33:45"}
{"code":"ECONNREFUSED","level":"error","message":"Redis Client Error","service":"visual-whiteboard-api","stack":"AggregateError [ECONNREFUSED]: \n    at internalConnectMultiple (node:net:1142:49)\n    at afterConnectMultiple (node:net:1723:7)","timestamp":"2026-05-17 02:04:42"}
{"code":"ECONNREFUSED","level":"error","message":"Redis Client Error","service":"visual-whiteboard-api","stack":"AggregateError [ECONNREFUSED]: \n    at internalConnectMultiple (node:net:1142:49)\n    at afterConnectMultiple (node:net:1723:7)","timestamp":"2026-05-17 02:04:42"}
{"code":"ECONNREFUSED","level":"error","message":"Redis Client Error","service":"visual-whiteboard-api","stack":"AggregateError [ECONNREFUSED]: \n    at internalConnectMultiple (node:net:1142:49)\n    at afterConnectMultiple (node:net:1723:7)","timestamp":"2026-05-17 02:04:42"}
{"code":"ECONNREFUSED","level":"error","message":"Redis Client Error","service":"visual-whiteboard-api","stack":"AggregateError [ECONNREFUSED]: \n    at internalConnectMultiple (node:net:1142:49)\n    at afterConnectMultiple (node:net:1723:7)","timestamp":"2026-05-17 02:04:43"}
{"code":"ECONNREFUSED","level":"error","message":"Redis Client Error","service":"visual-whiteboard-api","stack":"AggregateError [ECONNREFUSED]: \n    at internalConnectMultiple (node:net:1142:49)\n    at afterConnectMultiple (node:net:1723:7)","timestamp":"2026-05-17 02:04:43"}
{"code":"ECONNREFUSED","level":"error","message":"Redis Client Error","service":"visual-whiteboard-api","stack":"AggregateError [ECONNREFUSED]: \n    at internalConnectMultiple (node:net:1142:49)\n    at afterConnectMultiple (node:net:1723:7)","timestamp":"2026-05-17 02:04:44"}
{"code":"ECONNREFUSED","level":"error","message":"Redis Client Error","service":"visual-whiteboard-api","stack":"AggregateError [ECONNREFUSED]: \n    at internalConnectMultiple (node:net:1142:49)\n    at afterConnectMultiple (node:net:1723:7)","timestamp":"2026-05-17 02:04:46"}
{"code":"ECONNREFUSED","level":"error","message":"Redis Client Error","service":"visual-whiteboard-api","stack":"AggregateError [ECONNREFUSED]: \n    at internalConnectMultiple (node:net:1142:49)\n    at afterConnectMultiple (node:net:1723:7)","timestamp":"2026-05-17 02:04:48"}
{"code":"ECONNREFUSED","level":"error","message":"Redis Client Error","service":"visual-whiteboard-api","stack":"AggregateError [ECONNREFUSED]: \n    at internalConnectMultiple (node:net:1142:49)\n    at afterConnectMultiple (node:net:1723:7)","timestamp":"2026-05-17 02:04:50"}
{"code":"ECONNREFUSED","level":"error","message":"Redis Client Error","service":"visual-whiteboard-api","stack":"AggregateError [ECONNREFUSED]: \n    at internalConnectMultiple (node:net:1142:49)\n    at afterConnectMultiple (node:net:1723:7)","timestamp":"2026-05-17 02:04:52"}
{"code":"ECONNREFUSED","level":"error","message":"Redis Client Error","service":"visual-whiteboard-api","stack":"AggregateError [ECONNREFUSED]: \n    at internalConnectMultiple (node:net:1142:49)\n    at afterConnectMultiple (node:net:1723:7)","timestamp":"2026-05-17 02:04:54"}
{"code":"ECONNREFUSED","level":"error","message":"Redis Client Error","service":"visual-whiteboard-api","stack":"AggregateError [ECONNREFUSED]: \n    at internalConnectMultiple (node:net:1142:49)\n    at afterConnectMultiple (node:net:1723:7)","timestamp":"2026-05-17 02:04:56"}
{"level":"error","message":"Authentication error: jwt expired","service":"visual-whiteboard-api","timestamp":"2026-05-17 02:27:28"}
{"level":"error","message":"Authentication error: jwt expired","service":"visual-whiteboard-api","timestamp":"2026-05-17 02:27:28"}
{"level":"error","message":"Authentication error: jwt expired","service":"visual-whiteboard-api","timestamp":"2026-05-17 02:27:28"}
{"level":"error","message":"Authentication error: jwt expired","service":"visual-whiteboard-api","timestamp":"2026-05-17 02:27:28"}
{"level":"error","message":"TypeError: getStorageProvider is not a function\n    at uploadMedia (D:\\Dhanush\\javaScriptNode\\rove\\backend\\src\\controllers\\mediaController.js:37:22)\n    at process.processTicksAndRejections (node:internal/process/task_queues:104:5)","service":"visual-whiteboard-api","timestamp":"2026-05-17 02:28:19"}
{"level":"error","message":"TypeError: getStorageProvider is not a function\n    at uploadMedia (D:\\Dhanush\\javaScriptNode\\rove\\backend\\src\\controllers\\mediaController.js:37:22)\n    at process.processTicksAndRejections (node:internal/process/task_queues:104:5)","service":"visual-whiteboard-api","timestamp":"2026-05-17 02:31:20"}
{"code":"ECONNREFUSED","level":"error","message":"Redis Client Error","service":"visual-whiteboard-api","stack":"AggregateError [ECONNREFUSED]: \n    at internalConnectMultiple (node:net:1142:49)\n    at afterConnectMultiple (node:net:1723:7)","timestamp":"2026-05-19 01:12:49"}
{"code":"ECONNREFUSED","level":"error","message":"Redis Client Error","service":"visual-whiteboard-api","stack":"AggregateError [ECONNREFUSED]: \n    at internalConnectMultiple (node:net:1142:49)\n    at afterConnectMultiple (node:net:1723:7)","timestamp":"2026-05-19 01:12:49"}
{"code":"ECONNREFUSED","level":"error","message":"Redis Client Error","service":"visual-whiteboard-api","stack":"AggregateError [ECONNREFUSED]: \n    at internalConnectMultiple (node:net:1142:49)\n    at afterConnectMultiple (node:net:1723:7)","timestamp":"2026-05-19 01:12:50"}
{"code":"ECONNREFUSED","level":"error","message":"Redis Client Error","service":"visual-whiteboard-api","stack":"AggregateError [ECONNREFUSED]: \n    at internalConnectMultiple (node:net:1142:49)\n    at afterConnectMultiple (node:net:1723:7)","timestamp":"2026-05-19 01:12:50"}
{"code":"ECONNREFUSED","level":"error","message":"Redis Client Error","service":"visual-whiteboard-api","stack":"AggregateError [ECONNREFUSED]: \n    at internalConnectMultiple (node:net:1142:49)\n    at afterConnectMultiple (node:net:1723:7)","timestamp":"2026-05-19 01:12:51"}
{"code":"ECONNREFUSED","level":"error","message":"Redis Client Error","service":"visual-whiteboard-api","stack":"AggregateError [ECONNREFUSED]: \n    at internalConnectMultiple (node:net:1142:49)\n    at afterConnectMultiple (node:net:1723:7)","timestamp":"2026-05-19 01:12:52"}
{"code":"ECONNREFUSED","level":"error","message":"Redis Client Error","service":"visual-whiteboard-api","stack":"AggregateError [ECONNREFUSED]: \n    at internalConnectMultiple (node:net:1142:49)\n    at afterConnectMultiple (node:net:1723:7)","timestamp":"2026-05-19 01:12:53"}
{"code":"ECONNREFUSED","level":"error","message":"Redis Client Error","service":"visual-whiteboard-api","stack":"AggregateError [ECONNREFUSED]: \n    at internalConnectMultiple (node:net:1142:49)\n    at afterConnectMultiple (node:net:1723:7)","timestamp":"2026-05-19 01:12:55"}
{"level":"error","message":"Authentication error: jwt expired","service":"visual-whiteboard-api","timestamp":"2026-05-19 01:48:24"}
{"level":"error","message":"Authentication error: jwt expired","service":"visual-whiteboard-api","timestamp":"2026-05-19 01:48:24"}
{"level":"error","message":"Authentication error: jwt expired","service":"visual-whiteboard-api","timestamp":"2026-05-19 02:03:36"}
{"level":"error","message":"Authentication error: jwt expired","service":"visual-whiteboard-api","timestamp":"2026-05-19 02:03:40"}
{"level":"error","message":"Authentication error: jwt expired","service":"visual-whiteboard-api","timestamp":"2026-05-19 02:03:46"}
{"level":"error","message":"Authentication error: jwt expired","service":"visual-whiteboard-api","timestamp":"2026-05-19 02:03:51"}
{"level":"error","message":"Authentication error: jwt expired","service":"visual-whiteboard-api","timestamp":"2026-05-19 02:07:29"}
{"level":"error","message":"Authentication error: jwt expired","service":"visual-whiteboard-api","timestamp":"2026-05-19 02:07:29"}
{"level":"error","message":"Authentication error: jwt expired","service":"visual-whiteboard-api","timestamp":"2026-05-19 02:39:51"}
{"level":"error","message":"Authentication error: jwt expired","service":"visual-whiteboard-api","timestamp":"2026-05-19 02:54:31"}
{"level":"error","message":"Authentication error: jwt expired","service":"visual-whiteboard-api","timestamp":"2026-05-19 02:54:31"}
{"level":"error","message":"Authentication error: jwt expired","service":"visual-whiteboard-api","timestamp":"2026-05-19 02:54:31"}
{"level":"error","message":"Authentication error: jwt expired","service":"visual-whiteboard-api","timestamp":"2026-05-19 02:54:31"}
{"level":"error","message":"Authentication error: jwt expired","service":"visual-whiteboard-api","timestamp":"2026-05-19 03:09:48"}
{"level":"error","message":"Authentication error: jwt expired","service":"visual-whiteboard-api","timestamp":"2026-05-19 03:09:54"}
{"level":"error","message":"Authentication error: jwt expired","service":"visual-whiteboard-api","timestamp":"2026-05-19 03:11:25"}
{"level":"error","message":"Authentication error: jwt expired","service":"visual-whiteboard-api","timestamp":"2026-05-19 03:11:25"}
{"level":"error","message":"Authentication error: jwt expired","service":"visual-whiteboard-api","timestamp":"2026-05-19 03:11:25"}
{"level":"error","message":"Authentication error: jwt expired","service":"visual-whiteboard-api","timestamp":"2026-05-19 03:11:25"}
{"level":"error","message":"Authentication error: jwt expired","service":"visual-whiteboard-api","timestamp":"2026-05-19 03:50:53"}
{"level":"error","message":"Authentication error: jwt expired","service":"visual-whiteboard-api","timestamp":"2026-05-19 03:50:53"}
{"level":"error","message":"Authentication error: jwt expired","service":"visual-whiteboard-api","timestamp":"2026-05-19 03:50:53"}
{"level":"error","message":"Authentication error: jwt expired","service":"visual-whiteboard-api","timestamp":"2026-05-19 03:50:53"}
{"level":"error","message":"Authentication error: jwt expired","service":"visual-whiteboard-api","timestamp":"2026-05-19 04:07:43"}
{"level":"error","message":"Authentication error: jwt expired","service":"visual-whiteboard-api","timestamp":"2026-05-19 04:07:47"}
{"level":"error","message":"Authentication error: jwt expired","service":"visual-whiteboard-api","timestamp":"2026-05-19 04:07:55"}
{"level":"error","message":"Authentication error: jwt expired","service":"visual-whiteboard-api","timestamp":"2026-05-19 04:07:58"}
{"level":"error","message":"Authentication error: jwt expired","service":"visual-whiteboard-api","timestamp":"2026-05-19 04:08:04"}
{"level":"error","message":"Authentication error: jwt expired","service":"visual-whiteboard-api","timestamp":"2026-05-19 04:08:08"}
{"level":"error","message":"Authentication error: jwt expired","service":"visual-whiteboard-api","timestamp":"2026-05-19 04:08:15"}
{"level":"error","message":"Authentication error: jwt expired","service":"visual-whiteboard-api","timestamp":"2026-05-19 04:08:28"}
{"level":"error","message":"Authentication error: jwt expired","service":"visual-whiteboard-api","timestamp":"2026-05-19 04:08:31"}
{"level":"error","message":"Authentication error: jwt expired","service":"visual-whiteboard-api","timestamp":"2026-05-19 04:08:35"}
{"level":"error","message":"Authentication error: jwt expired","service":"visual-whiteboard-api","timestamp":"2026-05-19 04:08:45"}
{"level":"error","message":"Authentication error: jwt expired","service":"visual-whiteboard-api","timestamp":"2026-05-19 04:12:38"}
{"level":"error","message":"Authentication error: jwt expired","service":"visual-whiteboard-api","timestamp":"2026-05-19 04:12:38"}
{"level":"error","message":"Authentication error: jwt expired","service":"visual-whiteboard-api","timestamp":"2026-05-19 04:12:38"}
{"level":"error","message":"Authentication error: jwt expired","service":"visual-whiteboard-api","timestamp":"2026-05-19 04:12:38"}
{"level":"error","message":"Authentication error: jwt expired","service":"visual-whiteboard-api","timestamp":"2026-05-19 04:28:00"}
{"level":"error","message":"Authentication error: jwt expired","service":"visual-whiteboard-api","timestamp":"2026-05-19 04:28:04"}
{"level":"error","message":"Authentication error: jwt expired","service":"visual-whiteboard-api","timestamp":"2026-05-19 04:28:10"}
{"level":"error","message":"Authentication error: jwt expired","service":"visual-whiteboard-api","timestamp":"2026-05-19 04:28:19"}
{"level":"error","message":"Authentication error: jwt expired","service":"visual-whiteboard-api","timestamp":"2026-05-19 04:28:24"}
{"level":"error","message":"Authentication error: jwt expired","service":"visual-whiteboard-api","timestamp":"2026-05-19 04:28:29"}
{"level":"error","message":"Authentication error: jwt expired","service":"visual-whiteboard-api","timestamp":"2026-05-19 04:28:33"}
{"level":"error","message":"Authentication error: jwt expired","service":"visual-whiteboard-api","timestamp":"2026-05-19 04:28:37"}
{"level":"error","message":"Authentication error: jwt expired","service":"visual-whiteboard-api","timestamp":"2026-05-19 04:28:39"}
{"level":"error","message":"Authentication error: jwt expired","service":"visual-whiteboard-api","timestamp":"2026-05-19 04:28:43"}
{"level":"error","message":"Authentication error: jwt expired","service":"visual-whiteboard-api","timestamp":"2026-05-19 04:28:45"}
{"level":"error","message":"Authentication error: jwt expired","service":"visual-whiteboard-api","timestamp":"2026-05-19 04:28:48"}
{"level":"error","message":"Authentication error: jwt expired","service":"visual-whiteboard-api","timestamp":"2026-05-19 04:28:53"}
{"level":"error","message":"Authentication error: jwt expired","service":"visual-whiteboard-api","timestamp":"2026-05-19 04:28:59"}
{"level":"error","message":"Authentication error: jwt expired","service":"visual-whiteboard-api","timestamp":"2026-05-19 04:29:02"}
{"level":"error","message":"Authentication error: jwt expired","service":"visual-whiteboard-api","timestamp":"2026-05-19 04:29:02"}
{"level":"error","message":"Authentication error: jwt expired","service":"visual-whiteboard-api","timestamp":"2026-05-19 04:29:07"}
{"level":"error","message":"Authentication error: jwt expired","service":"visual-whiteboard-api","timestamp":"2026-05-19 04:29:31"}
{"level":"error","message":"Authentication error: jwt expired","service":"visual-whiteboard-api","timestamp":"2026-05-19 04:29:32"}
{"level":"error","message":"Authentication error: jwt expired","service":"visual-whiteboard-api","timestamp":"2026-05-19 04:29:45"}
{"level":"error","message":"Authentication error: jwt expired","service":"visual-whiteboard-api","timestamp":"2026-05-19 04:29:49"}
{"level":"error","message":"Authentication error: jwt expired","service":"visual-whiteboard-api","timestamp":"2026-05-19 04:29:49"}
{"level":"error","message":"Authentication error: jwt expired","service":"visual-whiteboard-api","timestamp":"2026-05-19 04:50:34"}
{"level":"error","message":"Authentication error: jwt expired","service":"visual-whiteboard-api","timestamp":"2026-05-19 04:50:34"}
{"level":"error","message":"Authentication error: jwt expired","service":"visual-whiteboard-api","timestamp":"2026-05-19 04:50:34"}
{"level":"error","message":"Authentication error: jwt expired","service":"visual-whiteboard-api","timestamp":"2026-05-19 04:50:34"}
{"code":"ECONNREFUSED","level":"error","message":"Redis Client Error","service":"visual-whiteboard-api","stack":"AggregateError [ECONNREFUSED]: \n    at internalConnectMultiple (node:net:1142:49)\n    at afterConnectMultiple (node:net:1723:7)","timestamp":"2026-05-22 20:24:30"}
{"code":"ECONNREFUSED","level":"error","message":"Redis Client Error","service":"visual-whiteboard-api","stack":"AggregateError [ECONNREFUSED]: \n    at internalConnectMultiple (node:net:1142:49)\n    at afterConnectMultiple (node:net:1723:7)","timestamp":"2026-05-22 20:24:30"}
{"code":"ECONNREFUSED","level":"error","message":"Redis Client Error","service":"visual-whiteboard-api","stack":"AggregateError [ECONNREFUSED]: \n    at internalConnectMultiple (node:net:1142:49)\n    at afterConnectMultiple (node:net:1723:7)","timestamp":"2026-05-22 20:24:31"}
{"code":"ECONNREFUSED","level":"error","message":"Redis Client Error","service":"visual-whiteboard-api","stack":"AggregateError [ECONNREFUSED]: \n    at internalConnectMultiple (node:net:1142:49)\n    at afterConnectMultiple (node:net:1723:7)","timestamp":"2026-05-22 20:24:31"}
{"code":"ECONNREFUSED","level":"error","message":"Redis Client Error","service":"visual-whiteboard-api","stack":"AggregateError [ECONNREFUSED]: \n    at internalConnectMultiple (node:net:1142:49)\n    at afterConnectMultiple (node:net:1723:7)","timestamp":"2026-05-22 20:24:31"}
{"code":"ECONNREFUSED","level":"error","message":"Redis Client Error","service":"visual-whiteboard-api","stack":"AggregateError [ECONNREFUSED]: \n    at internalConnectMultiple (node:net:1142:49)\n    at afterConnectMultiple (node:net:1723:7)","timestamp":"2026-05-22 20:24:32"}
{"code":"ECONNREFUSED","level":"error","message":"Redis Client Error","service":"visual-whiteboard-api","stack":"AggregateError [ECONNREFUSED]: \n    at internalConnectMultiple (node:net:1142:49)\n    at afterConnectMultiple (node:net:1723:7)","timestamp":"2026-05-22 20:24:34"}
{"code":"ECONNREFUSED","level":"error","message":"Redis Client Error","service":"visual-whiteboard-api","stack":"AggregateError [ECONNREFUSED]: \n    at internalConnectMultiple (node:net:1142:49)\n    at afterConnectMultiple (node:net:1723:7)","timestamp":"2026-05-22 20:24:36"}
{"code":"ECONNREFUSED","level":"error","message":"Redis Client Error","service":"visual-whiteboard-api","stack":"AggregateError [ECONNREFUSED]: \n    at internalConnectMultiple (node:net:1142:49)\n    at afterConnectMultiple (node:net:1723:7)","timestamp":"2026-05-22 20:24:38"}
{"level":"error","message":"Authentication error: jwt expired","service":"visual-whiteboard-api","timestamp":"2026-05-22 20:45:58"}
{"level":"error","message":"Authentication error: jwt expired","service":"visual-whiteboard-api","timestamp":"2026-05-22 20:45:58"}
{"level":"error","message":"Authentication error: jwt expired","service":"visual-whiteboard-api","timestamp":"2026-05-22 20:45:58"}
{"level":"error","message":"Authentication error: jwt expired","service":"visual-whiteboard-api","timestamp":"2026-05-22 20:50:39"}
{"level":"error","message":"Authentication error: jwt expired","service":"visual-whiteboard-api","timestamp":"2026-05-22 20:50:39"}
{"code":"ECONNREFUSED","level":"error","message":"Redis Client Error","service":"visual-whiteboard-api","stack":"AggregateError [ECONNREFUSED]: \n    at internalConnectMultiple (node:net:1142:49)\n    at afterConnectMultiple (node:net:1723:7)","timestamp":"2026-05-23 00:40:47"}
{"code":"ECONNREFUSED","level":"error","message":"Redis Client Error","service":"visual-whiteboard-api","stack":"AggregateError [ECONNREFUSED]: \n    at internalConnectMultiple (node:net:1142:49)\n    at afterConnectMultiple (node:net:1723:7)","timestamp":"2026-05-23 00:40:48"}
{"code":"ECONNREFUSED","level":"error","message":"Redis Client Error","service":"visual-whiteboard-api","stack":"AggregateError [ECONNREFUSED]: \n    at internalConnectMultiple (node:net:1142:49)\n    at afterConnectMultiple (node:net:1723:7)","timestamp":"2026-05-23 00:40:48"}
{"code":"ECONNREFUSED","level":"error","message":"Redis Client Error","service":"visual-whiteboard-api","stack":"AggregateError [ECONNREFUSED]: \n    at internalConnectMultiple (node:net:1142:49)\n    at afterConnectMultiple (node:net:1723:7)","timestamp":"2026-05-23 00:40:48"}
{"code":"ECONNREFUSED","level":"error","message":"Redis Client Error","service":"visual-whiteboard-api","stack":"AggregateError [ECONNREFUSED]: \n    at internalConnectMultiple (node:net:1142:49)\n    at afterConnectMultiple (node:net:1723:7)","timestamp":"2026-05-23 00:40:49"}
{"code":"ECONNREFUSED","level":"error","message":"Redis Client Error","service":"visual-whiteboard-api","stack":"AggregateError [ECONNREFUSED]: \n    at internalConnectMultiple (node:net:1142:49)\n    at afterConnectMultiple (node:net:1723:7)","timestamp":"2026-05-23 00:40:50"}
{"code":"ECONNREFUSED","level":"error","message":"Redis Client Error","service":"visual-whiteboard-api","stack":"AggregateError [ECONNREFUSED]: \n    at internalConnectMultiple (node:net:1142:49)\n    at afterConnectMultiple (node:net:1723:7)","timestamp":"2026-05-23 00:40:51"}
{"code":"ECONNREFUSED","level":"error","message":"Redis Client Error","service":"visual-whiteboard-api","stack":"AggregateError [ECONNREFUSED]: \n    at internalConnectMultiple (node:net:1142:49)\n    at afterConnectMultiple (node:net:1723:7)","timestamp":"2026-05-23 00:40:53"}
{"code":"ECONNREFUSED","level":"error","message":"Redis Client Error","service":"visual-whiteboard-api","stack":"AggregateError [ECONNREFUSED]: \n    at internalConnectMultiple (node:net:1142:49)\n    at afterConnectMultiple (node:net:1723:7)","timestamp":"2026-05-23 00:40:56"}
{"level":"error","message":"Authentication error: jwt expired","service":"visual-whiteboard-api","timestamp":"2026-05-23 01:02:52"}
{"level":"error","message":"Authentication error: jwt expired","service":"visual-whiteboard-api","timestamp":"2026-05-23 01:02:52"}
{"level":"error","message":"Authentication error: jwt expired","service":"visual-whiteboard-api","timestamp":"2026-05-23 01:02:52"}
{"level":"error","message":"Authentication error: jwt expired","service":"visual-whiteboard-api","timestamp":"2026-05-23 01:02:52"}
{"level":"error","message":"Authentication error: jwt expired","service":"visual-whiteboard-api","timestamp":"2026-05-23 01:18:22"}
{"level":"error","message":"Authentication error: jwt expired","service":"visual-whiteboard-api","timestamp":"2026-05-23 01:18:22"}
{"level":"error","message":"Authentication error: jwt expired","service":"visual-whiteboard-api","timestamp":"2026-05-23 01:55:05"}
{"level":"error","message":"Authentication error: jwt expired","service":"visual-whiteboard-api","timestamp":"2026-05-23 01:55:05"}
{"level":"error","message":"Authentication error: jwt expired","service":"visual-whiteboard-api","timestamp":"2026-05-23 01:55:05"}
{"level":"error","message":"Authentication error: jwt expired","service":"visual-whiteboard-api","timestamp":"2026-05-23 01:55:05"}
{"level":"error","message":"Authentication error: jwt expired","service":"visual-whiteboard-api","timestamp":"2026-05-23 02:51:23"}
{"level":"error","message":"Authentication error: jwt expired","service":"visual-whiteboard-api","timestamp":"2026-05-23 02:51:23"}
{"level":"error","message":"Authentication error: jwt expired","service":"visual-whiteboard-api","timestamp":"2026-05-23 03:29:02"}
{"level":"error","message":"Authentication error: jwt expired","service":"visual-whiteboard-api","timestamp":"2026-05-23 03:29:02"}
{"level":"error","message":"Authentication error: jwt expired","service":"visual-whiteboard-api","timestamp":"2026-05-23 03:29:07"}
{"level":"error","message":"Authentication error: jwt expired","service":"visual-whiteboard-api","timestamp":"2026-05-23 03:29:07"}
{"code":"ECONNREFUSED","level":"error","message":"Redis Client Error","service":"visual-whiteboard-api","stack":"AggregateError [ECONNREFUSED]: \n    at internalConnectMultiple (node:net:1142:49)\n    at afterConnectMultiple (node:net:1723:7)","timestamp":"2026-05-26 16:02:09"}
{"code":"ECONNREFUSED","level":"error","message":"Redis Client Error","service":"visual-whiteboard-api","stack":"AggregateError [ECONNREFUSED]: \n    at internalConnectMultiple (node:net:1142:49)\n    at afterConnectMultiple (node:net:1723:7)","timestamp":"2026-05-26 16:02:09"}
{"code":"ECONNREFUSED","level":"error","message":"Redis Client Error","service":"visual-whiteboard-api","stack":"AggregateError [ECONNREFUSED]: \n    at internalConnectMultiple (node:net:1142:49)\n    at afterConnectMultiple (node:net:1723:7)","timestamp":"2026-05-26 16:02:09"}
{"code":"ECONNREFUSED","level":"error","message":"Redis Client Error","service":"visual-whiteboard-api","stack":"AggregateError [ECONNREFUSED]: \n    at internalConnectMultiple (node:net:1142:49)\n    at afterConnectMultiple (node:net:1723:7)","timestamp":"2026-05-26 16:02:09"}
{"code":"ECONNREFUSED","level":"error","message":"Redis Client Error","service":"visual-whiteboard-api","stack":"AggregateError [ECONNREFUSED]: \n    at internalConnectMultiple (node:net:1142:49)\n    at afterConnectMultiple (node:net:1723:7)","timestamp":"2026-05-26 16:02:10"}
{"code":"ECONNREFUSED","level":"error","message":"Redis Client Error","service":"visual-whiteboard-api","stack":"AggregateError [ECONNREFUSED]: \n    at internalConnectMultiple (node:net:1142:49)\n    at afterConnectMultiple (node:net:1723:7)","timestamp":"2026-05-26 16:02:11"}
{"code":"ECONNREFUSED","level":"error","message":"Redis Client Error","service":"visual-whiteboard-api","stack":"AggregateError [ECONNREFUSED]: \n    at internalConnectMultiple (node:net:1142:49)\n    at afterConnectMultiple (node:net:1723:7)","timestamp":"2026-05-26 16:02:13"}
{"level":"error","message":"Authentication error: jwt expired","service":"visual-whiteboard-api","timestamp":"2026-05-26 17:08:45"}
{"level":"error","message":"Authentication error: jwt expired","service":"visual-whiteboard-api","timestamp":"2026-05-26 17:08:45"}
{"level":"error","message":"Authentication error: jwt expired","service":"visual-whiteboard-api","timestamp":"2026-05-26 17:08:45"}
{"level":"error","message":"Authentication error: jwt expired","service":"visual-whiteboard-api","timestamp":"2026-05-26 17:08:45"}
{"level":"error","message":"Authentication error: jwt expired","service":"visual-whiteboard-api","timestamp":"2026-05-26 17:24:17"}
{"level":"error","message":"Authentication error: jwt expired","service":"visual-whiteboard-api","timestamp":"2026-05-26 17:24:17"}
{"level":"error","message":"Authentication error: jwt expired","service":"visual-whiteboard-api","timestamp":"2026-05-26 17:24:18"}
{"level":"error","message":"Authentication error: jwt expired","service":"visual-whiteboard-api","timestamp":"2026-05-26 17:24:18"}
{"level":"error","message":"Authentication error: jwt expired","service":"visual-whiteboard-api","timestamp":"2026-05-26 18:04:31"}
{"level":"error","message":"Authentication error: jwt expired","service":"visual-whiteboard-api","timestamp":"2026-05-26 18:04:31"}
{"level":"error","message":"Authentication error: jwt expired","service":"visual-whiteboard-api","timestamp":"2026-05-26 18:04:32"}
{"level":"error","message":"Authentication error: jwt expired","service":"visual-whiteboard-api","timestamp":"2026-05-26 18:04:32"}
{"level":"error","message":"Authentication error: jwt expired","service":"visual-whiteboard-api","timestamp":"2026-05-26 18:04:32"}
{"level":"error","message":"Authentication error: jwt expired","service":"visual-whiteboard-api","timestamp":"2026-05-26 18:04:32"}
{"level":"error","message":"Authentication error: invalid signature","service":"visual-whiteboard-api","timestamp":"2026-05-26 18:06:32"}
{"level":"error","message":"Authentication error: invalid signature","service":"visual-whiteboard-api","timestamp":"2026-05-26 18:06:32"}
{"level":"error","message":"Authentication error: invalid signature","service":"visual-whiteboard-api","timestamp":"2026-05-26 18:06:32"}
{"level":"error","message":"Authentication error: invalid signature","service":"visual-whiteboard-api","timestamp":"2026-05-26 18:06:32"}
{"level":"error","message":"Authentication error: jwt expired","service":"visual-whiteboard-api","timestamp":"2026-05-26 19:07:02"}
{"level":"error","message":"Authentication error: jwt expired","service":"visual-whiteboard-api","timestamp":"2026-05-26 19:07:05"}
{"level":"error","message":"Authentication error: jwt expired","service":"visual-whiteboard-api","timestamp":"2026-05-26 19:07:10"}
{"level":"error","message":"Authentication error: jwt expired","service":"visual-whiteboard-api","timestamp":"2026-05-26 19:07:22"}
{"level":"error","message":"Authentication error: jwt expired","service":"visual-whiteboard-api","timestamp":"2026-05-26 19:07:25"}
{"level":"error","message":"Authentication error: jwt expired","service":"visual-whiteboard-api","timestamp":"2026-05-26 19:07:28"}
{"level":"error","message":"Authentication error: jwt expired","service":"visual-whiteboard-api","timestamp":"2026-05-26 19:07:32"}
{"level":"error","message":"Authentication error: jwt expired","service":"visual-whiteboard-api","timestamp":"2026-05-26 19:07:36"}
{"level":"error","message":"Authentication error: jwt expired","service":"visual-whiteboard-api","timestamp":"2026-05-26 19:07:39"}
{"level":"error","message":"Authentication error: jwt expired","service":"visual-whiteboard-api","timestamp":"2026-05-26 19:07:43"}
{"level":"error","message":"Authentication error: jwt expired","service":"visual-whiteboard-api","timestamp":"2026-05-26 19:07:46"}
{"level":"error","message":"Authentication error: jwt expired","service":"visual-whiteboard-api","timestamp":"2026-05-26 19:07:51"}
{"level":"error","message":"Authentication error: jwt expired","service":"visual-whiteboard-api","timestamp":"2026-05-26 19:07:56"}
{"level":"error","message":"Authentication error: jwt expired","service":"visual-whiteboard-api","timestamp":"2026-05-26 19:08:04"}
{"level":"error","message":"Authentication error: jwt expired","service":"visual-whiteboard-api","timestamp":"2026-05-26 19:08:13"}
{"level":"error","message":"Authentication error: jwt expired","service":"visual-whiteboard-api","timestamp":"2026-05-26 19:08:20"}
{"level":"error","message":"Authentication error: jwt expired","service":"visual-whiteboard-api","timestamp":"2026-05-26 19:08:23"}
{"level":"error","message":"Authentication error: jwt expired","service":"visual-whiteboard-api","timestamp":"2026-05-26 19:08:26"}
{"level":"error","message":"Authentication error: jwt expired","service":"visual-whiteboard-api","timestamp":"2026-05-26 19:08:30"}
{"level":"error","message":"Authentication error: jwt expired","service":"visual-whiteboard-api","timestamp":"2026-05-26 19:08:35"}
{"level":"error","message":"Authentication error: jwt expired","service":"visual-whiteboard-api","timestamp":"2026-05-26 19:08:43"}
{"level":"error","message":"Authentication error: jwt expired","service":"visual-whiteboard-api","timestamp":"2026-05-26 19:10:25"}
{"level":"error","message":"Authentication error: jwt expired","service":"visual-whiteboard-api","timestamp":"2026-05-26 19:10:31"}
{"level":"error","message":"Authentication error: jwt expired","service":"visual-whiteboard-api","timestamp":"2026-05-26 19:10:37"}
{"level":"error","message":"Authentication error: jwt expired","service":"visual-whiteboard-api","timestamp":"2026-05-26 19:10:37"}
{"level":"error","message":"Authentication error: jwt expired","service":"visual-whiteboard-api","timestamp":"2026-05-26 19:10:37"}
{"level":"error","message":"Authentication error: jwt expired","service":"visual-whiteboard-api","timestamp":"2026-05-26 19:10:37"}
{"level":"error","message":"Authentication error: jwt expired","service":"visual-whiteboard-api","timestamp":"2026-05-26 19:10:39"}
{"level":"error","message":"Authentication error: jwt expired","service":"visual-whiteboard-api","timestamp":"2026-05-26 19:10:39"}
{"level":"error","message":"Authentication error: jwt expired","service":"visual-whiteboard-api","timestamp":"2026-05-26 19:10:39"}
{"level":"error","message":"Authentication error: jwt expired","service":"visual-whiteboard-api","timestamp":"2026-05-26 19:10:39"}
{"level":"error","message":"Authentication error: jwt expired","service":"visual-whiteboard-api","timestamp":"2026-05-26 19:27:57"}
{"level":"error","message":"Authentication error: jwt expired","service":"visual-whiteboard-api","timestamp":"2026-05-26 19:27:57"}
{"level":"error","message":"Authentication error: jwt expired","service":"visual-whiteboard-api","timestamp":"2026-05-26 19:27:57"}
{"level":"error","message":"Authentication error: jwt expired","service":"visual-whiteboard-api","timestamp":"2026-05-26 19:27:57"}
{"level":"error","message":"Authentication error: jwt expired","service":"visual-whiteboard-api","timestamp":"2026-05-26 19:45:01"}
{"level":"error","message":"Authentication error: jwt expired","service":"visual-whiteboard-api","timestamp":"2026-05-26 19:45:01"}
{"level":"error","message":"Authentication error: jwt expired","service":"visual-whiteboard-api","timestamp":"2026-05-26 19:45:01"}
{"level":"error","message":"Authentication error: jwt expired","service":"visual-whiteboard-api","timestamp":"2026-05-26 19:45:01"}
{"level":"error","message":"Kafka initialization failure: Connection error: ","service":"visual-whiteboard-api","timestamp":"2026-05-26 19:52:55"}
{"level":"error","message":"Redis Client Error Socket closed unexpectedly","service":"visual-whiteboard-api","stack":"Error: Socket closed unexpectedly\n    at Socket.<anonymous> (D:\\Dhanush\\javaScriptNode\\rove\\backend\\node_modules\\@redis\\client\\dist\\lib\\client\\socket.js:250:33)\n    at Object.onceWrapper (node:events:623:26)\n    at Socket.emit (node:events:508:28)\n    at TCP.<anonymous> (node:net:346:12)","timestamp":"2026-05-26 20:04:55"}
{"level":"error","message":"Redis Client Error Socket closed unexpectedly","service":"visual-whiteboard-api","stack":"Error: Socket closed unexpectedly\n    at Socket.<anonymous> (D:\\Dhanush\\javaScriptNode\\rove\\backend\\node_modules\\@redis\\client\\dist\\lib\\client\\socket.js:250:33)\n    at Object.onceWrapper (node:events:623:26)\n    at Socket.emit (node:events:508:28)\n    at TCP.<anonymous> (node:net:346:12)","timestamp":"2026-05-26 20:04:55"}
{"level":"error","message":"Redis Client Error Socket closed unexpectedly","service":"visual-whiteboard-api","stack":"Error: Socket closed unexpectedly\n    at Socket.<anonymous> (D:\\Dhanush\\javaScriptNode\\rove\\backend\\node_modules\\@redis\\client\\dist\\lib\\client\\socket.js:250:33)\n    at Object.onceWrapper (node:events:623:26)\n    at Socket.emit (node:events:508:28)\n    at TCP.<anonymous> (node:net:346:12)","timestamp":"2026-05-26 20:04:55"}
{"level":"error","message":"Redis Client Error Socket closed unexpectedly","service":"visual-whiteboard-api","stack":"Error: Socket closed unexpectedly\n    at Socket.<anonymous> (D:\\Dhanush\\javaScriptNode\\rove\\backend\\node_modules\\@redis\\client\\dist\\lib\\client\\socket.js:250:33)\n    at Object.onceWrapper (node:events:623:26)\n    at Socket.emit (node:events:508:28)\n    at TCP.<anonymous> (node:net:346:12)","timestamp":"2026-05-26 20:04:55"}
{"level":"error","message":"Redis Client Error Socket closed unexpectedly","service":"visual-whiteboard-api","stack":"Error: Socket closed unexpectedly\n    at Socket.<anonymous> (D:\\Dhanush\\javaScriptNode\\rove\\backend\\node_modules\\@redis\\client\\dist\\lib\\client\\socket.js:250:33)\n    at Object.onceWrapper (node:events:623:26)\n    at Socket.emit (node:events:508:28)\n    at TCP.<anonymous> (node:net:346:12)","timestamp":"2026-05-26 20:04:56"}
{"level":"error","message":"Redis Client Error Socket closed unexpectedly","service":"visual-whiteboard-api","stack":"Error: Socket closed unexpectedly\n    at Socket.<anonymous> (D:\\Dhanush\\javaScriptNode\\rove\\backend\\node_modules\\@redis\\client\\dist\\lib\\client\\socket.js:250:33)\n    at Object.onceWrapper (node:events:623:26)\n    at Socket.emit (node:events:508:28)\n    at TCP.<anonymous> (node:net:346:12)","timestamp":"2026-05-26 20:04:56"}
{"code":"ECONNRESET","errno":-4077,"level":"error","message":"Redis Client Error read ECONNRESET","service":"visual-whiteboard-api","stack":"Error: read ECONNRESET\n    at TCP.onStreamRead (node:internal/stream_base_commons:216:20)","syscall":"read","timestamp":"2026-05-26 20:07:10"}
{"code":"ECONNREFUSED","level":"error","message":"Redis Client Error","service":"visual-whiteboard-api","stack":"AggregateError [ECONNREFUSED]: \n    at internalConnectMultiple (node:net:1142:49)\n    at afterConnectMultiple (node:net:1723:7)","timestamp":"2026-05-26 20:07:12"}
{"code":"ECONNREFUSED","level":"error","message":"Redis Client Error","service":"visual-whiteboard-api","stack":"AggregateError [ECONNREFUSED]: \n    at internalConnectMultiple (node:net:1142:49)\n    at afterConnectMultiple (node:net:1723:7)","timestamp":"2026-05-26 20:07:14"}
{"code":"ECONNREFUSED","level":"error","message":"Redis Client Error","service":"visual-whiteboard-api","stack":"AggregateError [ECONNREFUSED]: \n    at internalConnectMultiple (node:net:1142:49)\n    at afterConnectMultiple (node:net:1723:7)","timestamp":"2026-05-26 20:07:16"}
{"code":"ECONNREFUSED","level":"error","message":"Redis Client Error","service":"visual-whiteboard-api","stack":"AggregateError [ECONNREFUSED]: \n    at internalConnectMultiple (node:net:1142:49)\n    at afterConnectMultiple (node:net:1723:7)","timestamp":"2026-05-26 20:07:18"}
{"code":"ECONNREFUSED","level":"error","message":"Redis Client Error","service":"visual-whiteboard-api","stack":"AggregateError [ECONNREFUSED]: \n    at internalConnectMultiple (node:net:1142:49)\n    at afterConnectMultiple (node:net:1723:7)","timestamp":"2026-05-26 20:07:20"}
{"code":"ECONNREFUSED","level":"error","message":"Redis Client Error","service":"visual-whiteboard-api","stack":"AggregateError [ECONNREFUSED]: \n    at internalConnectMultiple (node:net:1142:49)\n    at afterConnectMultiple (node:net:1723:7)","timestamp":"2026-05-26 20:07:22"}
{"code":"ECONNREFUSED","level":"error","message":"Redis Client Error","service":"visual-whiteboard-api","stack":"AggregateError [ECONNREFUSED]: \n    at internalConnectMultiple (node:net:1142:49)\n    at afterConnectMultiple (node:net:1723:7)","timestamp":"2026-05-26 20:07:24"}
{"code":"ECONNREFUSED","level":"error","message":"Redis Client Error","service":"visual-whiteboard-api","stack":"AggregateError [ECONNREFUSED]: \n    at internalConnectMultiple (node:net:1142:49)\n    at afterConnectMultiple (node:net:1723:7)","timestamp":"2026-05-26 20:07:27"}
{"code":"ECONNREFUSED","level":"error","message":"Redis Client Error","service":"visual-whiteboard-api","stack":"AggregateError [ECONNREFUSED]: \n    at internalConnectMultiple (node:net:1142:49)\n    at afterConnectMultiple (node:net:1723:7)","timestamp":"2026-05-26 20:07:29"}
{"code":"ECONNREFUSED","level":"error","message":"Redis Client Error","service":"visual-whiteboard-api","stack":"AggregateError [ECONNREFUSED]: \n    at internalConnectMultiple (node:net:1142:49)\n    at afterConnectMultiple (node:net:1723:7)","timestamp":"2026-05-26 20:07:31"}
{"code":"ECONNREFUSED","level":"error","message":"Redis Client Error","service":"visual-whiteboard-api","stack":"AggregateError [ECONNREFUSED]: \n    at internalConnectMultiple (node:net:1142:49)\n    at afterConnectMultiple (node:net:1723:7)","timestamp":"2026-05-26 20:07:33"}
{"code":"ECONNREFUSED","level":"error","message":"Redis Client Error","service":"visual-whiteboard-api","stack":"AggregateError [ECONNREFUSED]: \n    at internalConnectMultiple (node:net:1142:49)\n    at afterConnectMultiple (node:net:1723:7)","timestamp":"2026-05-26 20:07:35"}
{"code":"ECONNREFUSED","level":"error","message":"Redis Client Error","service":"visual-whiteboard-api","stack":"AggregateError [ECONNREFUSED]: \n    at internalConnectMultiple (node:net:1142:49)\n    at afterConnectMultiple (node:net:1723:7)","timestamp":"2026-05-26 20:07:37"}
{"code":"ECONNREFUSED","level":"error","message":"Redis Client Error","service":"visual-whiteboard-api","stack":"AggregateError [ECONNREFUSED]: \n    at internalConnectMultiple (node:net:1142:49)\n    at afterConnectMultiple (node:net:1723:7)","timestamp":"2026-05-26 20:07:39"}
{"code":"ECONNREFUSED","level":"error","message":"Redis Client Error","service":"visual-whiteboard-api","stack":"AggregateError [ECONNREFUSED]: \n    at internalConnectMultiple (node:net:1142:49)\n    at afterConnectMultiple (node:net:1723:7)","timestamp":"2026-05-26 20:07:41"}
{"code":"ECONNREFUSED","level":"error","message":"Redis Client Error","service":"visual-whiteboard-api","stack":"AggregateError [ECONNREFUSED]: \n    at internalConnectMultiple (node:net:1142:49)\n    at afterConnectMultiple (node:net:1723:7)","timestamp":"2026-05-26 20:07:44"}
{"code":"ECONNREFUSED","level":"error","message":"Redis Client Error","service":"visual-whiteboard-api","stack":"AggregateError [ECONNREFUSED]: \n    at internalConnectMultiple (node:net:1142:49)\n    at afterConnectMultiple (node:net:1723:7)","timestamp":"2026-05-26 20:07:46"}
{"code":"ECONNREFUSED","level":"error","message":"Redis Client Error","service":"visual-whiteboard-api","stack":"AggregateError [ECONNREFUSED]: \n    at internalConnectMultiple (node:net:1142:49)\n    at afterConnectMultiple (node:net:1723:7)","timestamp":"2026-05-26 20:07:48"}
{"code":"ECONNREFUSED","level":"error","message":"Redis Client Error","service":"visual-whiteboard-api","stack":"AggregateError [ECONNREFUSED]: \n    at internalConnectMultiple (node:net:1142:49)\n    at afterConnectMultiple (node:net:1723:7)","timestamp":"2026-05-26 20:07:50"}
{"code":"ECONNREFUSED","level":"error","message":"Redis Client Error","service":"visual-whiteboard-api","stack":"AggregateError [ECONNREFUSED]: \n    at internalConnectMultiple (node:net:1142:49)\n    at afterConnectMultiple (node:net:1723:7)","timestamp":"2026-05-26 20:07:52"}
{"code":"ECONNREFUSED","level":"error","message":"Redis Client Error","service":"visual-whiteboard-api","stack":"AggregateError [ECONNREFUSED]: \n    at internalConnectMultiple (node:net:1142:49)\n    at afterConnectMultiple (node:net:1723:7)","timestamp":"2026-05-26 20:07:54"}
{"code":"ECONNREFUSED","level":"error","message":"Redis Client Error","service":"visual-whiteboard-api","stack":"AggregateError [ECONNREFUSED]: \n    at internalConnectMultiple (node:net:1142:49)\n    at afterConnectMultiple (node:net:1723:7)","timestamp":"2026-05-26 20:07:56"}
{"code":"ECONNREFUSED","level":"error","message":"Redis Client Error","service":"visual-whiteboard-api","stack":"AggregateError [ECONNREFUSED]: \n    at internalConnectMultiple (node:net:1142:49)\n    at afterConnectMultiple (node:net:1723:7)","timestamp":"2026-05-26 20:07:58"}
{"code":"ECONNREFUSED","level":"error","message":"Redis Client Error","service":"visual-whiteboard-api","stack":"AggregateError [ECONNREFUSED]: \n    at internalConnectMultiple (node:net:1142:49)\n    at afterConnectMultiple (node:net:1723:7)","timestamp":"2026-05-26 20:08:00"}
{"code":"ECONNREFUSED","level":"error","message":"Redis Client Error","service":"visual-whiteboard-api","stack":"AggregateError [ECONNREFUSED]: \n    at internalConnectMultiple (node:net:1142:49)\n    at afterConnectMultiple (node:net:1723:7)","timestamp":"2026-05-26 20:08:03"}
{"code":"ECONNREFUSED","level":"error","message":"Redis Client Error","service":"visual-whiteboard-api","stack":"AggregateError [ECONNREFUSED]: \n    at internalConnectMultiple (node:net:1142:49)\n    at afterConnectMultiple (node:net:1723:7)","timestamp":"2026-05-26 20:08:05"}
{"code":"ECONNREFUSED","level":"error","message":"Redis Client Error","service":"visual-whiteboard-api","stack":"AggregateError [ECONNREFUSED]: \n    at internalConnectMultiple (node:net:1142:49)\n    at afterConnectMultiple (node:net:1723:7)","timestamp":"2026-05-26 20:08:07"}
{"code":"ECONNREFUSED","level":"error","message":"Redis Client Error","service":"visual-whiteboard-api","stack":"AggregateError [ECONNREFUSED]: \n    at internalConnectMultiple (node:net:1142:49)\n    at afterConnectMultiple (node:net:1723:7)","timestamp":"2026-05-26 20:08:09"}
{"code":"ECONNREFUSED","level":"error","message":"Redis Client Error","service":"visual-whiteboard-api","stack":"AggregateError [ECONNREFUSED]: \n    at internalConnectMultiple (node:net:1142:49)\n    at afterConnectMultiple (node:net:1723:7)","timestamp":"2026-05-26 20:08:11"}
{"code":"ECONNREFUSED","level":"error","message":"Redis Client Error","service":"visual-whiteboard-api","stack":"AggregateError [ECONNREFUSED]: \n    at internalConnectMultiple (node:net:1142:49)\n    at afterConnectMultiple (node:net:1723:7)","timestamp":"2026-05-26 20:08:13"}
{"code":"ECONNREFUSED","level":"error","message":"Redis Client Error","service":"visual-whiteboard-api","stack":"AggregateError [ECONNREFUSED]: \n    at internalConnectMultiple (node:net:1142:49)\n    at afterConnectMultiple (node:net:1723:7)","timestamp":"2026-05-26 20:08:15"}
{"code":"ECONNREFUSED","level":"error","message":"Redis Client Error","service":"visual-whiteboard-api","stack":"AggregateError [ECONNREFUSED]: \n    at internalConnectMultiple (node:net:1142:49)\n    at afterConnectMultiple (node:net:1723:7)","timestamp":"2026-05-26 20:08:17"}
{"code":"ECONNREFUSED","level":"error","message":"Redis Client Error","service":"visual-whiteboard-api","stack":"AggregateError [ECONNREFUSED]: \n    at internalConnectMultiple (node:net:1142:49)\n    at afterConnectMultiple (node:net:1723:7)","timestamp":"2026-05-26 20:08:19"}
{"code":"ECONNREFUSED","level":"error","message":"Redis Client Error","service":"visual-whiteboard-api","stack":"AggregateError [ECONNREFUSED]: \n    at internalConnectMultiple (node:net:1142:49)\n    at afterConnectMultiple (node:net:1723:7)","timestamp":"2026-05-26 20:08:21"}
{"level":"error","message":"Kafka initialization failure: This server does not host this topic-partition","service":"visual-whiteboard-api","timestamp":"2026-05-26 20:08:41"}
{"level":"error","message":"Authentication error: jwt expired","service":"visual-whiteboard-api","timestamp":"2026-05-26 20:10:47"}
{"level":"error","message":"Authentication error: jwt expired","service":"visual-whiteboard-api","timestamp":"2026-05-26 20:10:47"}
{"level":"error","message":"Authentication error: jwt expired","service":"visual-whiteboard-api","timestamp":"2026-05-26 20:10:47"}
{"level":"error","message":"Authentication error: jwt expired","service":"visual-whiteboard-api","timestamp":"2026-05-26 20:10:47"}
{"level":"error","message":"Authentication error: jwt expired","service":"visual-whiteboard-api","timestamp":"2026-05-26 20:14:01"}
{"level":"error","message":"Authentication error: jwt expired","service":"visual-whiteboard-api","timestamp":"2026-05-26 20:14:01"}
{"level":"error","message":"Authentication error: jwt expired","service":"visual-whiteboard-api","timestamp":"2026-05-26 20:14:01"}
{"level":"error","message":"Authentication error: jwt expired","service":"visual-whiteboard-api","timestamp":"2026-05-26 20:14:01"}
{"level":"error","message":"Error executing consumed Kafka event: CanvasCommand validation failed: objectId: Path `objectId` is required.","service":"visual-whiteboard-api","timestamp":"2026-05-26 20:14:28"}
{"level":"error","message":"Error executing consumed Kafka event: CanvasCommand validation failed: objectId: Path `objectId` is required.","service":"visual-whiteboard-api","timestamp":"2026-05-26 20:14:38"}
{"level":"error","message":"Error executing consumed Kafka event: CanvasCommand validation failed: objectId: Path `objectId` is required.","service":"visual-whiteboard-api","timestamp":"2026-05-26 20:14:51"}
{"level":"error","message":"Error executing consumed Kafka event: CanvasCommand validation failed: objectId: Path `objectId` is required.","service":"visual-whiteboard-api","timestamp":"2026-05-26 20:14:55"}
{"level":"error","message":"Error executing consumed Kafka event: CanvasCommand validation failed: objectId: Path `objectId` is required.","service":"visual-whiteboard-api","timestamp":"2026-05-26 20:15:14"}
{"level":"error","message":"Error executing consumed Kafka event: CanvasCommand validation failed: objectId: Path `objectId` is required.","service":"visual-whiteboard-api","timestamp":"2026-05-26 20:15:19"}
{"level":"error","message":"Error executing consumed Kafka event: CanvasCommand validation failed: objectId: Path `objectId` is required.","service":"visual-whiteboard-api","timestamp":"2026-05-26 20:21:10"}
{"level":"error","message":"Error executing consumed Kafka event: CanvasCommand validation failed: objectId: Path `objectId` is required.","service":"visual-whiteboard-api","timestamp":"2026-05-26 20:21:16"}
{"level":"error","message":"Error executing consumed Kafka event: CanvasCommand validation failed: objectId: Path `objectId` is required.","service":"visual-whiteboard-api","timestamp":"2026-05-26 20:21:21"}
{"level":"error","message":"Error executing consumed Kafka event: CanvasCommand validation failed: objectId: Path `objectId` is required.","service":"visual-whiteboard-api","timestamp":"2026-05-26 20:21:31"}
{"level":"error","message":"Error executing consumed Kafka event: CanvasCommand validation failed: objectId: Path `objectId` is required.","service":"visual-whiteboard-api","timestamp":"2026-05-26 20:21:35"}
{"level":"error","message":"Error executing consumed Kafka event: CanvasCommand validation failed: objectId: Path `objectId` is required.","service":"visual-whiteboard-api","timestamp":"2026-05-26 20:21:50"}
{"level":"error","message":"Error executing consumed Kafka event: CanvasCommand validation failed: objectId: Path `objectId` is required.","service":"visual-whiteboard-api","timestamp":"2026-05-26 20:21:54"}
{"level":"error","message":"Server startup failed: querySrv ECONNREFUSED _mongodb._tcp.cluster0.6smuwii.mongodb.net","service":"visual-whiteboard-api","timestamp":"2026-05-26 23:56:46"}
{"level":"error","message":"Server startup failed: querySrv ECONNREFUSED _mongodb._tcp.cluster0.6smuwii.mongodb.net","service":"visual-whiteboard-api","timestamp":"2026-05-27 00:30:43"}
{"level":"error","message":"Server startup failed: Could not connect to any servers in your MongoDB Atlas cluster. One common reason is that you're trying to access the database from an IP that isn't whitelisted. Make sure your current IP address is on your Atlas cluster's IP whitelist: https://www.mongodb.com/docs/atlas/security-whitelist/","service":"visual-whiteboard-api","timestamp":"2026-05-27 00:36:32"}
{"level":"error","message":"Server startup failed: Could not connect to any servers in your MongoDB Atlas cluster. One common reason is that you're trying to access the database from an IP that isn't whitelisted. Make sure your current IP address is on your Atlas cluster's IP whitelist: https://www.mongodb.com/docs/atlas/security-whitelist/","service":"visual-whiteboard-api","timestamp":"2026-05-27 00:40:48"}
{"level":"error","message":"Server startup failed: Could not connect to any servers in your MongoDB Atlas cluster. One common reason is that you're trying to access the database from an IP that isn't whitelisted. Make sure your current IP address is on your Atlas cluster's IP whitelist: https://www.mongodb.com/docs/atlas/security-whitelist/","service":"visual-whiteboard-api","timestamp":"2026-05-27 00:50:22"}
{"level":"error","message":"Server startup failed: querySrv ECONNREFUSED _mongodb._tcp.cluster0.6smuwii.mongodb.net","service":"visual-whiteboard-api","timestamp":"2026-05-27 00:59:24"}
{"level":"error","message":"Server startup failed: querySrv ECONNREFUSED _mongodb._tcp.cluster0.6smuwii.mongodb.net","service":"visual-whiteboard-api","timestamp":"2026-05-27 00:59:41"}
{"level":"error","message":"Server startup failed: Could not connect to any servers in your MongoDB Atlas cluster. One common reason is that you're trying to access the database from an IP that isn't whitelisted. Make sure your current IP address is on your Atlas cluster's IP whitelist: https://www.mongodb.com/docs/atlas/security-whitelist/","service":"visual-whiteboard-api","timestamp":"2026-05-27 01:01:13"}
{"level":"error","message":"Server startup failed: Could not connect to any servers in your MongoDB Atlas cluster. One common reason is that you're trying to access the database from an IP that isn't whitelisted. Make sure your current IP address is on your Atlas cluster's IP whitelist: https://www.mongodb.com/docs/atlas/security-whitelist/","service":"visual-whiteboard-api","timestamp":"2026-05-27 01:11:32"}
{"level":"error","message":"Server startup failed: Could not connect to any servers in your MongoDB Atlas cluster. One common reason is that you're trying to access the database from an IP that isn't whitelisted. Make sure your current IP address is on your Atlas cluster's IP whitelist: https://www.mongodb.com/docs/atlas/security-whitelist/","service":"visual-whiteboard-api","timestamp":"2026-05-28 03:47:21"}
{"level":"error","message":"Server startup failed: querySrv ECONNREFUSED _mongodb._tcp.cluster0.6smuwii.mongodb.net","service":"visual-whiteboard-api","timestamp":"2026-05-28 03:48:37"}
{"level":"error","message":"Server startup failed: querySrv ECONNREFUSED _mongodb._tcp.cluster0.6smuwii.mongodb.net","service":"visual-whiteboard-api","timestamp":"2026-05-28 03:49:00"}
{"level":"error","message":"Error executing consumed Kafka event: CanvasCommand validation failed: objectId: Path `objectId` is required.","service":"visual-whiteboard-api","timestamp":"2026-05-28 03:53:25"}
{"level":"error","message":"Error executing consumed Kafka event: CanvasCommand validation failed: objectId: Path `objectId` is required.","service":"visual-whiteboard-api","timestamp":"2026-05-28 03:53:28"}
{"level":"error","message":"Error executing consumed Kafka event: CanvasCommand validation failed: objectId: Path `objectId` is required.","service":"visual-whiteboard-api","timestamp":"2026-05-28 03:53:31"}
{"level":"error","message":"Error executing consumed Kafka event: CanvasCommand validation failed: objectId: Path `objectId` is required.","service":"visual-whiteboard-api","timestamp":"2026-05-28 03:53:31"}
{"level":"error","message":"Error executing consumed Kafka event: CanvasCommand validation failed: objectId: Path `objectId` is required.","service":"visual-whiteboard-api","timestamp":"2026-05-28 03:53:33"}
{"level":"error","message":"Error executing consumed Kafka event: CanvasCommand validation failed: objectId: Path `objectId` is required.","service":"visual-whiteboard-api","timestamp":"2026-05-28 03:53:35"}
{"level":"error","message":"Error executing consumed Kafka event: CanvasCommand validation failed: objectId: Path `objectId` is required.","service":"visual-whiteboard-api","timestamp":"2026-05-28 03:53:41"}
{"level":"error","message":"Error executing consumed Kafka event: CanvasCommand validation failed: objectId: Path `objectId` is required.","service":"visual-whiteboard-api","timestamp":"2026-05-28 03:53:45"}
{"level":"error","message":"Error executing consumed Kafka event: CanvasCommand validation failed: objectId: Path `objectId` is required.","service":"visual-whiteboard-api","timestamp":"2026-05-28 03:53:45"}
{"level":"error","message":"Error executing consumed Kafka event: CanvasCommand validation failed: objectId: Path `objectId` is required.","service":"visual-whiteboard-api","timestamp":"2026-05-28 03:53:49"}
{"level":"error","message":"Error executing consumed Kafka event: CanvasCommand validation failed: objectId: Path `objectId` is required.","service":"visual-whiteboard-api","timestamp":"2026-05-28 03:53:51"}
{"level":"error","message":"Error executing consumed Kafka event: CanvasCommand validation failed: objectId: Path `objectId` is required.","service":"visual-whiteboard-api","timestamp":"2026-05-28 03:54:31"}
{"level":"error","message":"Error executing consumed Kafka event: CanvasCommand validation failed: objectId: Path `objectId` is required.","service":"visual-whiteboard-api","timestamp":"2026-05-28 03:54:33"}
{"level":"error","message":"Error executing consumed Kafka event: CanvasCommand validation failed: objectId: Path `objectId` is required.","service":"visual-whiteboard-api","timestamp":"2026-05-28 03:54:50"}
{"level":"error","message":"Error executing consumed Kafka event: CanvasCommand validation failed: objectId: Path `objectId` is required.","service":"visual-whiteboard-api","timestamp":"2026-05-28 03:55:26"}
{"level":"error","message":"Error executing consumed Kafka event: CanvasCommand validation failed: objectId: Path `objectId` is required.","service":"visual-whiteboard-api","timestamp":"2026-05-28 03:55:46"}
{"level":"error","message":"Server startup failed: Could not connect to any servers in your MongoDB Atlas cluster. One common reason is that you're trying to access the database from an IP that isn't whitelisted. Make sure your current IP address is on your Atlas cluster's IP whitelist: https://www.mongodb.com/docs/atlas/security-whitelist/","service":"visual-whiteboard-api","timestamp":"2026-05-28 04:15:58"}
